2025-12-19 08:02:16 GMT [1]: [3-1] user=,db=,app=,client= LOG:  starting PostgreSQL 15.15 (Debian 15.15-1.pgdg13+1) on x86_64-pc-linux-gnu, compiled by gcc (Debian 14.2.0-19) 14.2.0, 64-bit
2025-12-19 08:02:16 GMT [1]: [4-1] user=,db=,app=,client= LOG:  listening on IPv4 address "0.0.0.0", port 5432
2025-12-19 08:02:16 GMT [1]: [5-1] user=,db=,app=,client= LOG:  listening on IPv6 address "::", port 5432
2025-12-19 08:02:16 GMT [1]: [6-1] user=,db=,app=,client= LOG:  listening on Unix socket "/var/run/postgresql/.s.PGSQL.5432"
2025-12-19 08:02:16 GMT [30]: [1-1] user=,db=,app=,client= LOG:  database system was interrupted; last known up at 2025-12-19 08:01:41 GMT
2025-12-19 08:02:17 GMT [31]: [1-1] user=[unknown],db=[unknown],app=[unknown],client=172.18.0.2 LOG:  connection received: host=172.18.0.2 port=38184
2025-12-19 08:02:17 GMT [31]: [2-1] user=app_user,db=databasesecret,app=[unknown],client=172.18.0.2 FATAL:  the database system is starting up
2025-12-19 08:02:17 GMT [32]: [1-1] user=[unknown],db=[unknown],app=[unknown],client=172.18.0.4 LOG:  connection received: host=172.18.0.4 port=51836
2025-12-19 08:02:17 GMT [32]: [2-1] user=app_user,db=databasesecret,app=[unknown],client=172.18.0.4 FATAL:  the database system is starting up
2025-12-19 08:02:17 GMT [33]: [1-1] user=[unknown],db=[unknown],app=[unknown],client=172.18.0.3 LOG:  connection received: host=172.18.0.3 port=59622
2025-12-19 08:02:17 GMT [34]: [1-1] user=[unknown],db=[unknown],app=[unknown],client=172.18.0.5 LOG:  connection received: host=172.18.0.5 port=48276
2025-12-19 08:02:17 GMT [34]: [2-1] user=app_user,db=databasesecret,app=[unknown],client=172.18.0.5 FATAL:  the database system is starting up
2025-12-19 08:02:17 GMT [33]: [2-1] user=app_user,db=databasesecret,app=[unknown],client=172.18.0.3 FATAL:  the database system is starting up
2025-12-19 08:02:17 GMT [30]: [2-1] user=,db=,app=,client= LOG:  database system was not properly shut down; automatic recovery in progress
2025-12-19 08:02:17 GMT [30]: [3-1] user=,db=,app=,client= LOG:  invalid record length at 0/19F4528: wanted 24, got 0
2025-12-19 08:02:17 GMT [30]: [4-1] user=,db=,app=,client= LOG:  redo is not required
2025-12-19 08:02:17 GMT [28]: [1-1] user=,db=,app=,client= LOG:  checkpoint starting: end-of-recovery immediate wait
2025-12-19 08:02:17 GMT [28]: [2-1] user=,db=,app=,client= LOG:  checkpoint complete: wrote 3 buffers (0.0%); 0 WAL file(s) added, 0 removed, 0 recycled; write=0.007 s, sync=0.002 s, total=0.022 s; sync files=2, longest=0.001 s, average=0.001 s; distance=0 kB, estimate=0 kB
2025-12-19 08:02:17 GMT [1]: [7-1] user=,db=,app=,client= LOG:  database system is ready to accept connections
2025-12-19 08:02:18 GMT [38]: [1-1] user=[unknown],db=[unknown],app=[unknown],client=172.18.0.2 LOG:  connection received: host=172.18.0.2 port=38188
2025-12-19 08:02:18 GMT [38]: [2-1] user=app_user,db=databasesecret,app=[unknown],client=172.18.0.2 LOG:  connection authenticated: identity="app_user" method=scram-sha-256 (/var/lib/postgresql/data/pg_hba.conf:100)
2025-12-19 08:02:18 GMT [38]: [3-1] user=app_user,db=databasesecret,app=[unknown],client=172.18.0.2 LOG:  connection authorized: user=app_user database=databasesecret
2025-12-19 08:02:18 GMT [39]: [1-1] user=[unknown],db=[unknown],app=[unknown],client=172.18.0.4 LOG:  connection received: host=172.18.0.4 port=51840
2025-12-19 08:02:18 GMT [39]: [2-1] user=app_user,db=databasesecret,app=[unknown],client=172.18.0.4 LOG:  connection authenticated: identity="app_user" method=scram-sha-256 (/var/lib/postgresql/data/pg_hba.conf:100)
2025-12-19 08:02:18 GMT [39]: [3-1] user=app_user,db=databasesecret,app=[unknown],client=172.18.0.4 LOG:  connection authorized: user=app_user database=databasesecret
2025-12-19 08:02:18 GMT [40]: [1-1] user=[unknown],db=[unknown],app=[unknown],client=172.18.0.5 LOG:  connection received: host=172.18.0.5 port=48286
2025-12-19 08:02:18 GMT [41]: [1-1] user=[unknown],db=[unknown],app=[unknown],client=172.18.0.3 LOG:  connection received: host=172.18.0.3 port=59628
2025-12-19 08:02:18 GMT [41]: [2-1] user=app_user,db=databasesecret,app=[unknown],client=172.18.0.3 LOG:  connection authenticated: identity="app_user" method=scram-sha-256 (/var/lib/postgresql/data/pg_hba.conf:100)
2025-12-19 08:02:18 GMT [41]: [3-1] user=app_user,db=databasesecret,app=[unknown],client=172.18.0.3 LOG:  connection authorized: user=app_user database=databasesecret
2025-12-19 08:02:18 GMT [40]: [2-1] user=app_user,db=databasesecret,app=[unknown],client=172.18.0.5 LOG:  connection authenticated: identity="app_user" method=scram-sha-256 (/var/lib/postgresql/data/pg_hba.conf:100)
2025-12-19 08:02:18 GMT [40]: [3-1] user=app_user,db=databasesecret,app=[unknown],client=172.18.0.5 LOG:  connection authorized: user=app_user database=databasesecret
2025-12-19 08:02:20 GMT [49]: [1-1] user=[unknown],db=[unknown],app=[unknown],client=[local] LOG:  connection received: host=[local]
2025-12-19 08:02:20 GMT [49]: [2-1] user=Secret,db=databasesecret,app=[unknown],client=[local] LOG:  connection authorized: user=Secret database=databasesecret application_name=pg_isready
2025-12-19 08:02:20 GMT [49]: [3-1] user=Secret,db=databasesecret,app=pg_isready,client=[local] LOG:  disconnection: session time: 0:00:00.005 user=Secret database=databasesecret host=[local]
2025-12-19 08:02:31 GMT [57]: [1-1] user=[unknown],db=[unknown],app=[unknown],client=[local] LOG:  connection received: host=[local]
2025-12-19 08:02:31 GMT [57]: [2-1] user=Secret,db=databasesecret,app=[unknown],client=[local] LOG:  connection authorized: user=Secret database=databasesecret application_name=pg_isready
2025-12-19 08:02:31 GMT [57]: [3-1] user=Secret,db=databasesecret,app=pg_isready,client=[local] LOG:  disconnection: session time: 0:00:00.003 user=Secret database=databasesecret host=[local]
2025-12-19 08:02:41 GMT [64]: [1-1] user=[unknown],db=[unknown],app=[unknown],client=[local] LOG:  connection received: host=[local]
2025-12-19 08:02:41 GMT [64]: [2-1] user=Secret,db=databasesecret,app=[unknown],client=[local] LOG:  connection authorized: user=Secret database=databasesecret application_name=pg_isready
2025-12-19 08:02:41 GMT [64]: [3-1] user=Secret,db=databasesecret,app=pg_isready,client=[local] LOG:  disconnection: session time: 0:00:00.003 user=Secret database=databasesecret host=[local]
2025-12-19 08:02:51 GMT [72]: [1-1] user=[unknown],db=[unknown],app=[unknown],client=[local] LOG:  connection received: host=[local]
2025-12-19 08:02:51 GMT [72]: [2-1] user=Secret,db=databasesecret,app=[unknown],client=[local] LOG:  connection authorized: user=Secret database=databasesecret application_name=pg_isready
2025-12-19 08:02:51 GMT [72]: [3-1] user=Secret,db=databasesecret,app=pg_isready,client=[local] LOG:  disconnection: session time: 0:00:00.002 user=Secret database=databasesecret host=[local]
2025-12-19 08:03:02 GMT [81]: [1-1] user=[unknown],db=[unknown],app=[unknown],client=[local] LOG:  connection received: host=[local]
2025-12-19 08:03:02 GMT [81]: [2-1] user=Secret,db=databasesecret,app=[unknown],client=[local] LOG:  connection authorized: user=Secret database=databasesecret application_name=pg_isready
2025-12-19 08:03:02 GMT [81]: [3-1] user=Secret,db=databasesecret,app=pg_isready,client=[local] LOG:  disconnection: session time: 0:00:00.003 user=Secret database=databasesecret host=[local]
2025-12-19 08:03:13 GMT [89]: [1-1] user=[unknown],db=[unknown],app=[unknown],client=[local] LOG:  connection received: host=[local]
2025-12-19 08:03:13 GMT [89]: [2-1] user=Secret,db=databasesecret,app=[unknown],client=[local] LOG:  connection authorized: user=Secret database=databasesecret application_name=pg_isready
2025-12-19 08:03:13 GMT [89]: [3-1] user=Secret,db=databasesecret,app=pg_isready,client=[local] LOG:  disconnection: session time: 0:00:00.004 user=Secret database=databasesecret host=[local]
2025-12-19 08:03:23 GMT [99]: [1-1] user=[unknown],db=[unknown],app=[unknown],client=[local] LOG:  connection received: host=[local]
2025-12-19 08:03:23 GMT [99]: [2-1] user=Secret,db=databasesecret,app=[unknown],client=[local] LOG:  connection authorized: user=Secret database=databasesecret application_name=pg_isready
2025-12-19 08:03:23 GMT [99]: [3-1] user=Secret,db=databasesecret,app=pg_isready,client=[local] LOG:  disconnection: session time: 0:00:00.002 user=Secret database=databasesecret host=[local]
2025-12-19 08:03:33 GMT [107]: [1-1] user=[unknown],db=[unknown],app=[unknown],client=[local] LOG:  connection received: host=[local]
2025-12-19 08:03:33 GMT [107]: [2-1] user=Secret,db=databasesecret,app=[unknown],client=[local] LOG:  connection authorized: user=Secret database=databasesecret application_name=pg_isready
2025-12-19 08:03:33 GMT [107]: [3-1] user=Secret,db=databasesecret,app=pg_isready,client=[local] LOG:  disconnection: session time: 0:00:00.001 user=Secret database=databasesecret host=[local]
2025-12-19 08:03:44 GMT [115]: [1-1] user=[unknown],db=[unknown],app=[unknown],client=[local] LOG:  connection received: host=[local]
2025-12-19 08:03:44 GMT [115]: [2-1] user=Secret,db=databasesecret,app=[unknown],client=[local] LOG:  connection authorized: user=Secret database=databasesecret application_name=pg_isready
2025-12-19 08:03:44 GMT [115]: [3-1] user=Secret,db=databasesecret,app=pg_isready,client=[local] LOG:  disconnection: session time: 0:00:00.002 user=Secret database=databasesecret host=[local]
2025-12-19 08:03:54 GMT [123]: [1-1] user=[unknown],db=[unknown],app=[unknown],client=[local] LOG:  connection received: host=[local]
2025-12-19 08:03:54 GMT [123]: [2-1] user=Secret,db=databasesecret,app=[unknown],client=[local] LOG:  connection authorized: user=Secret database=databasesecret application_name=pg_isready
2025-12-19 08:03:54 GMT [123]: [3-1] user=Secret,db=databasesecret,app=pg_isready,client=[local] LOG:  disconnection: session time: 0:00:00.003 user=Secret database=databasesecret host=[local]
2025-12-19 08:04:04 GMT [131]: [1-1] user=[unknown],db=[unknown],app=[unknown],client=[local] LOG:  connection received: host=[local]
2025-12-19 08:04:04 GMT [131]: [2-1] user=Secret,db=databasesecret,app=[unknown],client=[local] LOG:  connection authorized: user=Secret database=databasesecret application_name=pg_isready
2025-12-19 08:04:04 GMT [131]: [3-1] user=Secret,db=databasesecret,app=pg_isready,client=[local] LOG:  disconnection: session time: 0:00:00.002 user=Secret database=databasesecret host=[local]
2025-12-19 08:04:15 GMT [139]: [1-1] user=[unknown],db=[unknown],app=[unknown],client=[local] LOG:  connection received: host=[local]
2025-12-19 08:04:15 GMT [139]: [2-1] user=Secret,db=databasesecret,app=[unknown],client=[local] LOG:  connection authorized: user=Secret database=databasesecret application_name=pg_isready
2025-12-19 08:04:15 GMT [139]: [3-1] user=Secret,db=databasesecret,app=pg_isready,client=[local] LOG:  disconnection: session time: 0:00:00.001 user=Secret database=databasesecret host=[local]
2025-12-19 08:04:25 GMT [148]: [1-1] user=[unknown],db=[unknown],app=[unknown],client=[local] LOG:  connection received: host=[local]
2025-12-19 08:04:25 GMT [148]: [2-1] user=Secret,db=databasesecret,app=[unknown],client=[local] LOG:  connection authorized: user=Secret database=databasesecret application_name=pg_isready
2025-12-19 08:04:25 GMT [148]: [3-1] user=Secret,db=databasesecret,app=pg_isready,client=[local] LOG:  disconnection: session time: 0:00:00.002 user=Secret database=databasesecret host=[local]
2025-12-19 08:04:35 GMT [156]: [1-1] user=[unknown],db=[unknown],app=[unknown],client=[local] LOG:  connection received: host=[local]
2025-12-19 08:04:35 GMT [156]: [2-1] user=Secret,db=databasesecret,app=[unknown],client=[local] LOG:  connection authorized: user=Secret database=databasesecret application_name=pg_isready
2025-12-19 08:04:35 GMT [156]: [3-1] user=Secret,db=databasesecret,app=pg_isready,client=[local] LOG:  disconnection: session time: 0:00:00.001 user=Secret database=databasesecret host=[local]
2025-12-19 08:04:46 GMT [164]: [1-1] user=[unknown],db=[unknown],app=[unknown],client=[local] LOG:  connection received: host=[local]
2025-12-19 08:04:46 GMT [164]: [2-1] user=Secret,db=databasesecret,app=[unknown],client=[local] LOG:  connection authorized: user=Secret database=databasesecret application_name=pg_isready
2025-12-19 08:04:46 GMT [164]: [3-1] user=Secret,db=databasesecret,app=pg_isready,client=[local] LOG:  disconnection: session time: 0:00:00.004 user=Secret database=databasesecret host=[local]
2025-12-19 08:04:57 GMT [172]: [1-1] user=[unknown],db=[unknown],app=[unknown],client=[local] LOG:  connection received: host=[local]
2025-12-19 08:04:57 GMT [172]: [2-1] user=Secret,db=databasesecret,app=[unknown],client=[local] LOG:  connection authorized: user=Secret database=databasesecret application_name=pg_isready
2025-12-19 08:04:57 GMT [172]: [3-1] user=Secret,db=databasesecret,app=pg_isready,client=[local] LOG:  disconnection: session time: 0:00:00.002 user=Secret database=databasesecret host=[local]
2025-12-19 08:05:07 GMT [180]: [1-1] user=[unknown],db=[unknown],app=[unknown],client=[local] LOG:  connection received: host=[local]
2025-12-19 08:05:07 GMT [180]: [2-1] user=Secret,db=databasesecret,app=[unknown],client=[local] LOG:  connection authorized: user=Secret database=databasesecret application_name=pg_isready
2025-12-19 08:05:07 GMT [180]: [3-1] user=Secret,db=databasesecret,app=pg_isready,client=[local] LOG:  disconnection: session time: 0:00:00.003 user=Secret database=databasesecret host=[local]
2025-12-19 08:05:18 GMT [188]: [1-1] user=[unknown],db=[unknown],app=[unknown],client=[local] LOG:  connection received: host=[local]
2025-12-19 08:05:18 GMT [188]: [2-1] user=Secret,db=databasesecret,app=[unknown],client=[local] LOG:  connection authorized: user=Secret database=databasesecret application_name=pg_isready
2025-12-19 08:05:18 GMT [188]: [3-1] user=Secret,db=databasesecret,app=pg_isready,client=[local] LOG:  disconnection: session time: 0:00:00.001 user=Secret database=databasesecret host=[local]
2025-12-19 08:05:28 GMT [197]: [1-1] user=[unknown],db=[unknown],app=[unknown],client=[local] LOG:  connection received: host=[local]
2025-12-19 08:05:28 GMT [197]: [2-1] user=Secret,db=databasesecret,app=[unknown],client=[local] LOG:  connection authorized: user=Secret database=databasesecret application_name=pg_isready
2025-12-19 08:05:28 GMT [197]: [3-1] user=Secret,db=databasesecret,app=pg_isready,client=[local] LOG:  disconnection: session time: 0:00:00.003 user=Secret database=databasesecret host=[local]
2025-12-19 08:05:38 GMT [205]: [1-1] user=[unknown],db=[unknown],app=[unknown],client=[local] LOG:  connection received: host=[local]
2025-12-19 08:05:38 GMT [205]: [2-1] user=Secret,db=databasesecret,app=[unknown],client=[local] LOG:  connection authorized: user=Secret database=databasesecret application_name=pg_isready
2025-12-19 08:05:38 GMT [205]: [3-1] user=Secret,db=databasesecret,app=pg_isready,client=[local] LOG:  disconnection: session time: 0:00:00.001 user=Secret database=databasesecret host=[local]
2025-12-19 08:05:49 GMT [213]: [1-1] user=[unknown],db=[unknown],app=[unknown],client=[local] LOG:  connection received: host=[local]
2025-12-19 08:05:49 GMT [213]: [2-1] user=Secret,db=databasesecret,app=[unknown],client=[local] LOG:  connection authorized: user=Secret database=databasesecret application_name=pg_isready
2025-12-19 08:05:49 GMT [213]: [3-1] user=Secret,db=databasesecret,app=pg_isready,client=[local] LOG:  disconnection: session time: 0:00:00.002 user=Secret database=databasesecret host=[local]
2025-12-19 08:05:59 GMT [221]: [1-1] user=[unknown],db=[unknown],app=[unknown],client=[local] LOG:  connection received: host=[local]
2025-12-19 08:05:59 GMT [221]: [2-1] user=Secret,db=databasesecret,app=[unknown],client=[local] LOG:  connection authorized: user=Secret database=databasesecret application_name=pg_isready
2025-12-19 08:05:59 GMT [221]: [3-1] user=Secret,db=databasesecret,app=pg_isready,client=[local] LOG:  disconnection: session time: 0:00:00.002 user=Secret database=databasesecret host=[local]
2025-12-19 08:06:09 GMT [229]: [1-1] user=[unknown],db=[unknown],app=[unknown],client=[local] LOG:  connection received: host=[local]
2025-12-19 08:06:09 GMT [229]: [2-1] user=Secret,db=databasesecret,app=[unknown],client=[local] LOG:  connection authorized: user=Secret database=databasesecret application_name=pg_isready
2025-12-19 08:06:09 GMT [229]: [3-1] user=Secret,db=databasesecret,app=pg_isready,client=[local] LOG:  disconnection: session time: 0:00:00.004 user=Secret database=databasesecret host=[local]
2025-12-19 08:06:20 GMT [237]: [1-1] user=[unknown],db=[unknown],app=[unknown],client=[local] LOG:  connection received: host=[local]
2025-12-19 08:06:20 GMT [237]: [2-1] user=Secret,db=databasesecret,app=[unknown],client=[local] LOG:  connection authorized: user=Secret database=databasesecret application_name=pg_isready
2025-12-19 08:06:20 GMT [237]: [3-1] user=Secret,db=databasesecret,app=pg_isready,client=[local] LOG:  disconnection: session time: 0:00:00.004 user=Secret database=databasesecret host=[local]
2025-12-19 08:06:30 GMT [246]: [1-1] user=[unknown],db=[unknown],app=[unknown],client=[local] LOG:  connection received: host=[local]
2025-12-19 08:06:30 GMT [246]: [2-1] user=Secret,db=databasesecret,app=[unknown],client=[local] LOG:  connection authorized: user=Secret database=databasesecret application_name=pg_isready
2025-12-19 08:06:30 GMT [246]: [3-1] user=Secret,db=databasesecret,app=pg_isready,client=[local] LOG:  disconnection: session time: 0:00:00.002 user=Secret database=databasesecret host=[local]
2025-12-19 08:06:41 GMT [254]: [1-1] user=[unknown],db=[unknown],app=[unknown],client=[local] LOG:  connection received: host=[local]
2025-12-19 08:06:41 GMT [254]: [2-1] user=Secret,db=databasesecret,app=[unknown],client=[local] LOG:  connection authorized: user=Secret database=databasesecret application_name=pg_isready
2025-12-19 08:06:41 GMT [254]: [3-1] user=Secret,db=databasesecret,app=pg_isready,client=[local] LOG:  disconnection: session time: 0:00:00.002 user=Secret database=databasesecret host=[local]
2025-12-19 08:06:52 GMT [262]: [1-1] user=[unknown],db=[unknown],app=[unknown],client=[local] LOG:  connection received: host=[local]
2025-12-19 08:06:52 GMT [262]: [2-1] user=Secret,db=databasesecret,app=[unknown],client=[local] LOG:  connection authorized: user=Secret database=databasesecret application_name=pg_isready
2025-12-19 08:06:52 GMT [262]: [3-1] user=Secret,db=databasesecret,app=pg_isready,client=[local] LOG:  disconnection: session time: 0:00:00.005 user=Secret database=databasesecret host=[local]
2025-12-19 08:07:02 GMT [270]: [1-1] user=[unknown],db=[unknown],app=[unknown],client=[local] LOG:  connection received: host=[local]
2025-12-19 08:07:02 GMT [270]: [2-1] user=Secret,db=databasesecret,app=[unknown],client=[local] LOG:  connection authorized: user=Secret database=databasesecret application_name=pg_isready
2025-12-19 08:07:02 GMT [270]: [3-1] user=Secret,db=databasesecret,app=pg_isready,client=[local] LOG:  disconnection: session time: 0:00:00.003 user=Secret database=databasesecret host=[local]
2025-12-19 08:07:12 GMT [278]: [1-1] user=[unknown],db=[unknown],app=[unknown],client=[local] LOG:  connection received: host=[local]
2025-12-19 08:07:12 GMT [278]: [2-1] user=Secret,db=databasesecret,app=[unknown],client=[local] LOG:  connection authorized: user=Secret database=databasesecret application_name=pg_isready
2025-12-19 08:07:12 GMT [278]: [3-1] user=Secret,db=databasesecret,app=pg_isready,client=[local] LOG:  disconnection: session time: 0:00:00.003 user=Secret database=databasesecret host=[local]
2025-12-19 08:07:23 GMT [286]: [1-1] user=[unknown],db=[unknown],app=[unknown],client=[local] LOG:  connection received: host=[local]
2025-12-19 08:07:23 GMT [286]: [2-1] user=Secret,db=databasesecret,app=[unknown],client=[local] LOG:  connection authorized: user=Secret database=databasesecret application_name=pg_isready
2025-12-19 08:07:23 GMT [286]: [3-1] user=Secret,db=databasesecret,app=pg_isready,client=[local] LOG:  disconnection: session time: 0:00:00.001 user=Secret database=databasesecret host=[local]
2025-12-19 08:07:26 GMT [39]: [4-1] user=app_user,db=databasesecret,app=[unknown],client=172.18.0.4 LOG:  disconnection: session time: 0:05:07.702 user=app_user database=databasesecret host=172.18.0.4 port=51840
2025-12-19 08:07:26 GMT [41]: [4-1] user=app_user,db=databasesecret,app=[unknown],client=172.18.0.3 LOG:  disconnection: session time: 0:05:07.697 user=app_user database=databasesecret host=172.18.0.3 port=59628
2025-12-19 08:07:26 GMT [38]: [4-1] user=app_user,db=databasesecret,app=[unknown],client=172.18.0.2 LOG:  disconnection: session time: 0:05:07.772 user=app_user database=databasesecret host=172.18.0.2 port=38188
2025-12-19 08:07:26 GMT [40]: [4-1] user=app_user,db=databasesecret,app=[unknown],client=172.18.0.5 LOG:  disconnection: session time: 0:05:07.747 user=app_user database=databasesecret host=172.18.0.5 port=48286
2025-12-19 08:07:33 GMT [295]: [1-1] user=[unknown],db=[unknown],app=[unknown],client=[local] LOG:  connection received: host=[local]
2025-12-19 08:07:33 GMT [295]: [2-1] user=Secret,db=databasesecret,app=[unknown],client=[local] LOG:  connection authorized: user=Secret database=databasesecret application_name=pg_isready
2025-12-19 08:07:33 GMT [295]: [3-1] user=Secret,db=databasesecret,app=pg_isready,client=[local] LOG:  disconnection: session time: 0:00:00.004 user=Secret database=databasesecret host=[local]
2025-12-19 08:07:43 GMT [303]: [1-1] user=[unknown],db=[unknown],app=[unknown],client=[local] LOG:  connection received: host=[local]
2025-12-19 08:07:43 GMT [303]: [2-1] user=Secret,db=databasesecret,app=[unknown],client=[local] LOG:  connection authorized: user=Secret database=databasesecret application_name=pg_isready
2025-12-19 08:07:43 GMT [303]: [3-1] user=Secret,db=databasesecret,app=pg_isready,client=[local] LOG:  disconnection: session time: 0:00:00.001 user=Secret database=databasesecret host=[local]
2025-12-19 08:07:54 GMT [311]: [1-1] user=[unknown],db=[unknown],app=[unknown],client=[local] LOG:  connection received: host=[local]
2025-12-19 08:07:54 GMT [311]: [2-1] user=Secret,db=databasesecret,app=[unknown],client=[local] LOG:  connection authorized: user=Secret database=databasesecret application_name=pg_isready
2025-12-19 08:07:54 GMT [311]: [3-1] user=Secret,db=databasesecret,app=pg_isready,client=[local] LOG:  disconnection: session time: 0:00:00.001 user=Secret database=databasesecret host=[local]
2025-12-19 08:08:04 GMT [319]: [1-1] user=[unknown],db=[unknown],app=[unknown],client=[local] LOG:  connection received: host=[local]
2025-12-19 08:08:04 GMT [319]: [2-1] user=Secret,db=databasesecret,app=[unknown],client=[local] LOG:  connection authorized: user=Secret database=databasesecret application_name=pg_isready
2025-12-19 08:08:04 GMT [319]: [3-1] user=Secret,db=databasesecret,app=pg_isready,client=[local] LOG:  disconnection: session time: 0:00:00.003 user=Secret database=databasesecret host=[local]
2025-12-19 08:08:15 GMT [328]: [1-1] user=[unknown],db=[unknown],app=[unknown],client=[local] LOG:  connection received: host=[local]
2025-12-19 08:08:15 GMT [328]: [2-1] user=Secret,db=databasesecret,app=[unknown],client=[local] LOG:  connection authorized: user=Secret database=databasesecret application_name=pg_isready
2025-12-19 08:08:15 GMT [328]: [3-1] user=Secret,db=databasesecret,app=pg_isready,client=[local] LOG:  disconnection: session time: 0:00:00.001 user=Secret database=databasesecret host=[local]
2025-12-19 08:08:26 GMT [336]: [1-1] user=[unknown],db=[unknown],app=[unknown],client=[local] LOG:  connection received: host=[local]
2025-12-19 08:08:26 GMT [336]: [2-1] user=Secret,db=databasesecret,app=[unknown],client=[local] LOG:  connection authorized: user=Secret database=databasesecret application_name=pg_isready
2025-12-19 08:08:26 GMT [336]: [3-1] user=Secret,db=databasesecret,app=pg_isready,client=[local] LOG:  disconnection: session time: 0:00:00.002 user=Secret database=databasesecret host=[local]
2025-12-19 08:08:36 GMT [345]: [1-1] user=[unknown],db=[unknown],app=[unknown],client=[local] LOG:  connection received: host=[local]
2025-12-19 08:08:36 GMT [345]: [2-1] user=Secret,db=databasesecret,app=[unknown],client=[local] LOG:  connection authorized: user=Secret database=databasesecret application_name=pg_isready
2025-12-19 08:08:36 GMT [345]: [3-1] user=Secret,db=databasesecret,app=pg_isready,client=[local] LOG:  disconnection: session time: 0:00:00.002 user=Secret database=databasesecret host=[local]
2025-12-19 08:08:46 GMT [353]: [1-1] user=[unknown],db=[unknown],app=[unknown],client=[local] LOG:  connection received: host=[local]
2025-12-19 08:08:46 GMT [353]: [2-1] user=Secret,db=databasesecret,app=[unknown],client=[local] LOG:  connection authorized: user=Secret database=databasesecret application_name=pg_isready
2025-12-19 08:08:46 GMT [353]: [3-1] user=Secret,db=databasesecret,app=pg_isready,client=[local] LOG:  disconnection: session time: 0:00:00.002 user=Secret database=databasesecret host=[local]
2025-12-19 08:08:57 GMT [361]: [1-1] user=[unknown],db=[unknown],app=[unknown],client=[local] LOG:  connection received: host=[local]
2025-12-19 08:08:57 GMT [361]: [2-1] user=Secret,db=databasesecret,app=[unknown],client=[local] LOG:  connection authorized: user=Secret database=databasesecret application_name=pg_isready
2025-12-19 08:08:57 GMT [361]: [3-1] user=Secret,db=databasesecret,app=pg_isready,client=[local] LOG:  disconnection: session time: 0:00:00.001 user=Secret database=databasesecret host=[local]
2025-12-19 08:09:07 GMT [369]: [1-1] user=[unknown],db=[unknown],app=[unknown],client=[local] LOG:  connection received: host=[local]
2025-12-19 08:09:07 GMT [369]: [2-1] user=Secret,db=databasesecret,app=[unknown],client=[local] LOG:  connection authorized: user=Secret database=databasesecret application_name=pg_isready
2025-12-19 08:09:07 GMT [369]: [3-1] user=Secret,db=databasesecret,app=pg_isready,client=[local] LOG:  disconnection: session time: 0:00:00.003 user=Secret database=databasesecret host=[local]
2025-12-19 08:09:17 GMT [377]: [1-1] user=[unknown],db=[unknown],app=[unknown],client=[local] LOG:  connection received: host=[local]
2025-12-19 08:09:17 GMT [377]: [2-1] user=Secret,db=databasesecret,app=[unknown],client=[local] LOG:  connection authorized: user=Secret database=databasesecret application_name=pg_isready
2025-12-19 08:09:17 GMT [377]: [3-1] user=Secret,db=databasesecret,app=pg_isready,client=[local] LOG:  disconnection: session time: 0:00:00.001 user=Secret database=databasesecret host=[local]
2025-12-19 08:09:28 GMT [385]: [1-1] user=[unknown],db=[unknown],app=[unknown],client=[local] LOG:  connection received: host=[local]
2025-12-19 08:09:28 GMT [385]: [2-1] user=Secret,db=databasesecret,app=[unknown],client=[local] LOG:  connection authorized: user=Secret database=databasesecret application_name=pg_isready
2025-12-19 08:09:28 GMT [385]: [3-1] user=Secret,db=databasesecret,app=pg_isready,client=[local] LOG:  disconnection: session time: 0:00:00.002 user=Secret database=databasesecret host=[local]
2025-12-19 08:09:38 GMT [394]: [1-1] user=[unknown],db=[unknown],app=[unknown],client=[local] LOG:  connection received: host=[local]
2025-12-19 08:09:38 GMT [394]: [2-1] user=Secret,db=databasesecret,app=[unknown],client=[local] LOG:  connection authorized: user=Secret database=databasesecret application_name=pg_isready
2025-12-19 08:09:38 GMT [394]: [3-1] user=Secret,db=databasesecret,app=pg_isready,client=[local] LOG:  disconnection: session time: 0:00:00.002 user=Secret database=databasesecret host=[local]
2025-12-19 08:09:49 GMT [402]: [1-1] user=[unknown],db=[unknown],app=[unknown],client=[local] LOG:  connection received: host=[local]
2025-12-19 08:09:49 GMT [402]: [2-1] user=Secret,db=databasesecret,app=[unknown],client=[local] LOG:  connection authorized: user=Secret database=databasesecret application_name=pg_isready
2025-12-19 08:09:49 GMT [402]: [3-1] user=Secret,db=databasesecret,app=pg_isready,client=[local] LOG:  disconnection: session time: 0:00:00.003 user=Secret database=databasesecret host=[local]
2025-12-19 08:10:00 GMT [410]: [1-1] user=[unknown],db=[unknown],app=[unknown],client=[local] LOG:  connection received: host=[local]
2025-12-19 08:10:00 GMT [410]: [2-1] user=Secret,db=databasesecret,app=[unknown],client=[local] LOG:  connection authorized: user=Secret database=databasesecret application_name=pg_isready
2025-12-19 08:10:00 GMT [410]: [3-1] user=Secret,db=databasesecret,app=pg_isready,client=[local] LOG:  disconnection: session time: 0:00:00.002 user=Secret database=databasesecret host=[local]
2025-12-19 08:10:10 GMT [418]: [1-1] user=[unknown],db=[unknown],app=[unknown],client=[local] LOG:  connection received: host=[local]
2025-12-19 08:10:10 GMT [418]: [2-1] user=Secret,db=databasesecret,app=[unknown],client=[local] LOG:  connection authorized: user=Secret database=databasesecret application_name=pg_isready
2025-12-19 08:10:10 GMT [418]: [3-1] user=Secret,db=databasesecret,app=pg_isready,client=[local] LOG:  disconnection: session time: 0:00:00.003 user=Secret database=databasesecret host=[local]
2025-12-19 08:10:20 GMT [426]: [1-1] user=[unknown],db=[unknown],app=[unknown],client=[local] LOG:  connection received: host=[local]
2025-12-19 08:10:20 GMT [426]: [2-1] user=Secret,db=databasesecret,app=[unknown],client=[local] LOG:  connection authorized: user=Secret database=databasesecret application_name=pg_isready
2025-12-19 08:10:20 GMT [426]: [3-1] user=Secret,db=databasesecret,app=pg_isready,client=[local] LOG:  disconnection: session time: 0:00:00.001 user=Secret database=databasesecret host=[local]
2025-12-19 08:10:31 GMT [435]: [1-1] user=[unknown],db=[unknown],app=[unknown],client=[local] LOG:  connection received: host=[local]
2025-12-19 08:10:31 GMT [435]: [2-1] user=Secret,db=databasesecret,app=[unknown],client=[local] LOG:  connection authorized: user=Secret database=databasesecret application_name=pg_isready
2025-12-19 08:10:31 GMT [435]: [3-1] user=Secret,db=databasesecret,app=pg_isready,client=[local] LOG:  disconnection: session time: 0:00:00.002 user=Secret database=databasesecret host=[local]
2025-12-19 08:10:41 GMT [443]: [1-1] user=[unknown],db=[unknown],app=[unknown],client=[local] LOG:  connection received: host=[local]
2025-12-19 08:10:41 GMT [443]: [2-1] user=Secret,db=databasesecret,app=[unknown],client=[local] LOG:  connection authorized: user=Secret database=databasesecret application_name=pg_isready
2025-12-19 08:10:41 GMT [443]: [3-1] user=Secret,db=databasesecret,app=pg_isready,client=[local] LOG:  disconnection: session time: 0:00:00.002 user=Secret database=databasesecret host=[local]
2025-12-19 08:10:52 GMT [451]: [1-1] user=[unknown],db=[unknown],app=[unknown],client=[local] LOG:  connection received: host=[local]
2025-12-19 08:10:52 GMT [451]: [2-1] user=Secret,db=databasesecret,app=[unknown],client=[local] LOG:  connection authorized: user=Secret database=databasesecret application_name=pg_isready
2025-12-19 08:10:52 GMT [451]: [3-1] user=Secret,db=databasesecret,app=pg_isready,client=[local] LOG:  disconnection: session time: 0:00:00.001 user=Secret database=databasesecret host=[local]
2025-12-19 08:11:03 GMT [459]: [1-1] user=[unknown],db=[unknown],app=[unknown],client=[local] LOG:  connection received: host=[local]
2025-12-19 08:11:03 GMT [459]: [2-1] user=Secret,db=databasesecret,app=[unknown],client=[local] LOG:  connection authorized: user=Secret database=databasesecret application_name=pg_isready
2025-12-19 08:11:03 GMT [459]: [3-1] user=Secret,db=databasesecret,app=pg_isready,client=[local] LOG:  disconnection: session time: 0:00:00.001 user=Secret database=databasesecret host=[local]
2025-12-19 08:11:13 GMT [467]: [1-1] user=[unknown],db=[unknown],app=[unknown],client=[local] LOG:  connection received: host=[local]
2025-12-19 08:11:13 GMT [467]: [2-1] user=Secret,db=databasesecret,app=[unknown],client=[local] LOG:  connection authorized: user=Secret database=databasesecret application_name=pg_isready
2025-12-19 08:11:13 GMT [467]: [3-1] user=Secret,db=databasesecret,app=pg_isready,client=[local] LOG:  disconnection: session time: 0:00:00.002 user=Secret database=databasesecret host=[local]
2025-12-19 08:11:24 GMT [475]: [1-1] user=[unknown],db=[unknown],app=[unknown],client=[local] LOG:  connection received: host=[local]
2025-12-19 08:11:24 GMT [475]: [2-1] user=Secret,db=databasesecret,app=[unknown],client=[local] LOG:  connection authorized: user=Secret database=databasesecret application_name=pg_isready
2025-12-19 08:11:24 GMT [475]: [3-1] user=Secret,db=databasesecret,app=pg_isready,client=[local] LOG:  disconnection: session time: 0:00:00.003 user=Secret database=databasesecret host=[local]
2025-12-19 08:11:34 GMT [484]: [1-1] user=[unknown],db=[unknown],app=[unknown],client=[local] LOG:  connection received: host=[local]
2025-12-19 08:11:34 GMT [484]: [2-1] user=Secret,db=databasesecret,app=[unknown],client=[local] LOG:  connection authorized: user=Secret database=databasesecret application_name=pg_isready
2025-12-19 08:11:34 GMT [484]: [3-1] user=Secret,db=databasesecret,app=pg_isready,client=[local] LOG:  disconnection: session time: 0:00:00.001 user=Secret database=databasesecret host=[local]
2025-12-19 08:11:44 GMT [492]: [1-1] user=[unknown],db=[unknown],app=[unknown],client=[local] LOG:  connection received: host=[local]
2025-12-19 08:11:44 GMT [492]: [2-1] user=Secret,db=databasesecret,app=[unknown],client=[local] LOG:  connection authorized: user=Secret database=databasesecret application_name=pg_isready
2025-12-19 08:11:44 GMT [492]: [3-1] user=Secret,db=databasesecret,app=pg_isready,client=[local] LOG:  disconnection: session time: 0:00:00.001 user=Secret database=databasesecret host=[local]
2025-12-19 08:11:55 GMT [500]: [1-1] user=[unknown],db=[unknown],app=[unknown],client=[local] LOG:  connection received: host=[local]
2025-12-19 08:11:55 GMT [500]: [2-1] user=Secret,db=databasesecret,app=[unknown],client=[local] LOG:  connection authorized: user=Secret database=databasesecret application_name=pg_isready
2025-12-19 08:11:55 GMT [500]: [3-1] user=Secret,db=databasesecret,app=pg_isready,client=[local] LOG:  disconnection: session time: 0:00:00.002 user=Secret database=databasesecret host=[local]
2025-12-19 08:12:05 GMT [508]: [1-1] user=[unknown],db=[unknown],app=[unknown],client=[local] LOG:  connection received: host=[local]
2025-12-19 08:12:05 GMT [508]: [2-1] user=Secret,db=databasesecret,app=[unknown],client=[local] LOG:  connection authorized: user=Secret database=databasesecret application_name=pg_isready
2025-12-19 08:12:05 GMT [508]: [3-1] user=Secret,db=databasesecret,app=pg_isready,client=[local] LOG:  disconnection: session time: 0:00:00.006 user=Secret database=databasesecret host=[local]
2025-12-19 08:12:15 GMT [517]: [1-1] user=[unknown],db=[unknown],app=[unknown],client=[local] LOG:  connection received: host=[local]
2025-12-19 08:12:15 GMT [517]: [2-1] user=Secret,db=databasesecret,app=[unknown],client=[local] LOG:  connection authorized: user=Secret database=databasesecret application_name=pg_isready
2025-12-19 08:12:15 GMT [517]: [3-1] user=Secret,db=databasesecret,app=pg_isready,client=[local] LOG:  disconnection: session time: 0:00:00.002 user=Secret database=databasesecret host=[local]
2025-12-19 08:12:26 GMT [525]: [1-1] user=[unknown],db=[unknown],app=[unknown],client=[local] LOG:  connection received: host=[local]
2025-12-19 08:12:26 GMT [525]: [2-1] user=Secret,db=databasesecret,app=[unknown],client=[local] LOG:  connection authorized: user=Secret database=databasesecret application_name=pg_isready
2025-12-19 08:12:26 GMT [525]: [3-1] user=Secret,db=databasesecret,app=pg_isready,client=[local] LOG:  disconnection: session time: 0:00:00.004 user=Secret database=databasesecret host=[local]
2025-12-19 08:12:36 GMT [534]: [1-1] user=[unknown],db=[unknown],app=[unknown],client=[local] LOG:  connection received: host=[local]
2025-12-19 08:12:36 GMT [534]: [2-1] user=Secret,db=databasesecret,app=[unknown],client=[local] LOG:  connection authorized: user=Secret database=databasesecret application_name=pg_isready
2025-12-19 08:12:36 GMT [534]: [3-1] user=Secret,db=databasesecret,app=pg_isready,client=[local] LOG:  disconnection: session time: 0:00:00.002 user=Secret database=databasesecret host=[local]
2025-12-19 08:12:47 GMT [542]: [1-1] user=[unknown],db=[unknown],app=[unknown],client=[local] LOG:  connection received: host=[local]
2025-12-19 08:12:47 GMT [542]: [2-1] user=Secret,db=databasesecret,app=[unknown],client=[local] LOG:  connection authorized: user=Secret database=databasesecret application_name=pg_isready
2025-12-19 08:12:47 GMT [542]: [3-1] user=Secret,db=databasesecret,app=pg_isready,client=[local] LOG:  disconnection: session time: 0:00:00.004 user=Secret database=databasesecret host=[local]
2025-12-19 08:12:58 GMT [550]: [1-1] user=[unknown],db=[unknown],app=[unknown],client=[local] LOG:  connection received: host=[local]
2025-12-19 08:12:58 GMT [550]: [2-1] user=Secret,db=databasesecret,app=[unknown],client=[local] LOG:  connection authorized: user=Secret database=databasesecret application_name=pg_isready
2025-12-19 08:12:58 GMT [550]: [3-1] user=Secret,db=databasesecret,app=pg_isready,client=[local] LOG:  disconnection: session time: 0:00:00.004 user=Secret database=databasesecret host=[local]
2025-12-19 08:13:08 GMT [558]: [1-1] user=[unknown],db=[unknown],app=[unknown],client=[local] LOG:  connection received: host=[local]
2025-12-19 08:13:08 GMT [558]: [2-1] user=Secret,db=databasesecret,app=[unknown],client=[local] LOG:  connection authorized: user=Secret database=databasesecret application_name=pg_isready
2025-12-19 08:13:08 GMT [558]: [3-1] user=Secret,db=databasesecret,app=pg_isready,client=[local] LOG:  disconnection: session time: 0:00:00.002 user=Secret database=databasesecret host=[local]
2025-12-19 08:13:18 GMT [566]: [1-1] user=[unknown],db=[unknown],app=[unknown],client=[local] LOG:  connection received: host=[local]
2025-12-19 08:13:18 GMT [566]: [2-1] user=Secret,db=databasesecret,app=[unknown],client=[local] LOG:  connection authorized: user=Secret database=databasesecret application_name=pg_isready
2025-12-19 08:13:18 GMT [566]: [3-1] user=Secret,db=databasesecret,app=pg_isready,client=[local] LOG:  disconnection: session time: 0:00:00.001 user=Secret database=databasesecret host=[local]
2025-12-19 08:13:29 GMT [574]: [1-1] user=[unknown],db=[unknown],app=[unknown],client=[local] LOG:  connection received: host=[local]
2025-12-19 08:13:29 GMT [574]: [2-1] user=Secret,db=databasesecret,app=[unknown],client=[local] LOG:  connection authorized: user=Secret database=databasesecret application_name=pg_isready
2025-12-19 08:13:29 GMT [574]: [3-1] user=Secret,db=databasesecret,app=pg_isready,client=[local] LOG:  disconnection: session time: 0:00:00.003 user=Secret database=databasesecret host=[local]
2025-12-19 08:13:39 GMT [583]: [1-1] user=[unknown],db=[unknown],app=[unknown],client=[local] LOG:  connection received: host=[local]
2025-12-19 08:13:39 GMT [583]: [2-1] user=Secret,db=databasesecret,app=[unknown],client=[local] LOG:  connection authorized: user=Secret database=databasesecret application_name=pg_isready
2025-12-19 08:13:39 GMT [583]: [3-1] user=Secret,db=databasesecret,app=pg_isready,client=[local] LOG:  disconnection: session time: 0:00:00.005 user=Secret database=databasesecret host=[local]
2025-12-19 08:13:50 GMT [591]: [1-1] user=[unknown],db=[unknown],app=[unknown],client=[local] LOG:  connection received: host=[local]
2025-12-19 08:13:50 GMT [591]: [2-1] user=Secret,db=databasesecret,app=[unknown],client=[local] LOG:  connection authorized: user=Secret database=databasesecret application_name=pg_isready
2025-12-19 08:13:50 GMT [591]: [3-1] user=Secret,db=databasesecret,app=pg_isready,client=[local] LOG:  disconnection: session time: 0:00:00.002 user=Secret database=databasesecret host=[local]
2025-12-19 08:14:00 GMT [599]: [1-1] user=[unknown],db=[unknown],app=[unknown],client=[local] LOG:  connection received: host=[local]
2025-12-19 08:14:00 GMT [599]: [2-1] user=Secret,db=databasesecret,app=[unknown],client=[local] LOG:  connection authorized: user=Secret database=databasesecret application_name=pg_isready
2025-12-19 08:14:00 GMT [599]: [3-1] user=Secret,db=databasesecret,app=pg_isready,client=[local] LOG:  disconnection: session time: 0:00:00.001 user=Secret database=databasesecret host=[local]
2025-12-19 08:14:11 GMT [607]: [1-1] user=[unknown],db=[unknown],app=[unknown],client=[local] LOG:  connection received: host=[local]
2025-12-19 08:14:11 GMT [607]: [2-1] user=Secret,db=databasesecret,app=[unknown],client=[local] LOG:  connection authorized: user=Secret database=databasesecret application_name=pg_isready
2025-12-19 08:14:11 GMT [607]: [3-1] user=Secret,db=databasesecret,app=pg_isready,client=[local] LOG:  disconnection: session time: 0:00:00.002 user=Secret database=databasesecret host=[local]
2025-12-19 08:14:21 GMT [615]: [1-1] user=[unknown],db=[unknown],app=[unknown],client=[local] LOG:  connection received: host=[local]
2025-12-19 08:14:21 GMT [615]: [2-1] user=Secret,db=databasesecret,app=[unknown],client=[local] LOG:  connection authorized: user=Secret database=databasesecret application_name=pg_isready
2025-12-19 08:14:21 GMT [615]: [3-1] user=Secret,db=databasesecret,app=pg_isready,client=[local] LOG:  disconnection: session time: 0:00:00.003 user=Secret database=databasesecret host=[local]
2025-12-19 08:14:32 GMT [623]: [1-1] user=[unknown],db=[unknown],app=[unknown],client=[local] LOG:  connection received: host=[local]
2025-12-19 08:14:32 GMT [623]: [2-1] user=Secret,db=databasesecret,app=[unknown],client=[local] LOG:  connection authorized: user=Secret database=databasesecret application_name=pg_isready
2025-12-19 08:14:32 GMT [623]: [3-1] user=Secret,db=databasesecret,app=pg_isready,client=[local] LOG:  disconnection: session time: 0:00:00.001 user=Secret database=databasesecret host=[local]
2025-12-19 08:14:42 GMT [632]: [1-1] user=[unknown],db=[unknown],app=[unknown],client=[local] LOG:  connection received: host=[local]
2025-12-19 08:14:42 GMT [632]: [2-1] user=Secret,db=databasesecret,app=[unknown],client=[local] LOG:  connection authorized: user=Secret database=databasesecret application_name=pg_isready
2025-12-19 08:14:42 GMT [632]: [3-1] user=Secret,db=databasesecret,app=pg_isready,client=[local] LOG:  disconnection: session time: 0:00:00.002 user=Secret database=databasesecret host=[local]
2025-12-19 08:14:52 GMT [640]: [1-1] user=[unknown],db=[unknown],app=[unknown],client=[local] LOG:  connection received: host=[local]
2025-12-19 08:14:52 GMT [640]: [2-1] user=Secret,db=databasesecret,app=[unknown],client=[local] LOG:  connection authorized: user=Secret database=databasesecret application_name=pg_isready
2025-12-19 08:14:52 GMT [640]: [3-1] user=Secret,db=databasesecret,app=pg_isready,client=[local] LOG:  disconnection: session time: 0:00:00.003 user=Secret database=databasesecret host=[local]
2025-12-19 08:15:03 GMT [648]: [1-1] user=[unknown],db=[unknown],app=[unknown],client=[local] LOG:  connection received: host=[local]
2025-12-19 08:15:03 GMT [648]: [2-1] user=Secret,db=databasesecret,app=[unknown],client=[local] LOG:  connection authorized: user=Secret database=databasesecret application_name=pg_isready
2025-12-19 08:15:03 GMT [648]: [3-1] user=Secret,db=databasesecret,app=pg_isready,client=[local] LOG:  disconnection: session time: 0:00:00.002 user=Secret database=databasesecret host=[local]
2025-12-19 08:15:13 GMT [656]: [1-1] user=[unknown],db=[unknown],app=[unknown],client=[local] LOG:  connection received: host=[local]
2025-12-19 08:15:13 GMT [656]: [2-1] user=Secret,db=databasesecret,app=[unknown],client=[local] LOG:  connection authorized: user=Secret database=databasesecret application_name=pg_isready
2025-12-19 08:15:13 GMT [656]: [3-1] user=Secret,db=databasesecret,app=pg_isready,client=[local] LOG:  disconnection: session time: 0:00:00.002 user=Secret database=databasesecret host=[local]
2025-12-19 08:15:24 GMT [664]: [1-1] user=[unknown],db=[unknown],app=[unknown],client=[local] LOG:  connection received: host=[local]
2025-12-19 08:15:24 GMT [664]: [2-1] user=Secret,db=databasesecret,app=[unknown],client=[local] LOG:  connection authorized: user=Secret database=databasesecret application_name=pg_isready
2025-12-19 08:15:24 GMT [664]: [3-1] user=Secret,db=databasesecret,app=pg_isready,client=[local] LOG:  disconnection: session time: 0:00:00.001 user=Secret database=databasesecret host=[local]
2025-12-19 08:15:35 GMT [672]: [1-1] user=[unknown],db=[unknown],app=[unknown],client=[local] LOG:  connection received: host=[local]
2025-12-19 08:15:35 GMT [672]: [2-1] user=Secret,db=databasesecret,app=[unknown],client=[local] LOG:  connection authorized: user=Secret database=databasesecret application_name=pg_isready
2025-12-19 08:15:35 GMT [672]: [3-1] user=Secret,db=databasesecret,app=pg_isready,client=[local] LOG:  disconnection: session time: 0:00:00.002 user=Secret database=databasesecret host=[local]
2025-12-19 08:15:45 GMT [681]: [1-1] user=[unknown],db=[unknown],app=[unknown],client=[local] LOG:  connection received: host=[local]
2025-12-19 08:15:45 GMT [681]: [2-1] user=Secret,db=databasesecret,app=[unknown],client=[local] LOG:  connection authorized: user=Secret database=databasesecret application_name=pg_isready
2025-12-19 08:15:45 GMT [681]: [3-1] user=Secret,db=databasesecret,app=pg_isready,client=[local] LOG:  disconnection: session time: 0:00:00.001 user=Secret database=databasesecret host=[local]
2025-12-19 08:15:55 GMT [689]: [1-1] user=[unknown],db=[unknown],app=[unknown],client=[local] LOG:  connection received: host=[local]
2025-12-19 08:15:55 GMT [689]: [2-1] user=Secret,db=databasesecret,app=[unknown],client=[local] LOG:  connection authorized: user=Secret database=databasesecret application_name=pg_isready
2025-12-19 08:15:55 GMT [689]: [3-1] user=Secret,db=databasesecret,app=pg_isready,client=[local] LOG:  disconnection: session time: 0:00:00.002 user=Secret database=databasesecret host=[local]
2025-12-19 08:16:06 GMT [697]: [1-1] user=[unknown],db=[unknown],app=[unknown],client=[local] LOG:  connection received: host=[local]
2025-12-19 08:16:06 GMT [697]: [2-1] user=Secret,db=databasesecret,app=[unknown],client=[local] LOG:  connection authorized: user=Secret database=databasesecret application_name=pg_isready
2025-12-19 08:16:06 GMT [697]: [3-1] user=Secret,db=databasesecret,app=pg_isready,client=[local] LOG:  disconnection: session time: 0:00:00.001 user=Secret database=databasesecret host=[local]
2025-12-19 08:16:16 GMT [705]: [1-1] user=[unknown],db=[unknown],app=[unknown],client=[local] LOG:  connection received: host=[local]
2025-12-19 08:16:16 GMT [705]: [2-1] user=Secret,db=databasesecret,app=[unknown],client=[local] LOG:  connection authorized: user=Secret database=databasesecret application_name=pg_isready
2025-12-19 08:16:16 GMT [705]: [3-1] user=Secret,db=databasesecret,app=pg_isready,client=[local] LOG:  disconnection: session time: 0:00:00.002 user=Secret database=databasesecret host=[local]
2025-12-19 08:16:26 GMT [713]: [1-1] user=[unknown],db=[unknown],app=[unknown],client=[local] LOG:  connection received: host=[local]
2025-12-19 08:16:26 GMT [713]: [2-1] user=Secret,db=databasesecret,app=[unknown],client=[local] LOG:  connection authorized: user=Secret database=databasesecret application_name=pg_isready
2025-12-19 08:16:26 GMT [713]: [3-1] user=Secret,db=databasesecret,app=pg_isready,client=[local] LOG:  disconnection: session time: 0:00:00.001 user=Secret database=databasesecret host=[local]
2025-12-19 08:16:37 GMT [721]: [1-1] user=[unknown],db=[unknown],app=[unknown],client=[local] LOG:  connection received: host=[local]
2025-12-19 08:16:37 GMT [721]: [2-1] user=Secret,db=databasesecret,app=[unknown],client=[local] LOG:  connection authorized: user=Secret database=databasesecret application_name=pg_isready
2025-12-19 08:16:37 GMT [721]: [3-1] user=Secret,db=databasesecret,app=pg_isready,client=[local] LOG:  disconnection: session time: 0:00:00.003 user=Secret database=databasesecret host=[local]
2025-12-19 08:16:48 GMT [730]: [1-1] user=[unknown],db=[unknown],app=[unknown],client=[local] LOG:  connection received: host=[local]
2025-12-19 08:16:48 GMT [730]: [2-1] user=Secret,db=databasesecret,app=[unknown],client=[local] LOG:  connection authorized: user=Secret database=databasesecret application_name=pg_isready
2025-12-19 08:16:48 GMT [730]: [3-1] user=Secret,db=databasesecret,app=pg_isready,client=[local] LOG:  disconnection: session time: 0:00:00.002 user=Secret database=databasesecret host=[local]
2025-12-19 08:16:58 GMT [738]: [1-1] user=[unknown],db=[unknown],app=[unknown],client=[local] LOG:  connection received: host=[local]
2025-12-19 08:16:58 GMT [738]: [2-1] user=Secret,db=databasesecret,app=[unknown],client=[local] LOG:  connection authorized: user=Secret database=databasesecret application_name=pg_isready
2025-12-19 08:16:58 GMT [738]: [3-1] user=Secret,db=databasesecret,app=pg_isready,client=[local] LOG:  disconnection: session time: 0:00:00.002 user=Secret database=databasesecret host=[local]
2025-12-19 08:17:09 GMT [746]: [1-1] user=[unknown],db=[unknown],app=[unknown],client=[local] LOG:  connection received: host=[local]
2025-12-19 08:17:09 GMT [746]: [2-1] user=Secret,db=databasesecret,app=[unknown],client=[local] LOG:  connection authorized: user=Secret database=databasesecret application_name=pg_isready
2025-12-19 08:17:09 GMT [746]: [3-1] user=Secret,db=databasesecret,app=pg_isready,client=[local] LOG:  disconnection: session time: 0:00:00.002 user=Secret database=databasesecret host=[local]
2025-12-19 08:17:19 GMT [754]: [1-1] user=[unknown],db=[unknown],app=[unknown],client=[local] LOG:  connection received: host=[local]
2025-12-19 08:17:19 GMT [754]: [2-1] user=Secret,db=databasesecret,app=[unknown],client=[local] LOG:  connection authorized: user=Secret database=databasesecret application_name=pg_isready
2025-12-19 08:17:19 GMT [754]: [3-1] user=Secret,db=databasesecret,app=pg_isready,client=[local] LOG:  disconnection: session time: 0:00:00.002 user=Secret database=databasesecret host=[local]
2025-12-19 08:17:29 GMT [762]: [1-1] user=[unknown],db=[unknown],app=[unknown],client=[local] LOG:  connection received: host=[local]
2025-12-19 08:17:29 GMT [762]: [2-1] user=Secret,db=databasesecret,app=[unknown],client=[local] LOG:  connection authorized: user=Secret database=databasesecret application_name=pg_isready
2025-12-19 08:17:29 GMT [762]: [3-1] user=Secret,db=databasesecret,app=pg_isready,client=[local] LOG:  disconnection: session time: 0:00:00.002 user=Secret database=databasesecret host=[local]
2025-12-19 08:17:40 GMT [770]: [1-1] user=[unknown],db=[unknown],app=[unknown],client=[local] LOG:  connection received: host=[local]
2025-12-19 08:17:40 GMT [770]: [2-1] user=Secret,db=databasesecret,app=[unknown],client=[local] LOG:  connection authorized: user=Secret database=databasesecret application_name=pg_isready
2025-12-19 08:17:40 GMT [770]: [3-1] user=Secret,db=databasesecret,app=pg_isready,client=[local] LOG:  disconnection: session time: 0:00:00.003 user=Secret database=databasesecret host=[local]
2025-12-19 08:17:50 GMT [779]: [1-1] user=[unknown],db=[unknown],app=[unknown],client=[local] LOG:  connection received: host=[local]
2025-12-19 08:17:50 GMT [779]: [2-1] user=Secret,db=databasesecret,app=[unknown],client=[local] LOG:  connection authorized: user=Secret database=databasesecret application_name=pg_isready
2025-12-19 08:17:50 GMT [779]: [3-1] user=Secret,db=databasesecret,app=pg_isready,client=[local] LOG:  disconnection: session time: 0:00:00.002 user=Secret database=databasesecret host=[local]
2025-12-19 08:18:00 GMT [787]: [1-1] user=[unknown],db=[unknown],app=[unknown],client=[local] LOG:  connection received: host=[local]
2025-12-19 08:18:00 GMT [787]: [2-1] user=Secret,db=databasesecret,app=[unknown],client=[local] LOG:  connection authorized: user=Secret database=databasesecret application_name=pg_isready
2025-12-19 08:18:00 GMT [787]: [3-1] user=Secret,db=databasesecret,app=pg_isready,client=[local] LOG:  disconnection: session time: 0:00:00.001 user=Secret database=databasesecret host=[local]
2025-12-19 08:18:11 GMT [795]: [1-1] user=[unknown],db=[unknown],app=[unknown],client=[local] LOG:  connection received: host=[local]
2025-12-19 08:18:11 GMT [795]: [2-1] user=Secret,db=databasesecret,app=[unknown],client=[local] LOG:  connection authorized: user=Secret database=databasesecret application_name=pg_isready
2025-12-19 08:18:11 GMT [795]: [3-1] user=Secret,db=databasesecret,app=pg_isready,client=[local] LOG:  disconnection: session time: 0:00:00.002 user=Secret database=databasesecret host=[local]
2025-12-19 08:18:22 GMT [804]: [1-1] user=[unknown],db=[unknown],app=[unknown],client=[local] LOG:  connection received: host=[local]
2025-12-19 08:18:22 GMT [804]: [2-1] user=Secret,db=databasesecret,app=[unknown],client=[local] LOG:  connection authorized: user=Secret database=databasesecret application_name=pg_isready
2025-12-19 08:18:22 GMT [804]: [3-1] user=Secret,db=databasesecret,app=pg_isready,client=[local] LOG:  disconnection: session time: 0:00:00.003 user=Secret database=databasesecret host=[local]
2025-12-19 08:18:32 GMT [812]: [1-1] user=[unknown],db=[unknown],app=[unknown],client=[local] LOG:  connection received: host=[local]
2025-12-19 08:18:32 GMT [812]: [2-1] user=Secret,db=databasesecret,app=[unknown],client=[local] LOG:  connection authorized: user=Secret database=databasesecret application_name=pg_isready
2025-12-19 08:18:32 GMT [812]: [3-1] user=Secret,db=databasesecret,app=pg_isready,client=[local] LOG:  disconnection: session time: 0:00:00.001 user=Secret database=databasesecret host=[local]
2025-12-19 08:18:43 GMT [820]: [1-1] user=[unknown],db=[unknown],app=[unknown],client=[local] LOG:  connection received: host=[local]
2025-12-19 08:18:43 GMT [820]: [2-1] user=Secret,db=databasesecret,app=[unknown],client=[local] LOG:  connection authorized: user=Secret database=databasesecret application_name=pg_isready
2025-12-19 08:18:43 GMT [820]: [3-1] user=Secret,db=databasesecret,app=pg_isready,client=[local] LOG:  disconnection: session time: 0:00:00.002 user=Secret database=databasesecret host=[local]
2025-12-19 08:18:53 GMT [829]: [1-1] user=[unknown],db=[unknown],app=[unknown],client=[local] LOG:  connection received: host=[local]
2025-12-19 08:18:53 GMT [829]: [2-1] user=Secret,db=databasesecret,app=[unknown],client=[local] LOG:  connection authorized: user=Secret database=databasesecret application_name=pg_isready
2025-12-19 08:18:53 GMT [829]: [3-1] user=Secret,db=databasesecret,app=pg_isready,client=[local] LOG:  disconnection: session time: 0:00:00.003 user=Secret database=databasesecret host=[local]
2025-12-19 08:19:03 GMT [837]: [1-1] user=[unknown],db=[unknown],app=[unknown],client=[local] LOG:  connection received: host=[local]
2025-12-19 08:19:03 GMT [837]: [2-1] user=Secret,db=databasesecret,app=[unknown],client=[local] LOG:  connection authorized: user=Secret database=databasesecret application_name=pg_isready
2025-12-19 08:19:03 GMT [837]: [3-1] user=Secret,db=databasesecret,app=pg_isready,client=[local] LOG:  disconnection: session time: 0:00:00.002 user=Secret database=databasesecret host=[local]
2025-12-19 08:19:14 GMT [845]: [1-1] user=[unknown],db=[unknown],app=[unknown],client=[local] LOG:  connection received: host=[local]
2025-12-19 08:19:14 GMT [845]: [2-1] user=Secret,db=databasesecret,app=[unknown],client=[local] LOG:  connection authorized: user=Secret database=databasesecret application_name=pg_isready
2025-12-19 08:19:14 GMT [845]: [3-1] user=Secret,db=databasesecret,app=pg_isready,client=[local] LOG:  disconnection: session time: 0:00:00.003 user=Secret database=databasesecret host=[local]
2025-12-19 08:19:24 GMT [853]: [1-1] user=[unknown],db=[unknown],app=[unknown],client=[local] LOG:  connection received: host=[local]
2025-12-19 08:19:24 GMT [853]: [2-1] user=Secret,db=databasesecret,app=[unknown],client=[local] LOG:  connection authorized: user=Secret database=databasesecret application_name=pg_isready
2025-12-19 08:19:24 GMT [853]: [3-1] user=Secret,db=databasesecret,app=pg_isready,client=[local] LOG:  disconnection: session time: 0:00:00.002 user=Secret database=databasesecret host=[local]
2025-12-19 08:19:34 GMT [861]: [1-1] user=[unknown],db=[unknown],app=[unknown],client=[local] LOG:  connection received: host=[local]
2025-12-19 08:19:34 GMT [861]: [2-1] user=Secret,db=databasesecret,app=[unknown],client=[local] LOG:  connection authorized: user=Secret database=databasesecret application_name=pg_isready
2025-12-19 08:19:34 GMT [861]: [3-1] user=Secret,db=databasesecret,app=pg_isready,client=[local] LOG:  disconnection: session time: 0:00:00.002 user=Secret database=databasesecret host=[local]
2025-12-19 08:19:45 GMT [869]: [1-1] user=[unknown],db=[unknown],app=[unknown],client=[local] LOG:  connection received: host=[local]
2025-12-19 08:19:45 GMT [869]: [2-1] user=Secret,db=databasesecret,app=[unknown],client=[local] LOG:  connection authorized: user=Secret database=databasesecret application_name=pg_isready
2025-12-19 08:19:45 GMT [869]: [3-1] user=Secret,db=databasesecret,app=pg_isready,client=[local] LOG:  disconnection: session time: 0:00:00.004 user=Secret database=databasesecret host=[local]
2025-12-19 08:19:56 GMT [878]: [1-1] user=[unknown],db=[unknown],app=[unknown],client=[local] LOG:  connection received: host=[local]
2025-12-19 08:19:56 GMT [878]: [2-1] user=Secret,db=databasesecret,app=[unknown],client=[local] LOG:  connection authorized: user=Secret database=databasesecret application_name=pg_isready
2025-12-19 08:19:56 GMT [878]: [3-1] user=Secret,db=databasesecret,app=pg_isready,client=[local] LOG:  disconnection: session time: 0:00:00.003 user=Secret database=databasesecret host=[local]
2025-12-19 08:20:06 GMT [886]: [1-1] user=[unknown],db=[unknown],app=[unknown],client=[local] LOG:  connection received: host=[local]
2025-12-19 08:20:06 GMT [886]: [2-1] user=Secret,db=databasesecret,app=[unknown],client=[local] LOG:  connection authorized: user=Secret database=databasesecret application_name=pg_isready
2025-12-19 08:20:06 GMT [886]: [3-1] user=Secret,db=databasesecret,app=pg_isready,client=[local] LOG:  disconnection: session time: 0:00:00.003 user=Secret database=databasesecret host=[local]
2025-12-19 08:20:17 GMT [894]: [1-1] user=[unknown],db=[unknown],app=[unknown],client=[local] LOG:  connection received: host=[local]
2025-12-19 08:20:17 GMT [894]: [2-1] user=Secret,db=databasesecret,app=[unknown],client=[local] LOG:  connection authorized: user=Secret database=databasesecret application_name=pg_isready
2025-12-19 08:20:17 GMT [894]: [3-1] user=Secret,db=databasesecret,app=pg_isready,client=[local] LOG:  disconnection: session time: 0:00:00.004 user=Secret database=databasesecret host=[local]
2025-12-19 08:20:27 GMT [902]: [1-1] user=[unknown],db=[unknown],app=[unknown],client=[local] LOG:  connection received: host=[local]
2025-12-19 08:20:27 GMT [902]: [2-1] user=Secret,db=databasesecret,app=[unknown],client=[local] LOG:  connection authorized: user=Secret database=databasesecret application_name=pg_isready
2025-12-19 08:20:27 GMT [902]: [3-1] user=Secret,db=databasesecret,app=pg_isready,client=[local] LOG:  disconnection: session time: 0:00:00.002 user=Secret database=databasesecret host=[local]
2025-12-19 08:20:37 GMT [911]: [1-1] user=[unknown],db=[unknown],app=[unknown],client=[local] LOG:  connection received: host=[local]
2025-12-19 08:20:37 GMT [911]: [2-1] user=Secret,db=databasesecret,app=[unknown],client=[local] LOG:  connection authorized: user=Secret database=databasesecret application_name=pg_isready
2025-12-19 08:20:37 GMT [911]: [3-1] user=Secret,db=databasesecret,app=pg_isready,client=[local] LOG:  disconnection: session time: 0:00:00.001 user=Secret database=databasesecret host=[local]
2025-12-19 08:20:48 GMT [920]: [1-1] user=[unknown],db=[unknown],app=[unknown],client=[local] LOG:  connection received: host=[local]
2025-12-19 08:20:48 GMT [920]: [2-1] user=Secret,db=databasesecret,app=[unknown],client=[local] LOG:  connection authorized: user=Secret database=databasesecret application_name=pg_isready
2025-12-19 08:20:48 GMT [920]: [3-1] user=Secret,db=databasesecret,app=pg_isready,client=[local] LOG:  disconnection: session time: 0:00:00.001 user=Secret database=databasesecret host=[local]
2025-12-19 08:20:58 GMT [928]: [1-1] user=[unknown],db=[unknown],app=[unknown],client=[local] LOG:  connection received: host=[local]
2025-12-19 08:20:58 GMT [928]: [2-1] user=Secret,db=databasesecret,app=[unknown],client=[local] LOG:  connection authorized: user=Secret database=databasesecret application_name=pg_isready
2025-12-19 08:20:58 GMT [928]: [3-1] user=Secret,db=databasesecret,app=pg_isready,client=[local] LOG:  disconnection: session time: 0:00:00.001 user=Secret database=databasesecret host=[local]
2025-12-19 08:21:09 GMT [936]: [1-1] user=[unknown],db=[unknown],app=[unknown],client=[local] LOG:  connection received: host=[local]
2025-12-19 08:21:09 GMT [936]: [2-1] user=Secret,db=databasesecret,app=[unknown],client=[local] LOG:  connection authorized: user=Secret database=databasesecret application_name=pg_isready
2025-12-19 08:21:09 GMT [936]: [3-1] user=Secret,db=databasesecret,app=pg_isready,client=[local] LOG:  disconnection: session time: 0:00:00.001 user=Secret database=databasesecret host=[local]
2025-12-19 08:21:20 GMT [944]: [1-1] user=[unknown],db=[unknown],app=[unknown],client=[local] LOG:  connection received: host=[local]
2025-12-19 08:21:20 GMT [944]: [2-1] user=Secret,db=databasesecret,app=[unknown],client=[local] LOG:  connection authorized: user=Secret database=databasesecret application_name=pg_isready
2025-12-19 08:21:20 GMT [944]: [3-1] user=Secret,db=databasesecret,app=pg_isready,client=[local] LOG:  disconnection: session time: 0:00:00.002 user=Secret database=databasesecret host=[local]
2025-12-19 08:21:31 GMT [952]: [1-1] user=[unknown],db=[unknown],app=[unknown],client=[local] LOG:  connection received: host=[local]
2025-12-19 08:21:31 GMT [952]: [2-1] user=Secret,db=databasesecret,app=[unknown],client=[local] LOG:  connection authorized: user=Secret database=databasesecret application_name=pg_isready
2025-12-19 08:21:31 GMT [952]: [3-1] user=Secret,db=databasesecret,app=pg_isready,client=[local] LOG:  disconnection: session time: 0:00:00.037 user=Secret database=databasesecret host=[local]
2025-12-19 08:22:01 GMT [960]: [1-1] user=[unknown],db=[unknown],app=[unknown],client=[local] LOG:  connection received: host=[local]
2025-12-19 08:22:01 GMT [960]: [2-1] user=Secret,db=databasesecret,app=[unknown],client=[local] LOG:  connection authorized: user=Secret database=databasesecret application_name=pg_isready
2025-12-19 08:22:01 GMT [960]: [3-1] user=Secret,db=databasesecret,app=pg_isready,client=[local] LOG:  disconnection: session time: 0:00:00.002 user=Secret database=databasesecret host=[local]
2025-12-19 08:22:11 GMT [969]: [1-1] user=[unknown],db=[unknown],app=[unknown],client=[local] LOG:  connection received: host=[local]
2025-12-19 08:22:11 GMT [969]: [2-1] user=Secret,db=databasesecret,app=[unknown],client=[local] LOG:  connection authorized: user=Secret database=databasesecret application_name=pg_isready
2025-12-19 08:22:11 GMT [969]: [3-1] user=Secret,db=databasesecret,app=pg_isready,client=[local] LOG:  disconnection: session time: 0:00:00.002 user=Secret database=databasesecret host=[local]
2025-12-19 08:22:21 GMT [977]: [1-1] user=[unknown],db=[unknown],app=[unknown],client=[local] LOG:  connection received: host=[local]
2025-12-19 08:22:21 GMT [977]: [2-1] user=Secret,db=databasesecret,app=[unknown],client=[local] LOG:  connection authorized: user=Secret database=databasesecret application_name=pg_isready
2025-12-19 08:22:21 GMT [977]: [3-1] user=Secret,db=databasesecret,app=pg_isready,client=[local] LOG:  disconnection: session time: 0:00:00.003 user=Secret database=databasesecret host=[local]
2025-12-19 08:22:32 GMT [985]: [1-1] user=[unknown],db=[unknown],app=[unknown],client=[local] LOG:  connection received: host=[local]
2025-12-19 08:22:32 GMT [985]: [2-1] user=Secret,db=databasesecret,app=[unknown],client=[local] LOG:  connection authorized: user=Secret database=databasesecret application_name=pg_isready
2025-12-19 08:22:32 GMT [985]: [3-1] user=Secret,db=databasesecret,app=pg_isready,client=[local] LOG:  disconnection: session time: 0:00:00.005 user=Secret database=databasesecret host=[local]
2025-12-19 08:22:42 GMT [993]: [1-1] user=[unknown],db=[unknown],app=[unknown],client=[local] LOG:  connection received: host=[local]
2025-12-19 08:22:42 GMT [993]: [2-1] user=Secret,db=databasesecret,app=[unknown],client=[local] LOG:  connection authorized: user=Secret database=databasesecret application_name=pg_isready
2025-12-19 08:22:42 GMT [993]: [3-1] user=Secret,db=databasesecret,app=pg_isready,client=[local] LOG:  disconnection: session time: 0:00:00.002 user=Secret database=databasesecret host=[local]
2025-12-19 08:22:53 GMT [1001]: [1-1] user=[unknown],db=[unknown],app=[unknown],client=[local] LOG:  connection received: host=[local]
2025-12-19 08:22:53 GMT [1001]: [2-1] user=Secret,db=databasesecret,app=[unknown],client=[local] LOG:  connection authorized: user=Secret database=databasesecret application_name=pg_isready
2025-12-19 08:22:53 GMT [1001]: [3-1] user=Secret,db=databasesecret,app=pg_isready,client=[local] LOG:  disconnection: session time: 0:00:00.002 user=Secret database=databasesecret host=[local]
2025-12-19 08:23:04 GMT [1009]: [1-1] user=[unknown],db=[unknown],app=[unknown],client=[local] LOG:  connection received: host=[local]
2025-12-19 08:23:04 GMT [1009]: [2-1] user=Secret,db=databasesecret,app=[unknown],client=[local] LOG:  connection authorized: user=Secret database=databasesecret application_name=pg_isready
2025-12-19 08:23:04 GMT [1009]: [3-1] user=Secret,db=databasesecret,app=pg_isready,client=[local] LOG:  disconnection: session time: 0:00:00.003 user=Secret database=databasesecret host=[local]
2025-12-19 08:23:14 GMT [1018]: [1-1] user=[unknown],db=[unknown],app=[unknown],client=[local] LOG:  connection received: host=[local]
2025-12-19 08:23:14 GMT [1018]: [2-1] user=Secret,db=databasesecret,app=[unknown],client=[local] LOG:  connection authorized: user=Secret database=databasesecret application_name=pg_isready
2025-12-19 08:23:14 GMT [1018]: [3-1] user=Secret,db=databasesecret,app=pg_isready,client=[local] LOG:  disconnection: session time: 0:00:00.002 user=Secret database=databasesecret host=[local]
2025-12-19 08:23:24 GMT [1026]: [1-1] user=[unknown],db=[unknown],app=[unknown],client=[local] LOG:  connection received: host=[local]
2025-12-19 08:23:24 GMT [1026]: [2-1] user=Secret,db=databasesecret,app=[unknown],client=[local] LOG:  connection authorized: user=Secret database=databasesecret application_name=pg_isready
2025-12-19 08:23:24 GMT [1026]: [3-1] user=Secret,db=databasesecret,app=pg_isready,client=[local] LOG:  disconnection: session time: 0:00:00.003 user=Secret database=databasesecret host=[local]
2025-12-19 08:23:35 GMT [1034]: [1-1] user=[unknown],db=[unknown],app=[unknown],client=[local] LOG:  connection received: host=[local]
2025-12-19 08:23:35 GMT [1034]: [2-1] user=Secret,db=databasesecret,app=[unknown],client=[local] LOG:  connection authorized: user=Secret database=databasesecret application_name=pg_isready
2025-12-19 08:23:35 GMT [1034]: [3-1] user=Secret,db=databasesecret,app=pg_isready,client=[local] LOG:  disconnection: session time: 0:00:00.001 user=Secret database=databasesecret host=[local]
2025-12-19 08:23:45 GMT [1042]: [1-1] user=[unknown],db=[unknown],app=[unknown],client=[local] LOG:  connection received: host=[local]
2025-12-19 08:23:45 GMT [1042]: [2-1] user=Secret,db=databasesecret,app=[unknown],client=[local] LOG:  connection authorized: user=Secret database=databasesecret application_name=pg_isready
2025-12-19 08:23:45 GMT [1042]: [3-1] user=Secret,db=databasesecret,app=pg_isready,client=[local] LOG:  disconnection: session time: 0:00:00.001 user=Secret database=databasesecret host=[local]
2025-12-19 08:23:55 GMT [1051]: [1-1] user=[unknown],db=[unknown],app=[unknown],client=[local] LOG:  connection received: host=[local]
2025-12-19 08:23:55 GMT [1051]: [2-1] user=Secret,db=databasesecret,app=[unknown],client=[local] LOG:  connection authorized: user=Secret database=databasesecret application_name=pg_isready
2025-12-19 08:23:55 GMT [1051]: [3-1] user=Secret,db=databasesecret,app=pg_isready,client=[local] LOG:  disconnection: session time: 0:00:00.001 user=Secret database=databasesecret host=[local]
2025-12-19 08:24:06 GMT [1059]: [1-1] user=[unknown],db=[unknown],app=[unknown],client=[local] LOG:  connection received: host=[local]
2025-12-19 08:24:06 GMT [1059]: [2-1] user=Secret,db=databasesecret,app=[unknown],client=[local] LOG:  connection authorized: user=Secret database=databasesecret application_name=pg_isready
2025-12-19 08:24:06 GMT [1059]: [3-1] user=Secret,db=databasesecret,app=pg_isready,client=[local] LOG:  disconnection: session time: 0:00:00.002 user=Secret database=databasesecret host=[local]
2025-12-19 08:24:16 GMT [1068]: [1-1] user=[unknown],db=[unknown],app=[unknown],client=[local] LOG:  connection received: host=[local]
2025-12-19 08:24:16 GMT [1068]: [2-1] user=Secret,db=databasesecret,app=[unknown],client=[local] LOG:  connection authorized: user=Secret database=databasesecret application_name=pg_isready
2025-12-19 08:24:16 GMT [1068]: [3-1] user=Secret,db=databasesecret,app=pg_isready,client=[local] LOG:  disconnection: session time: 0:00:00.003 user=Secret database=databasesecret host=[local]
2025-12-19 08:24:27 GMT [1077]: [1-1] user=[unknown],db=[unknown],app=[unknown],client=[local] LOG:  connection received: host=[local]
2025-12-19 08:24:27 GMT [1077]: [2-1] user=Secret,db=databasesecret,app=[unknown],client=[local] LOG:  connection authorized: user=Secret database=databasesecret application_name=pg_isready
2025-12-19 08:24:27 GMT [1077]: [3-1] user=Secret,db=databasesecret,app=pg_isready,client=[local] LOG:  disconnection: session time: 0:00:00.001 user=Secret database=databasesecret host=[local]
2025-12-19 08:24:38 GMT [1085]: [1-1] user=[unknown],db=[unknown],app=[unknown],client=[local] LOG:  connection received: host=[local]
2025-12-19 08:24:38 GMT [1085]: [2-1] user=Secret,db=databasesecret,app=[unknown],client=[local] LOG:  connection authorized: user=Secret database=databasesecret application_name=pg_isready
2025-12-19 08:24:38 GMT [1085]: [3-1] user=Secret,db=databasesecret,app=pg_isready,client=[local] LOG:  disconnection: session time: 0:00:00.002 user=Secret database=databasesecret host=[local]
2025-12-19 08:24:48 GMT [1093]: [1-1] user=[unknown],db=[unknown],app=[unknown],client=[local] LOG:  connection received: host=[local]
2025-12-19 08:24:48 GMT [1093]: [2-1] user=Secret,db=databasesecret,app=[unknown],client=[local] LOG:  connection authorized: user=Secret database=databasesecret application_name=pg_isready
2025-12-19 08:24:48 GMT [1093]: [3-1] user=Secret,db=databasesecret,app=pg_isready,client=[local] LOG:  disconnection: session time: 0:00:00.003 user=Secret database=databasesecret host=[local]
2025-12-19 08:24:58 GMT [1101]: [1-1] user=[unknown],db=[unknown],app=[unknown],client=[local] LOG:  connection received: host=[local]
2025-12-19 08:24:58 GMT [1101]: [2-1] user=Secret,db=databasesecret,app=[unknown],client=[local] LOG:  connection authorized: user=Secret database=databasesecret application_name=pg_isready
2025-12-19 08:24:58 GMT [1101]: [3-1] user=Secret,db=databasesecret,app=pg_isready,client=[local] LOG:  disconnection: session time: 0:00:00.001 user=Secret database=databasesecret host=[local]
2025-12-19 08:25:09 GMT [1109]: [1-1] user=[unknown],db=[unknown],app=[unknown],client=[local] LOG:  connection received: host=[local]
2025-12-19 08:25:09 GMT [1109]: [2-1] user=Secret,db=databasesecret,app=[unknown],client=[local] LOG:  connection authorized: user=Secret database=databasesecret application_name=pg_isready
2025-12-19 08:25:09 GMT [1109]: [3-1] user=Secret,db=databasesecret,app=pg_isready,client=[local] LOG:  disconnection: session time: 0:00:00.002 user=Secret database=databasesecret host=[local]
2025-12-19 08:25:19 GMT [1118]: [1-1] user=[unknown],db=[unknown],app=[unknown],client=[local] LOG:  connection received: host=[local]
2025-12-19 08:25:19 GMT [1118]: [2-1] user=Secret,db=databasesecret,app=[unknown],client=[local] LOG:  connection authorized: user=Secret database=databasesecret application_name=pg_isready
2025-12-19 08:25:19 GMT [1118]: [3-1] user=Secret,db=databasesecret,app=pg_isready,client=[local] LOG:  disconnection: session time: 0:00:00.002 user=Secret database=databasesecret host=[local]
2025-12-19 08:25:29 GMT [1126]: [1-1] user=[unknown],db=[unknown],app=[unknown],client=[local] LOG:  connection received: host=[local]
2025-12-19 08:25:29 GMT [1126]: [2-1] user=Secret,db=databasesecret,app=[unknown],client=[local] LOG:  connection authorized: user=Secret database=databasesecret application_name=pg_isready
2025-12-19 08:25:29 GMT [1126]: [3-1] user=Secret,db=databasesecret,app=pg_isready,client=[local] LOG:  disconnection: session time: 0:00:00.002 user=Secret database=databasesecret host=[local]
2025-12-19 08:25:40 GMT [1134]: [1-1] user=[unknown],db=[unknown],app=[unknown],client=[local] LOG:  connection received: host=[local]
2025-12-19 08:25:40 GMT [1134]: [2-1] user=Secret,db=databasesecret,app=[unknown],client=[local] LOG:  connection authorized: user=Secret database=databasesecret application_name=pg_isready
2025-12-19 08:25:40 GMT [1134]: [3-1] user=Secret,db=databasesecret,app=pg_isready,client=[local] LOG:  disconnection: session time: 0:00:00.001 user=Secret database=databasesecret host=[local]
2025-12-19 08:25:50 GMT [1142]: [1-1] user=[unknown],db=[unknown],app=[unknown],client=[local] LOG:  connection received: host=[local]
2025-12-19 08:25:50 GMT [1142]: [2-1] user=Secret,db=databasesecret,app=[unknown],client=[local] LOG:  connection authorized: user=Secret database=databasesecret application_name=pg_isready
2025-12-19 08:25:50 GMT [1142]: [3-1] user=Secret,db=databasesecret,app=pg_isready,client=[local] LOG:  disconnection: session time: 0:00:00.002 user=Secret database=databasesecret host=[local]
2025-12-19 08:26:01 GMT [1150]: [1-1] user=[unknown],db=[unknown],app=[unknown],client=[local] LOG:  connection received: host=[local]
2025-12-19 08:26:01 GMT [1150]: [2-1] user=Secret,db=databasesecret,app=[unknown],client=[local] LOG:  connection authorized: user=Secret database=databasesecret application_name=pg_isready
2025-12-19 08:26:01 GMT [1150]: [3-1] user=Secret,db=databasesecret,app=pg_isready,client=[local] LOG:  disconnection: session time: 0:00:00.003 user=Secret database=databasesecret host=[local]
2025-12-19 08:26:12 GMT [1158]: [1-1] user=[unknown],db=[unknown],app=[unknown],client=[local] LOG:  connection received: host=[local]
2025-12-19 08:26:12 GMT [1158]: [2-1] user=Secret,db=databasesecret,app=[unknown],client=[local] LOG:  connection authorized: user=Secret database=databasesecret application_name=pg_isready
2025-12-19 08:26:12 GMT [1158]: [3-1] user=Secret,db=databasesecret,app=pg_isready,client=[local] LOG:  disconnection: session time: 0:00:00.003 user=Secret database=databasesecret host=[local]
2025-12-19 08:26:22 GMT [1167]: [1-1] user=[unknown],db=[unknown],app=[unknown],client=[local] LOG:  connection received: host=[local]
2025-12-19 08:26:22 GMT [1167]: [2-1] user=Secret,db=databasesecret,app=[unknown],client=[local] LOG:  connection authorized: user=Secret database=databasesecret application_name=pg_isready
2025-12-19 08:26:22 GMT [1167]: [3-1] user=Secret,db=databasesecret,app=pg_isready,client=[local] LOG:  disconnection: session time: 0:00:00.003 user=Secret database=databasesecret host=[local]
2025-12-19 08:26:32 GMT [1175]: [1-1] user=[unknown],db=[unknown],app=[unknown],client=[local] LOG:  connection received: host=[local]
2025-12-19 08:26:32 GMT [1175]: [2-1] user=Secret,db=databasesecret,app=[unknown],client=[local] LOG:  connection authorized: user=Secret database=databasesecret application_name=pg_isready
2025-12-19 08:26:32 GMT [1175]: [3-1] user=Secret,db=databasesecret,app=pg_isready,client=[local] LOG:  disconnection: session time: 0:00:00.001 user=Secret database=databasesecret host=[local]
2025-12-19 08:26:43 GMT [1183]: [1-1] user=[unknown],db=[unknown],app=[unknown],client=[local] LOG:  connection received: host=[local]
2025-12-19 08:26:43 GMT [1183]: [2-1] user=Secret,db=databasesecret,app=[unknown],client=[local] LOG:  connection authorized: user=Secret database=databasesecret application_name=pg_isready
2025-12-19 08:26:43 GMT [1183]: [3-1] user=Secret,db=databasesecret,app=pg_isready,client=[local] LOG:  disconnection: session time: 0:00:00.002 user=Secret database=databasesecret host=[local]
2025-12-19 08:26:53 GMT [1191]: [1-1] user=[unknown],db=[unknown],app=[unknown],client=[local] LOG:  connection received: host=[local]
2025-12-19 08:26:53 GMT [1191]: [2-1] user=Secret,db=databasesecret,app=[unknown],client=[local] LOG:  connection authorized: user=Secret database=databasesecret application_name=pg_isready
2025-12-19 08:26:53 GMT [1191]: [3-1] user=Secret,db=databasesecret,app=pg_isready,client=[local] LOG:  disconnection: session time: 0:00:00.002 user=Secret database=databasesecret host=[local]
2025-12-19 08:27:03 GMT [1199]: [1-1] user=[unknown],db=[unknown],app=[unknown],client=[local] LOG:  connection received: host=[local]
2025-12-19 08:27:03 GMT [1199]: [2-1] user=Secret,db=databasesecret,app=[unknown],client=[local] LOG:  connection authorized: user=Secret database=databasesecret application_name=pg_isready
2025-12-19 08:27:03 GMT [1199]: [3-1] user=Secret,db=databasesecret,app=pg_isready,client=[local] LOG:  disconnection: session time: 0:00:00.003 user=Secret database=databasesecret host=[local]
2025-12-19 08:27:14 GMT [1207]: [1-1] user=[unknown],db=[unknown],app=[unknown],client=[local] LOG:  connection received: host=[local]
2025-12-19 08:27:14 GMT [1207]: [2-1] user=Secret,db=databasesecret,app=[unknown],client=[local] LOG:  connection authorized: user=Secret database=databasesecret application_name=pg_isready
2025-12-19 08:27:14 GMT [1207]: [3-1] user=Secret,db=databasesecret,app=pg_isready,client=[local] LOG:  disconnection: session time: 0:00:00.002 user=Secret database=databasesecret host=[local]
2025-12-19 08:27:24 GMT [1216]: [1-1] user=[unknown],db=[unknown],app=[unknown],client=[local] LOG:  connection received: host=[local]
2025-12-19 08:27:24 GMT [1216]: [2-1] user=Secret,db=databasesecret,app=[unknown],client=[local] LOG:  connection authorized: user=Secret database=databasesecret application_name=pg_isready
2025-12-19 08:27:24 GMT [1216]: [3-1] user=Secret,db=databasesecret,app=pg_isready,client=[local] LOG:  disconnection: session time: 0:00:00.002 user=Secret database=databasesecret host=[local]
2025-12-19 08:27:35 GMT [1224]: [1-1] user=[unknown],db=[unknown],app=[unknown],client=[local] LOG:  connection received: host=[local]
2025-12-19 08:27:35 GMT [1224]: [2-1] user=Secret,db=databasesecret,app=[unknown],client=[local] LOG:  connection authorized: user=Secret database=databasesecret application_name=pg_isready
2025-12-19 08:27:35 GMT [1224]: [3-1] user=Secret,db=databasesecret,app=pg_isready,client=[local] LOG:  disconnection: session time: 0:00:00.002 user=Secret database=databasesecret host=[local]
2025-12-19 08:27:45 GMT [1232]: [1-1] user=[unknown],db=[unknown],app=[unknown],client=[local] LOG:  connection received: host=[local]
2025-12-19 08:27:45 GMT [1232]: [2-1] user=Secret,db=databasesecret,app=[unknown],client=[local] LOG:  connection authorized: user=Secret database=databasesecret application_name=pg_isready
2025-12-19 08:27:45 GMT [1232]: [3-1] user=Secret,db=databasesecret,app=pg_isready,client=[local] LOG:  disconnection: session time: 0:00:00.002 user=Secret database=databasesecret host=[local]
2025-12-19 08:27:56 GMT [1240]: [1-1] user=[unknown],db=[unknown],app=[unknown],client=[local] LOG:  connection received: host=[local]
2025-12-19 08:27:56 GMT [1240]: [2-1] user=Secret,db=databasesecret,app=[unknown],client=[local] LOG:  connection authorized: user=Secret database=databasesecret application_name=pg_isready
2025-12-19 08:27:56 GMT [1240]: [3-1] user=Secret,db=databasesecret,app=pg_isready,client=[local] LOG:  disconnection: session time: 0:00:00.002 user=Secret database=databasesecret host=[local]
2025-12-19 08:28:06 GMT [1249]: [1-1] user=[unknown],db=[unknown],app=[unknown],client=[local] LOG:  connection received: host=[local]
2025-12-19 08:28:06 GMT [1249]: [2-1] user=Secret,db=databasesecret,app=[unknown],client=[local] LOG:  connection authorized: user=Secret database=databasesecret application_name=pg_isready
2025-12-19 08:28:06 GMT [1249]: [3-1] user=Secret,db=databasesecret,app=pg_isready,client=[local] LOG:  disconnection: session time: 0:00:00.003 user=Secret database=databasesecret host=[local]
2025-12-19 08:28:18 GMT [1257]: [1-1] user=[unknown],db=[unknown],app=[unknown],client=[local] LOG:  connection received: host=[local]
2025-12-19 08:28:18 GMT [1257]: [2-1] user=Secret,db=databasesecret,app=[unknown],client=[local] LOG:  connection authorized: user=Secret database=databasesecret application_name=pg_isready
2025-12-19 08:28:18 GMT [1257]: [3-1] user=Secret,db=databasesecret,app=pg_isready,client=[local] LOG:  disconnection: session time: 0:00:00.316 user=Secret database=databasesecret host=[local]
2025-12-19 08:34:31 GMT [1266]: [1-1] user=[unknown],db=[unknown],app=[unknown],client=[local] LOG:  connection received: host=[local]
2025-12-19 08:34:31 GMT [1266]: [2-1] user=Secret,db=databasesecret,app=[unknown],client=[local] LOG:  connection authorized: user=Secret database=databasesecret application_name=pg_isready
2025-12-19 08:34:31 GMT [1266]: [3-1] user=Secret,db=databasesecret,app=pg_isready,client=[local] LOG:  disconnection: session time: 0:00:00.002 user=Secret database=databasesecret host=[local]
2025-12-19 08:34:42 GMT [1275]: [1-1] user=[unknown],db=[unknown],app=[unknown],client=[local] LOG:  connection received: host=[local]
2025-12-19 08:34:42 GMT [1275]: [2-1] user=Secret,db=databasesecret,app=[unknown],client=[local] LOG:  connection authorized: user=Secret database=databasesecret application_name=pg_isready
2025-12-19 08:34:42 GMT [1275]: [3-1] user=Secret,db=databasesecret,app=pg_isready,client=[local] LOG:  disconnection: session time: 0:00:00.003 user=Secret database=databasesecret host=[local]
2025-12-19 08:34:53 GMT [1283]: [1-1] user=[unknown],db=[unknown],app=[unknown],client=[local] LOG:  connection received: host=[local]
2025-12-19 08:34:53 GMT [1283]: [2-1] user=Secret,db=databasesecret,app=[unknown],client=[local] LOG:  connection authorized: user=Secret database=databasesecret application_name=pg_isready
2025-12-19 08:34:53 GMT [1283]: [3-1] user=Secret,db=databasesecret,app=pg_isready,client=[local] LOG:  disconnection: session time: 0:00:00.003 user=Secret database=databasesecret host=[local]
2025-12-19 08:35:03 GMT [1291]: [1-1] user=[unknown],db=[unknown],app=[unknown],client=[local] LOG:  connection received: host=[local]
2025-12-19 08:35:03 GMT [1291]: [2-1] user=Secret,db=databasesecret,app=[unknown],client=[local] LOG:  connection authorized: user=Secret database=databasesecret application_name=pg_isready
2025-12-19 08:35:03 GMT [1291]: [3-1] user=Secret,db=databasesecret,app=pg_isready,client=[local] LOG:  disconnection: session time: 0:00:00.002 user=Secret database=databasesecret host=[local]
2025-12-19 08:35:14 GMT [1299]: [1-1] user=[unknown],db=[unknown],app=[unknown],client=[local] LOG:  connection received: host=[local]
2025-12-19 08:35:14 GMT [1299]: [2-1] user=Secret,db=databasesecret,app=[unknown],client=[local] LOG:  connection authorized: user=Secret database=databasesecret application_name=pg_isready
2025-12-19 08:35:14 GMT [1299]: [3-1] user=Secret,db=databasesecret,app=pg_isready,client=[local] LOG:  disconnection: session time: 0:00:00.004 user=Secret database=databasesecret host=[local]
2025-12-19 08:35:25 GMT [1308]: [1-1] user=[unknown],db=[unknown],app=[unknown],client=[local] LOG:  connection received: host=[local]
2025-12-19 08:35:25 GMT [1308]: [2-1] user=Secret,db=databasesecret,app=[unknown],client=[local] LOG:  connection authorized: user=Secret database=databasesecret application_name=pg_isready
2025-12-19 08:35:25 GMT [1308]: [3-1] user=Secret,db=databasesecret,app=pg_isready,client=[local] LOG:  disconnection: session time: 0:00:00.005 user=Secret database=databasesecret host=[local]
2025-12-19 08:35:35 GMT [1316]: [1-1] user=[unknown],db=[unknown],app=[unknown],client=[local] LOG:  connection received: host=[local]
2025-12-19 08:35:35 GMT [1316]: [2-1] user=Secret,db=databasesecret,app=[unknown],client=[local] LOG:  connection authorized: user=Secret database=databasesecret application_name=pg_isready
2025-12-19 08:35:35 GMT [1316]: [3-1] user=Secret,db=databasesecret,app=pg_isready,client=[local] LOG:  disconnection: session time: 0:00:00.002 user=Secret database=databasesecret host=[local]
2025-12-19 08:35:46 GMT [1324]: [1-1] user=[unknown],db=[unknown],app=[unknown],client=[local] LOG:  connection received: host=[local]
2025-12-19 08:35:46 GMT [1324]: [2-1] user=Secret,db=databasesecret,app=[unknown],client=[local] LOG:  connection authorized: user=Secret database=databasesecret application_name=pg_isready
2025-12-19 08:35:46 GMT [1324]: [3-1] user=Secret,db=databasesecret,app=pg_isready,client=[local] LOG:  disconnection: session time: 0:00:00.003 user=Secret database=databasesecret host=[local]
2025-12-19 08:35:56 GMT [1332]: [1-1] user=[unknown],db=[unknown],app=[unknown],client=[local] LOG:  connection received: host=[local]
2025-12-19 08:35:56 GMT [1332]: [2-1] user=Secret,db=databasesecret,app=[unknown],client=[local] LOG:  connection authorized: user=Secret database=databasesecret application_name=pg_isready
2025-12-19 08:35:56 GMT [1332]: [3-1] user=Secret,db=databasesecret,app=pg_isready,client=[local] LOG:  disconnection: session time: 0:00:00.002 user=Secret database=databasesecret host=[local]
2025-12-19 08:36:06 GMT [1340]: [1-1] user=[unknown],db=[unknown],app=[unknown],client=[local] LOG:  connection received: host=[local]
2025-12-19 08:36:06 GMT [1340]: [2-1] user=Secret,db=databasesecret,app=[unknown],client=[local] LOG:  connection authorized: user=Secret database=databasesecret application_name=pg_isready
2025-12-19 08:36:06 GMT [1340]: [3-1] user=Secret,db=databasesecret,app=pg_isready,client=[local] LOG:  disconnection: session time: 0:00:00.003 user=Secret database=databasesecret host=[local]
2025-12-19 08:36:18 GMT [1347]: [1-1] user=[unknown],db=[unknown],app=[unknown],client=[local] LOG:  connection received: host=[local]
2025-12-19 08:36:18 GMT [1347]: [2-1] user=Secret,db=databasesecret,app=[unknown],client=[local] LOG:  connection authorized: user=Secret database=databasesecret application_name=pg_isready
2025-12-19 08:36:18 GMT [1347]: [3-1] user=Secret,db=databasesecret,app=pg_isready,client=[local] LOG:  disconnection: session time: 0:00:00.002 user=Secret database=databasesecret host=[local]
2025-12-19 08:36:28 GMT [1357]: [1-1] user=[unknown],db=[unknown],app=[unknown],client=[local] LOG:  connection received: host=[local]
2025-12-19 08:36:28 GMT [1357]: [2-1] user=Secret,db=databasesecret,app=[unknown],client=[local] LOG:  connection authorized: user=Secret database=databasesecret application_name=pg_isready
2025-12-19 08:36:28 GMT [1357]: [3-1] user=Secret,db=databasesecret,app=pg_isready,client=[local] LOG:  disconnection: session time: 0:00:00.003 user=Secret database=databasesecret host=[local]
2025-12-19 08:36:38 GMT [1365]: [1-1] user=[unknown],db=[unknown],app=[unknown],client=[local] LOG:  connection received: host=[local]
2025-12-19 08:36:38 GMT [1365]: [2-1] user=Secret,db=databasesecret,app=[unknown],client=[local] LOG:  connection authorized: user=Secret database=databasesecret application_name=pg_isready
2025-12-19 08:36:38 GMT [1365]: [3-1] user=Secret,db=databasesecret,app=pg_isready,client=[local] LOG:  disconnection: session time: 0:00:00.004 user=Secret database=databasesecret host=[local]
2025-12-19 08:36:49 GMT [1373]: [1-1] user=[unknown],db=[unknown],app=[unknown],client=[local] LOG:  connection received: host=[local]
2025-12-19 08:36:49 GMT [1373]: [2-1] user=Secret,db=databasesecret,app=[unknown],client=[local] LOG:  connection authorized: user=Secret database=databasesecret application_name=pg_isready
2025-12-19 08:36:49 GMT [1373]: [3-1] user=Secret,db=databasesecret,app=pg_isready,client=[local] LOG:  disconnection: session time: 0:00:00.001 user=Secret database=databasesecret host=[local]
2025-12-19 08:36:59 GMT [1381]: [1-1] user=[unknown],db=[unknown],app=[unknown],client=[local] LOG:  connection received: host=[local]
2025-12-19 08:36:59 GMT [1381]: [2-1] user=Secret,db=databasesecret,app=[unknown],client=[local] LOG:  connection authorized: user=Secret database=databasesecret application_name=pg_isready
2025-12-19 08:36:59 GMT [1381]: [3-1] user=Secret,db=databasesecret,app=pg_isready,client=[local] LOG:  disconnection: session time: 0:00:00.002 user=Secret database=databasesecret host=[local]
2025-12-19 08:37:09 GMT [1389]: [1-1] user=[unknown],db=[unknown],app=[unknown],client=[local] LOG:  connection received: host=[local]
2025-12-19 08:37:09 GMT [1389]: [2-1] user=Secret,db=databasesecret,app=[unknown],client=[local] LOG:  connection authorized: user=Secret database=databasesecret application_name=pg_isready
2025-12-19 08:37:09 GMT [1389]: [3-1] user=Secret,db=databasesecret,app=pg_isready,client=[local] LOG:  disconnection: session time: 0:00:00.003 user=Secret database=databasesecret host=[local]
2025-12-19 08:37:20 GMT [1397]: [1-1] user=[unknown],db=[unknown],app=[unknown],client=[local] LOG:  connection received: host=[local]
2025-12-19 08:37:20 GMT [1397]: [2-1] user=Secret,db=databasesecret,app=[unknown],client=[local] LOG:  connection authorized: user=Secret database=databasesecret application_name=pg_isready
2025-12-19 08:37:20 GMT [1397]: [3-1] user=Secret,db=databasesecret,app=pg_isready,client=[local] LOG:  disconnection: session time: 0:00:00.002 user=Secret database=databasesecret host=[local]
2025-12-19 08:37:31 GMT [1406]: [1-1] user=[unknown],db=[unknown],app=[unknown],client=[local] LOG:  connection received: host=[local]
2025-12-19 08:37:31 GMT [1406]: [2-1] user=Secret,db=databasesecret,app=[unknown],client=[local] LOG:  connection authorized: user=Secret database=databasesecret application_name=pg_isready
2025-12-19 08:37:31 GMT [1406]: [3-1] user=Secret,db=databasesecret,app=pg_isready,client=[local] LOG:  disconnection: session time: 0:00:00.001 user=Secret database=databasesecret host=[local]
2025-12-19 08:37:41 GMT [1414]: [1-1] user=[unknown],db=[unknown],app=[unknown],client=[local] LOG:  connection received: host=[local]
2025-12-19 08:37:41 GMT [1414]: [2-1] user=Secret,db=databasesecret,app=[unknown],client=[local] LOG:  connection authorized: user=Secret database=databasesecret application_name=pg_isready
2025-12-19 08:37:41 GMT [1414]: [3-1] user=Secret,db=databasesecret,app=pg_isready,client=[local] LOG:  disconnection: session time: 0:00:00.002 user=Secret database=databasesecret host=[local]
2025-12-19 08:37:52 GMT [1422]: [1-1] user=[unknown],db=[unknown],app=[unknown],client=[local] LOG:  connection received: host=[local]
2025-12-19 08:37:52 GMT [1422]: [2-1] user=Secret,db=databasesecret,app=[unknown],client=[local] LOG:  connection authorized: user=Secret database=databasesecret application_name=pg_isready
2025-12-19 08:37:52 GMT [1422]: [3-1] user=Secret,db=databasesecret,app=pg_isready,client=[local] LOG:  disconnection: session time: 0:00:00.002 user=Secret database=databasesecret host=[local]
2025-12-19 08:38:02 GMT [1430]: [1-1] user=[unknown],db=[unknown],app=[unknown],client=[local] LOG:  connection received: host=[local]
2025-12-19 08:38:02 GMT [1430]: [2-1] user=Secret,db=databasesecret,app=[unknown],client=[local] LOG:  connection authorized: user=Secret database=databasesecret application_name=pg_isready
2025-12-19 08:38:02 GMT [1430]: [3-1] user=Secret,db=databasesecret,app=pg_isready,client=[local] LOG:  disconnection: session time: 0:00:00.002 user=Secret database=databasesecret host=[local]
2025-12-19 08:38:12 GMT [1438]: [1-1] user=[unknown],db=[unknown],app=[unknown],client=[local] LOG:  connection received: host=[local]
2025-12-19 08:38:12 GMT [1438]: [2-1] user=Secret,db=databasesecret,app=[unknown],client=[local] LOG:  connection authorized: user=Secret database=databasesecret application_name=pg_isready
2025-12-19 08:38:12 GMT [1438]: [3-1] user=Secret,db=databasesecret,app=pg_isready,client=[local] LOG:  disconnection: session time: 0:00:00.005 user=Secret database=databasesecret host=[local]
2025-12-19 08:38:23 GMT [1446]: [1-1] user=[unknown],db=[unknown],app=[unknown],client=[local] LOG:  connection received: host=[local]
2025-12-19 08:38:23 GMT [1446]: [2-1] user=Secret,db=databasesecret,app=[unknown],client=[local] LOG:  connection authorized: user=Secret database=databasesecret application_name=pg_isready
2025-12-19 08:38:23 GMT [1446]: [3-1] user=Secret,db=databasesecret,app=pg_isready,client=[local] LOG:  disconnection: session time: 0:00:00.005 user=Secret database=databasesecret host=[local]
2025-12-19 08:38:33 GMT [1455]: [1-1] user=[unknown],db=[unknown],app=[unknown],client=[local] LOG:  connection received: host=[local]
2025-12-19 08:38:33 GMT [1455]: [2-1] user=Secret,db=databasesecret,app=[unknown],client=[local] LOG:  connection authorized: user=Secret database=databasesecret application_name=pg_isready
2025-12-19 08:38:33 GMT [1455]: [3-1] user=Secret,db=databasesecret,app=pg_isready,client=[local] LOG:  disconnection: session time: 0:00:00.003 user=Secret database=databasesecret host=[local]
2025-12-19 08:38:44 GMT [1463]: [1-1] user=[unknown],db=[unknown],app=[unknown],client=[local] LOG:  connection received: host=[local]
2025-12-19 08:38:44 GMT [1463]: [2-1] user=Secret,db=databasesecret,app=[unknown],client=[local] LOG:  connection authorized: user=Secret database=databasesecret application_name=pg_isready
2025-12-19 08:38:44 GMT [1463]: [3-1] user=Secret,db=databasesecret,app=pg_isready,client=[local] LOG:  disconnection: session time: 0:00:00.003 user=Secret database=databasesecret host=[local]
2025-12-19 08:38:55 GMT [1471]: [1-1] user=[unknown],db=[unknown],app=[unknown],client=[local] LOG:  connection received: host=[local]
2025-12-19 08:38:55 GMT [1471]: [2-1] user=Secret,db=databasesecret,app=[unknown],client=[local] LOG:  connection authorized: user=Secret database=databasesecret application_name=pg_isready
2025-12-19 08:38:55 GMT [1471]: [3-1] user=Secret,db=databasesecret,app=pg_isready,client=[local] LOG:  disconnection: session time: 0:00:00.001 user=Secret database=databasesecret host=[local]
2025-12-19 08:39:05 GMT [1479]: [1-1] user=[unknown],db=[unknown],app=[unknown],client=[local] LOG:  connection received: host=[local]
2025-12-19 08:39:05 GMT [1479]: [2-1] user=Secret,db=databasesecret,app=[unknown],client=[local] LOG:  connection authorized: user=Secret database=databasesecret application_name=pg_isready
2025-12-19 08:39:05 GMT [1479]: [3-1] user=Secret,db=databasesecret,app=pg_isready,client=[local] LOG:  disconnection: session time: 0:00:00.003 user=Secret database=databasesecret host=[local]
2025-12-19 08:39:15 GMT [1487]: [1-1] user=[unknown],db=[unknown],app=[unknown],client=[local] LOG:  connection received: host=[local]
2025-12-19 08:39:15 GMT [1487]: [2-1] user=Secret,db=databasesecret,app=[unknown],client=[local] LOG:  connection authorized: user=Secret database=databasesecret application_name=pg_isready
2025-12-19 08:39:15 GMT [1487]: [3-1] user=Secret,db=databasesecret,app=pg_isready,client=[local] LOG:  disconnection: session time: 0:00:00.010 user=Secret database=databasesecret host=[local]
2025-12-19 08:39:26 GMT [1495]: [1-1] user=[unknown],db=[unknown],app=[unknown],client=[local] LOG:  connection received: host=[local]
2025-12-19 08:39:26 GMT [1495]: [2-1] user=Secret,db=databasesecret,app=[unknown],client=[local] LOG:  connection authorized: user=Secret database=databasesecret application_name=pg_isready
2025-12-19 08:39:26 GMT [1495]: [3-1] user=Secret,db=databasesecret,app=pg_isready,client=[local] LOG:  disconnection: session time: 0:00:00.001 user=Secret database=databasesecret host=[local]
2025-12-19 08:39:37 GMT [1504]: [1-1] user=[unknown],db=[unknown],app=[unknown],client=[local] LOG:  connection received: host=[local]
2025-12-19 08:39:37 GMT [1504]: [2-1] user=Secret,db=databasesecret,app=[unknown],client=[local] LOG:  connection authorized: user=Secret database=databasesecret application_name=pg_isready
2025-12-19 08:39:37 GMT [1504]: [3-1] user=Secret,db=databasesecret,app=pg_isready,client=[local] LOG:  disconnection: session time: 0:00:00.003 user=Secret database=databasesecret host=[local]
2025-12-19 08:39:47 GMT [1513]: [1-1] user=[unknown],db=[unknown],app=[unknown],client=[local] LOG:  connection received: host=[local]
2025-12-19 08:39:47 GMT [1513]: [2-1] user=Secret,db=databasesecret,app=[unknown],client=[local] LOG:  connection authorized: user=Secret database=databasesecret application_name=pg_isready
2025-12-19 08:39:47 GMT [1513]: [3-1] user=Secret,db=databasesecret,app=pg_isready,client=[local] LOG:  disconnection: session time: 0:00:00.003 user=Secret database=databasesecret host=[local]
2025-12-19 08:39:58 GMT [1521]: [1-1] user=[unknown],db=[unknown],app=[unknown],client=[local] LOG:  connection received: host=[local]
2025-12-19 08:39:58 GMT [1521]: [2-1] user=Secret,db=databasesecret,app=[unknown],client=[local] LOG:  connection authorized: user=Secret database=databasesecret application_name=pg_isready
2025-12-19 08:39:58 GMT [1521]: [3-1] user=Secret,db=databasesecret,app=pg_isready,client=[local] LOG:  disconnection: session time: 0:00:00.003 user=Secret database=databasesecret host=[local]
2025-12-19 08:40:08 GMT [1529]: [1-1] user=[unknown],db=[unknown],app=[unknown],client=[local] LOG:  connection received: host=[local]
2025-12-19 08:40:08 GMT [1529]: [2-1] user=Secret,db=databasesecret,app=[unknown],client=[local] LOG:  connection authorized: user=Secret database=databasesecret application_name=pg_isready
2025-12-19 08:40:08 GMT [1529]: [3-1] user=Secret,db=databasesecret,app=pg_isready,client=[local] LOG:  disconnection: session time: 0:00:00.002 user=Secret database=databasesecret host=[local]
2025-12-19 08:40:18 GMT [1537]: [1-1] user=[unknown],db=[unknown],app=[unknown],client=[local] LOG:  connection received: host=[local]
2025-12-19 08:40:18 GMT [1537]: [2-1] user=Secret,db=databasesecret,app=[unknown],client=[local] LOG:  connection authorized: user=Secret database=databasesecret application_name=pg_isready
2025-12-19 08:40:18 GMT [1537]: [3-1] user=Secret,db=databasesecret,app=pg_isready,client=[local] LOG:  disconnection: session time: 0:00:00.003 user=Secret database=databasesecret host=[local]
2025-12-19 08:40:29 GMT [1545]: [1-1] user=[unknown],db=[unknown],app=[unknown],client=[local] LOG:  connection received: host=[local]
2025-12-19 08:40:29 GMT [1545]: [2-1] user=Secret,db=databasesecret,app=[unknown],client=[local] LOG:  connection authorized: user=Secret database=databasesecret application_name=pg_isready
2025-12-19 08:40:29 GMT [1545]: [3-1] user=Secret,db=databasesecret,app=pg_isready,client=[local] LOG:  disconnection: session time: 0:00:00.002 user=Secret database=databasesecret host=[local]
2025-12-19 08:40:39 GMT [1554]: [1-1] user=[unknown],db=[unknown],app=[unknown],client=[local] LOG:  connection received: host=[local]
2025-12-19 08:40:39 GMT [1554]: [2-1] user=Secret,db=databasesecret,app=[unknown],client=[local] LOG:  connection authorized: user=Secret database=databasesecret application_name=pg_isready
2025-12-19 08:40:39 GMT [1554]: [3-1] user=Secret,db=databasesecret,app=pg_isready,client=[local] LOG:  disconnection: session time: 0:00:00.001 user=Secret database=databasesecret host=[local]
2025-12-19 08:40:49 GMT [1562]: [1-1] user=[unknown],db=[unknown],app=[unknown],client=[local] LOG:  connection received: host=[local]
2025-12-19 08:40:49 GMT [1562]: [2-1] user=Secret,db=databasesecret,app=[unknown],client=[local] LOG:  connection authorized: user=Secret database=databasesecret application_name=pg_isready
2025-12-19 08:40:49 GMT [1562]: [3-1] user=Secret,db=databasesecret,app=pg_isready,client=[local] LOG:  disconnection: session time: 0:00:00.002 user=Secret database=databasesecret host=[local]
2025-12-19 08:41:00 GMT [1570]: [1-1] user=[unknown],db=[unknown],app=[unknown],client=[local] LOG:  connection received: host=[local]
2025-12-19 08:41:00 GMT [1570]: [2-1] user=Secret,db=databasesecret,app=[unknown],client=[local] LOG:  connection authorized: user=Secret database=databasesecret application_name=pg_isready
2025-12-19 08:41:00 GMT [1570]: [3-1] user=Secret,db=databasesecret,app=pg_isready,client=[local] LOG:  disconnection: session time: 0:00:00.003 user=Secret database=databasesecret host=[local]
2025-12-19 08:41:11 GMT [1579]: [1-1] user=[unknown],db=[unknown],app=[unknown],client=[local] LOG:  connection received: host=[local]
2025-12-19 08:41:11 GMT [1579]: [2-1] user=Secret,db=databasesecret,app=[unknown],client=[local] LOG:  connection authorized: user=Secret database=databasesecret application_name=pg_isready
2025-12-19 08:41:11 GMT [1579]: [3-1] user=Secret,db=databasesecret,app=pg_isready,client=[local] LOG:  disconnection: session time: 0:00:00.005 user=Secret database=databasesecret host=[local]
2025-12-19 08:41:21 GMT [1587]: [1-1] user=[unknown],db=[unknown],app=[unknown],client=[local] LOG:  connection received: host=[local]
2025-12-19 08:41:21 GMT [1587]: [2-1] user=Secret,db=databasesecret,app=[unknown],client=[local] LOG:  connection authorized: user=Secret database=databasesecret application_name=pg_isready
2025-12-19 08:41:21 GMT [1587]: [3-1] user=Secret,db=databasesecret,app=pg_isready,client=[local] LOG:  disconnection: session time: 0:00:00.001 user=Secret database=databasesecret host=[local]
2025-12-19 08:41:32 GMT [1595]: [1-1] user=[unknown],db=[unknown],app=[unknown],client=[local] LOG:  connection received: host=[local]
2025-12-19 08:41:32 GMT [1595]: [2-1] user=Secret,db=databasesecret,app=[unknown],client=[local] LOG:  connection authorized: user=Secret database=databasesecret application_name=pg_isready
2025-12-19 08:41:32 GMT [1595]: [3-1] user=Secret,db=databasesecret,app=pg_isready,client=[local] LOG:  disconnection: session time: 0:00:00.002 user=Secret database=databasesecret host=[local]
2025-12-19 08:41:42 GMT [1604]: [1-1] user=[unknown],db=[unknown],app=[unknown],client=[local] LOG:  connection received: host=[local]
2025-12-19 08:41:42 GMT [1604]: [2-1] user=Secret,db=databasesecret,app=[unknown],client=[local] LOG:  connection authorized: user=Secret database=databasesecret application_name=pg_isready
2025-12-19 08:41:42 GMT [1604]: [3-1] user=Secret,db=databasesecret,app=pg_isready,client=[local] LOG:  disconnection: session time: 0:00:00.002 user=Secret database=databasesecret host=[local]
2025-12-19 08:41:52 GMT [1612]: [1-1] user=[unknown],db=[unknown],app=[unknown],client=[local] LOG:  connection received: host=[local]
2025-12-19 08:41:52 GMT [1612]: [2-1] user=Secret,db=databasesecret,app=[unknown],client=[local] LOG:  connection authorized: user=Secret database=databasesecret application_name=pg_isready
2025-12-19 08:41:52 GMT [1612]: [3-1] user=Secret,db=databasesecret,app=pg_isready,client=[local] LOG:  disconnection: session time: 0:00:00.001 user=Secret database=databasesecret host=[local]
2025-12-19 08:42:03 GMT [1620]: [1-1] user=[unknown],db=[unknown],app=[unknown],client=[local] LOG:  connection received: host=[local]
2025-12-19 08:42:03 GMT [1620]: [2-1] user=Secret,db=databasesecret,app=[unknown],client=[local] LOG:  connection authorized: user=Secret database=databasesecret application_name=pg_isready
2025-12-19 08:42:03 GMT [1620]: [3-1] user=Secret,db=databasesecret,app=pg_isready,client=[local] LOG:  disconnection: session time: 0:00:00.003 user=Secret database=databasesecret host=[local]
2025-12-19 08:42:14 GMT [1628]: [1-1] user=[unknown],db=[unknown],app=[unknown],client=[local] LOG:  connection received: host=[local]
2025-12-19 08:42:14 GMT [1628]: [2-1] user=Secret,db=databasesecret,app=[unknown],client=[local] LOG:  connection authorized: user=Secret database=databasesecret application_name=pg_isready
2025-12-19 08:42:14 GMT [1628]: [3-1] user=Secret,db=databasesecret,app=pg_isready,client=[local] LOG:  disconnection: session time: 0:00:00.002 user=Secret database=databasesecret host=[local]
2025-12-19 08:42:24 GMT [1636]: [1-1] user=[unknown],db=[unknown],app=[unknown],client=[local] LOG:  connection received: host=[local]
2025-12-19 08:42:24 GMT [1636]: [2-1] user=Secret,db=databasesecret,app=[unknown],client=[local] LOG:  connection authorized: user=Secret database=databasesecret application_name=pg_isready
2025-12-19 08:42:24 GMT [1636]: [3-1] user=Secret,db=databasesecret,app=pg_isready,client=[local] LOG:  disconnection: session time: 0:00:00.005 user=Secret database=databasesecret host=[local]
2025-12-19 08:42:34 GMT [1644]: [1-1] user=[unknown],db=[unknown],app=[unknown],client=[local] LOG:  connection received: host=[local]
2025-12-19 08:42:34 GMT [1644]: [2-1] user=Secret,db=databasesecret,app=[unknown],client=[local] LOG:  connection authorized: user=Secret database=databasesecret application_name=pg_isready
2025-12-19 08:42:34 GMT [1644]: [3-1] user=Secret,db=databasesecret,app=pg_isready,client=[local] LOG:  disconnection: session time: 0:00:00.005 user=Secret database=databasesecret host=[local]
2025-12-19 08:42:45 GMT [1654]: [1-1] user=[unknown],db=[unknown],app=[unknown],client=[local] LOG:  connection received: host=[local]
2025-12-19 08:42:45 GMT [1654]: [2-1] user=Secret,db=databasesecret,app=[unknown],client=[local] LOG:  connection authorized: user=Secret database=databasesecret application_name=pg_isready
2025-12-19 08:42:45 GMT [1654]: [3-1] user=Secret,db=databasesecret,app=pg_isready,client=[local] LOG:  disconnection: session time: 0:00:00.002 user=Secret database=databasesecret host=[local]
2025-12-19 08:42:55 GMT [1662]: [1-1] user=[unknown],db=[unknown],app=[unknown],client=[local] LOG:  connection received: host=[local]
2025-12-19 08:42:55 GMT [1662]: [2-1] user=Secret,db=databasesecret,app=[unknown],client=[local] LOG:  connection authorized: user=Secret database=databasesecret application_name=pg_isready
2025-12-19 08:42:55 GMT [1662]: [3-1] user=Secret,db=databasesecret,app=pg_isready,client=[local] LOG:  disconnection: session time: 0:00:00.003 user=Secret database=databasesecret host=[local]
2025-12-19 08:43:06 GMT [1670]: [1-1] user=[unknown],db=[unknown],app=[unknown],client=[local] LOG:  connection received: host=[local]
2025-12-19 08:43:06 GMT [1670]: [2-1] user=Secret,db=databasesecret,app=[unknown],client=[local] LOG:  connection authorized: user=Secret database=databasesecret application_name=pg_isready
2025-12-19 08:43:06 GMT [1670]: [3-1] user=Secret,db=databasesecret,app=pg_isready,client=[local] LOG:  disconnection: session time: 0:00:00.002 user=Secret database=databasesecret host=[local]
2025-12-19 08:43:16 GMT [1678]: [1-1] user=[unknown],db=[unknown],app=[unknown],client=[local] LOG:  connection received: host=[local]
2025-12-19 08:43:16 GMT [1678]: [2-1] user=Secret,db=databasesecret,app=[unknown],client=[local] LOG:  connection authorized: user=Secret database=databasesecret application_name=pg_isready
2025-12-19 08:43:16 GMT [1678]: [3-1] user=Secret,db=databasesecret,app=pg_isready,client=[local] LOG:  disconnection: session time: 0:00:00.002 user=Secret database=databasesecret host=[local]
2025-12-19 08:43:26 GMT [1686]: [1-1] user=[unknown],db=[unknown],app=[unknown],client=[local] LOG:  connection received: host=[local]
2025-12-19 08:43:26 GMT [1686]: [2-1] user=Secret,db=databasesecret,app=[unknown],client=[local] LOG:  connection authorized: user=Secret database=databasesecret application_name=pg_isready
2025-12-19 08:43:26 GMT [1686]: [3-1] user=Secret,db=databasesecret,app=pg_isready,client=[local] LOG:  disconnection: session time: 0:00:00.002 user=Secret database=databasesecret host=[local]
2025-12-19 08:43:37 GMT [1694]: [1-1] user=[unknown],db=[unknown],app=[unknown],client=[local] LOG:  connection received: host=[local]
2025-12-19 08:43:37 GMT [1694]: [2-1] user=Secret,db=databasesecret,app=[unknown],client=[local] LOG:  connection authorized: user=Secret database=databasesecret application_name=pg_isready
2025-12-19 08:43:37 GMT [1694]: [3-1] user=Secret,db=databasesecret,app=pg_isready,client=[local] LOG:  disconnection: session time: 0:00:00.001 user=Secret database=databasesecret host=[local]
2025-12-19 08:43:47 GMT [1703]: [1-1] user=[unknown],db=[unknown],app=[unknown],client=[local] LOG:  connection received: host=[local]
2025-12-19 08:43:47 GMT [1703]: [2-1] user=Secret,db=databasesecret,app=[unknown],client=[local] LOG:  connection authorized: user=Secret database=databasesecret application_name=pg_isready
2025-12-19 08:43:47 GMT [1703]: [3-1] user=Secret,db=databasesecret,app=pg_isready,client=[local] LOG:  disconnection: session time: 0:00:00.002 user=Secret database=databasesecret host=[local]
2025-12-19 08:43:58 GMT [1711]: [1-1] user=[unknown],db=[unknown],app=[unknown],client=[local] LOG:  connection received: host=[local]
2025-12-19 08:43:58 GMT [1711]: [2-1] user=Secret,db=databasesecret,app=[unknown],client=[local] LOG:  connection authorized: user=Secret database=databasesecret application_name=pg_isready
2025-12-19 08:43:58 GMT [1711]: [3-1] user=Secret,db=databasesecret,app=pg_isready,client=[local] LOG:  disconnection: session time: 0:00:00.003 user=Secret database=databasesecret host=[local]
2025-12-19 08:44:09 GMT [1719]: [1-1] user=[unknown],db=[unknown],app=[unknown],client=[local] LOG:  connection received: host=[local]
2025-12-19 08:44:09 GMT [1719]: [2-1] user=Secret,db=databasesecret,app=[unknown],client=[local] LOG:  connection authorized: user=Secret database=databasesecret application_name=pg_isready
2025-12-19 08:44:09 GMT [1719]: [3-1] user=Secret,db=databasesecret,app=pg_isready,client=[local] LOG:  disconnection: session time: 0:00:00.002 user=Secret database=databasesecret host=[local]
2025-12-19 08:44:19 GMT [1727]: [1-1] user=[unknown],db=[unknown],app=[unknown],client=[local] LOG:  connection received: host=[local]
2025-12-19 08:44:19 GMT [1727]: [2-1] user=Secret,db=databasesecret,app=[unknown],client=[local] LOG:  connection authorized: user=Secret database=databasesecret application_name=pg_isready
2025-12-19 08:44:19 GMT [1727]: [3-1] user=Secret,db=databasesecret,app=pg_isready,client=[local] LOG:  disconnection: session time: 0:00:00.002 user=Secret database=databasesecret host=[local]
2025-12-19 08:44:29 GMT [1735]: [1-1] user=[unknown],db=[unknown],app=[unknown],client=[local] LOG:  connection received: host=[local]
2025-12-19 08:44:29 GMT [1735]: [2-1] user=Secret,db=databasesecret,app=[unknown],client=[local] LOG:  connection authorized: user=Secret database=databasesecret application_name=pg_isready
2025-12-19 08:44:29 GMT [1735]: [3-1] user=Secret,db=databasesecret,app=pg_isready,client=[local] LOG:  disconnection: session time: 0:00:00.001 user=Secret database=databasesecret host=[local]
2025-12-19 08:44:40 GMT [1743]: [1-1] user=[unknown],db=[unknown],app=[unknown],client=[local] LOG:  connection received: host=[local]
2025-12-19 08:44:40 GMT [1743]: [2-1] user=Secret,db=databasesecret,app=[unknown],client=[local] LOG:  connection authorized: user=Secret database=databasesecret application_name=pg_isready
2025-12-19 08:44:40 GMT [1743]: [3-1] user=Secret,db=databasesecret,app=pg_isready,client=[local] LOG:  disconnection: session time: 0:00:00.004 user=Secret database=databasesecret host=[local]
2025-12-19 08:44:50 GMT [1752]: [1-1] user=[unknown],db=[unknown],app=[unknown],client=[local] LOG:  connection received: host=[local]
2025-12-19 08:44:50 GMT [1752]: [2-1] user=Secret,db=databasesecret,app=[unknown],client=[local] LOG:  connection authorized: user=Secret database=databasesecret application_name=pg_isready
2025-12-19 08:44:50 GMT [1752]: [3-1] user=Secret,db=databasesecret,app=pg_isready,client=[local] LOG:  disconnection: session time: 0:00:00.005 user=Secret database=databasesecret host=[local]
2025-12-19 08:45:01 GMT [1760]: [1-1] user=[unknown],db=[unknown],app=[unknown],client=[local] LOG:  connection received: host=[local]
2025-12-19 08:45:01 GMT [1760]: [2-1] user=Secret,db=databasesecret,app=[unknown],client=[local] LOG:  connection authorized: user=Secret database=databasesecret application_name=pg_isready
2025-12-19 08:45:02 GMT [1760]: [3-1] user=Secret,db=databasesecret,app=pg_isready,client=[local] LOG:  disconnection: session time: 0:00:00.468 user=Secret database=databasesecret host=[local]
2025-12-19 08:45:12 GMT [1769]: [1-1] user=[unknown],db=[unknown],app=[unknown],client=[local] LOG:  connection received: host=[local]
2025-12-19 08:45:12 GMT [1769]: [2-1] user=Secret,db=databasesecret,app=[unknown],client=[local] LOG:  connection authorized: user=Secret database=databasesecret application_name=pg_isready
2025-12-19 08:45:12 GMT [1769]: [3-1] user=Secret,db=databasesecret,app=pg_isready,client=[local] LOG:  disconnection: session time: 0:00:00.007 user=Secret database=databasesecret host=[local]
2025-12-19 08:45:22 GMT [1777]: [1-1] user=[unknown],db=[unknown],app=[unknown],client=[local] LOG:  connection received: host=[local]
2025-12-19 08:45:22 GMT [1777]: [2-1] user=Secret,db=databasesecret,app=[unknown],client=[local] LOG:  connection authorized: user=Secret database=databasesecret application_name=pg_isready
2025-12-19 08:45:22 GMT [1777]: [3-1] user=Secret,db=databasesecret,app=pg_isready,client=[local] LOG:  disconnection: session time: 0:00:00.002 user=Secret database=databasesecret host=[local]
2025-12-19 08:45:33 GMT [1785]: [1-1] user=[unknown],db=[unknown],app=[unknown],client=[local] LOG:  connection received: host=[local]
2025-12-19 08:45:33 GMT [1785]: [2-1] user=Secret,db=databasesecret,app=[unknown],client=[local] LOG:  connection authorized: user=Secret database=databasesecret application_name=pg_isready
2025-12-19 08:45:33 GMT [1785]: [3-1] user=Secret,db=databasesecret,app=pg_isready,client=[local] LOG:  disconnection: session time: 0:00:00.004 user=Secret database=databasesecret host=[local]
2025-12-19 08:45:43 GMT [1794]: [1-1] user=[unknown],db=[unknown],app=[unknown],client=[local] LOG:  connection received: host=[local]
2025-12-19 08:45:43 GMT [1794]: [2-1] user=Secret,db=databasesecret,app=[unknown],client=[local] LOG:  connection authorized: user=Secret database=databasesecret application_name=pg_isready
2025-12-19 08:45:43 GMT [1794]: [3-1] user=Secret,db=databasesecret,app=pg_isready,client=[local] LOG:  disconnection: session time: 0:00:00.002 user=Secret database=databasesecret host=[local]
2025-12-19 08:45:53 GMT [1802]: [1-1] user=[unknown],db=[unknown],app=[unknown],client=[local] LOG:  connection received: host=[local]
2025-12-19 08:45:53 GMT [1802]: [2-1] user=Secret,db=databasesecret,app=[unknown],client=[local] LOG:  connection authorized: user=Secret database=databasesecret application_name=pg_isready
2025-12-19 08:45:53 GMT [1802]: [3-1] user=Secret,db=databasesecret,app=pg_isready,client=[local] LOG:  disconnection: session time: 0:00:00.005 user=Secret database=databasesecret host=[local]
2025-12-19 08:46:05 GMT [1810]: [1-1] user=[unknown],db=[unknown],app=[unknown],client=[local] LOG:  connection received: host=[local]
2025-12-19 08:46:05 GMT [1810]: [2-1] user=Secret,db=databasesecret,app=[unknown],client=[local] LOG:  connection authorized: user=Secret database=databasesecret application_name=pg_isready
2025-12-19 08:46:05 GMT [1810]: [3-1] user=Secret,db=databasesecret,app=pg_isready,client=[local] LOG:  disconnection: session time: 0:00:00.003 user=Secret database=databasesecret host=[local]
2025-12-19 08:46:15 GMT [1818]: [1-1] user=[unknown],db=[unknown],app=[unknown],client=[local] LOG:  connection received: host=[local]
2025-12-19 08:46:15 GMT [1818]: [2-1] user=Secret,db=databasesecret,app=[unknown],client=[local] LOG:  connection authorized: user=Secret database=databasesecret application_name=pg_isready
2025-12-19 08:46:15 GMT [1818]: [3-1] user=Secret,db=databasesecret,app=pg_isready,client=[local] LOG:  disconnection: session time: 0:00:00.002 user=Secret database=databasesecret host=[local]
2025-12-19 08:46:25 GMT [1826]: [1-1] user=[unknown],db=[unknown],app=[unknown],client=[local] LOG:  connection received: host=[local]
2025-12-19 08:46:25 GMT [1826]: [2-1] user=Secret,db=databasesecret,app=[unknown],client=[local] LOG:  connection authorized: user=Secret database=databasesecret application_name=pg_isready
2025-12-19 08:46:25 GMT [1826]: [3-1] user=Secret,db=databasesecret,app=pg_isready,client=[local] LOG:  disconnection: session time: 0:00:00.004 user=Secret database=databasesecret host=[local]
2025-12-19 08:46:36 GMT [1834]: [1-1] user=[unknown],db=[unknown],app=[unknown],client=[local] LOG:  connection received: host=[local]
2025-12-19 08:46:36 GMT [1834]: [2-1] user=Secret,db=databasesecret,app=[unknown],client=[local] LOG:  connection authorized: user=Secret database=databasesecret application_name=pg_isready
2025-12-19 08:46:36 GMT [1834]: [3-1] user=Secret,db=databasesecret,app=pg_isready,client=[local] LOG:  disconnection: session time: 0:00:00.005 user=Secret database=databasesecret host=[local]
2025-12-19 08:46:46 GMT [1843]: [1-1] user=[unknown],db=[unknown],app=[unknown],client=[local] LOG:  connection received: host=[local]
2025-12-19 08:46:46 GMT [1843]: [2-1] user=Secret,db=databasesecret,app=[unknown],client=[local] LOG:  connection authorized: user=Secret database=databasesecret application_name=pg_isready
2025-12-19 08:46:46 GMT [1843]: [3-1] user=Secret,db=databasesecret,app=pg_isready,client=[local] LOG:  disconnection: session time: 0:00:00.004 user=Secret database=databasesecret host=[local]
2025-12-19 08:46:57 GMT [1851]: [1-1] user=[unknown],db=[unknown],app=[unknown],client=[local] LOG:  connection received: host=[local]
2025-12-19 08:46:57 GMT [1851]: [2-1] user=Secret,db=databasesecret,app=[unknown],client=[local] LOG:  connection authorized: user=Secret database=databasesecret application_name=pg_isready
2025-12-19 08:46:57 GMT [1851]: [3-1] user=Secret,db=databasesecret,app=pg_isready,client=[local] LOG:  disconnection: session time: 0:00:00.002 user=Secret database=databasesecret host=[local]
2025-12-19 08:47:08 GMT [1859]: [1-1] user=[unknown],db=[unknown],app=[unknown],client=[local] LOG:  connection received: host=[local]
2025-12-19 08:47:08 GMT [1859]: [2-1] user=Secret,db=databasesecret,app=[unknown],client=[local] LOG:  connection authorized: user=Secret database=databasesecret application_name=pg_isready
2025-12-19 08:47:08 GMT [1859]: [3-1] user=Secret,db=databasesecret,app=pg_isready,client=[local] LOG:  disconnection: session time: 0:00:00.002 user=Secret database=databasesecret host=[local]
2025-12-19 08:47:18 GMT [1867]: [1-1] user=[unknown],db=[unknown],app=[unknown],client=[local] LOG:  connection received: host=[local]
2025-12-19 08:47:18 GMT [1867]: [2-1] user=Secret,db=databasesecret,app=[unknown],client=[local] LOG:  connection authorized: user=Secret database=databasesecret application_name=pg_isready
2025-12-19 08:47:18 GMT [1867]: [3-1] user=Secret,db=databasesecret,app=pg_isready,client=[local] LOG:  disconnection: session time: 0:00:00.003 user=Secret database=databasesecret host=[local]
2025-12-19 08:47:28 GMT [1875]: [1-1] user=[unknown],db=[unknown],app=[unknown],client=[local] LOG:  connection received: host=[local]
2025-12-19 08:47:28 GMT [1875]: [2-1] user=Secret,db=databasesecret,app=[unknown],client=[local] LOG:  connection authorized: user=Secret database=databasesecret application_name=pg_isready
2025-12-19 08:47:28 GMT [1875]: [3-1] user=Secret,db=databasesecret,app=pg_isready,client=[local] LOG:  disconnection: session time: 0:00:00.003 user=Secret database=databasesecret host=[local]
2025-12-19 08:47:39 GMT [1883]: [1-1] user=[unknown],db=[unknown],app=[unknown],client=[local] LOG:  connection received: host=[local]
2025-12-19 08:47:39 GMT [1883]: [2-1] user=Secret,db=databasesecret,app=[unknown],client=[local] LOG:  connection authorized: user=Secret database=databasesecret application_name=pg_isready
2025-12-19 08:47:39 GMT [1883]: [3-1] user=Secret,db=databasesecret,app=pg_isready,client=[local] LOG:  disconnection: session time: 0:00:00.003 user=Secret database=databasesecret host=[local]
2025-12-19 08:47:50 GMT [1892]: [1-1] user=[unknown],db=[unknown],app=[unknown],client=[local] LOG:  connection received: host=[local]
2025-12-19 08:47:50 GMT [1892]: [2-1] user=Secret,db=databasesecret,app=[unknown],client=[local] LOG:  connection authorized: user=Secret database=databasesecret application_name=pg_isready
2025-12-19 08:47:50 GMT [1892]: [3-1] user=Secret,db=databasesecret,app=pg_isready,client=[local] LOG:  disconnection: session time: 0:00:00.004 user=Secret database=databasesecret host=[local]
2025-12-19 08:48:00 GMT [1900]: [1-1] user=[unknown],db=[unknown],app=[unknown],client=[local] LOG:  connection received: host=[local]
2025-12-19 08:48:00 GMT [1900]: [2-1] user=Secret,db=databasesecret,app=[unknown],client=[local] LOG:  connection authorized: user=Secret database=databasesecret application_name=pg_isready
2025-12-19 08:48:00 GMT [1900]: [3-1] user=Secret,db=databasesecret,app=pg_isready,client=[local] LOG:  disconnection: session time: 0:00:00.001 user=Secret database=databasesecret host=[local]
2025-12-19 08:48:10 GMT [1908]: [1-1] user=[unknown],db=[unknown],app=[unknown],client=[local] LOG:  connection received: host=[local]
2025-12-19 08:48:10 GMT [1908]: [2-1] user=Secret,db=databasesecret,app=[unknown],client=[local] LOG:  connection authorized: user=Secret database=databasesecret application_name=pg_isready
2025-12-19 08:48:10 GMT [1908]: [3-1] user=Secret,db=databasesecret,app=pg_isready,client=[local] LOG:  disconnection: session time: 0:00:00.002 user=Secret database=databasesecret host=[local]
2025-12-19 08:48:21 GMT [1916]: [1-1] user=[unknown],db=[unknown],app=[unknown],client=[local] LOG:  connection received: host=[local]
2025-12-19 08:48:21 GMT [1916]: [2-1] user=Secret,db=databasesecret,app=[unknown],client=[local] LOG:  connection authorized: user=Secret database=databasesecret application_name=pg_isready
2025-12-19 08:48:21 GMT [1916]: [3-1] user=Secret,db=databasesecret,app=pg_isready,client=[local] LOG:  disconnection: session time: 0:00:00.003 user=Secret database=databasesecret host=[local]
2025-12-19 08:48:31 GMT [1924]: [1-1] user=[unknown],db=[unknown],app=[unknown],client=[local] LOG:  connection received: host=[local]
2025-12-19 08:48:31 GMT [1924]: [2-1] user=Secret,db=databasesecret,app=[unknown],client=[local] LOG:  connection authorized: user=Secret database=databasesecret application_name=pg_isready
2025-12-19 08:48:31 GMT [1924]: [3-1] user=Secret,db=databasesecret,app=pg_isready,client=[local] LOG:  disconnection: session time: 0:00:00.002 user=Secret database=databasesecret host=[local]
2025-12-19 08:48:42 GMT [1932]: [1-1] user=[unknown],db=[unknown],app=[unknown],client=[local] LOG:  connection received: host=[local]
2025-12-19 08:48:42 GMT [1932]: [2-1] user=Secret,db=databasesecret,app=[unknown],client=[local] LOG:  connection authorized: user=Secret database=databasesecret application_name=pg_isready
2025-12-19 08:48:42 GMT [1932]: [3-1] user=Secret,db=databasesecret,app=pg_isready,client=[local] LOG:  disconnection: session time: 0:00:00.003 user=Secret database=databasesecret host=[local]
2025-12-19 08:48:52 GMT [1941]: [1-1] user=[unknown],db=[unknown],app=[unknown],client=[local] LOG:  connection received: host=[local]
2025-12-19 08:48:52 GMT [1941]: [2-1] user=Secret,db=databasesecret,app=[unknown],client=[local] LOG:  connection authorized: user=Secret database=databasesecret application_name=pg_isready
2025-12-19 08:48:52 GMT [1941]: [3-1] user=Secret,db=databasesecret,app=pg_isready,client=[local] LOG:  disconnection: session time: 0:00:00.001 user=Secret database=databasesecret host=[local]
2025-12-19 08:49:02 GMT [1949]: [1-1] user=[unknown],db=[unknown],app=[unknown],client=[local] LOG:  connection received: host=[local]
2025-12-19 08:49:02 GMT [1949]: [2-1] user=Secret,db=databasesecret,app=[unknown],client=[local] LOG:  connection authorized: user=Secret database=databasesecret application_name=pg_isready
2025-12-19 08:49:02 GMT [1949]: [3-1] user=Secret,db=databasesecret,app=pg_isready,client=[local] LOG:  disconnection: session time: 0:00:00.001 user=Secret database=databasesecret host=[local]
2025-12-19 08:49:13 GMT [1957]: [1-1] user=[unknown],db=[unknown],app=[unknown],client=[local] LOG:  connection received: host=[local]
2025-12-19 08:49:13 GMT [1957]: [2-1] user=Secret,db=databasesecret,app=[unknown],client=[local] LOG:  connection authorized: user=Secret database=databasesecret application_name=pg_isready
2025-12-19 08:49:13 GMT [1957]: [3-1] user=Secret,db=databasesecret,app=pg_isready,client=[local] LOG:  disconnection: session time: 0:00:00.003 user=Secret database=databasesecret host=[local]
2025-12-19 08:49:23 GMT [1965]: [1-1] user=[unknown],db=[unknown],app=[unknown],client=[local] LOG:  connection received: host=[local]
2025-12-19 08:49:23 GMT [1965]: [2-1] user=Secret,db=databasesecret,app=[unknown],client=[local] LOG:  connection authorized: user=Secret database=databasesecret application_name=pg_isready
2025-12-19 08:49:23 GMT [1965]: [3-1] user=Secret,db=databasesecret,app=pg_isready,client=[local] LOG:  disconnection: session time: 0:00:00.002 user=Secret database=databasesecret host=[local]
2025-12-19 08:49:34 GMT [1973]: [1-1] user=[unknown],db=[unknown],app=[unknown],client=[local] LOG:  connection received: host=[local]
2025-12-19 08:49:34 GMT [1973]: [2-1] user=Secret,db=databasesecret,app=[unknown],client=[local] LOG:  connection authorized: user=Secret database=databasesecret application_name=pg_isready
2025-12-19 08:49:34 GMT [1973]: [3-1] user=Secret,db=databasesecret,app=pg_isready,client=[local] LOG:  disconnection: session time: 0:00:00.001 user=Secret database=databasesecret host=[local]
2025-12-19 08:49:45 GMT [1981]: [1-1] user=[unknown],db=[unknown],app=[unknown],client=[local] LOG:  connection received: host=[local]
2025-12-19 08:49:45 GMT [1981]: [2-1] user=Secret,db=databasesecret,app=[unknown],client=[local] LOG:  connection authorized: user=Secret database=databasesecret application_name=pg_isready
2025-12-19 08:49:45 GMT [1981]: [3-1] user=Secret,db=databasesecret,app=pg_isready,client=[local] LOG:  disconnection: session time: 0:00:00.001 user=Secret database=databasesecret host=[local]
2025-12-19 08:49:55 GMT [1990]: [1-1] user=[unknown],db=[unknown],app=[unknown],client=[local] LOG:  connection received: host=[local]
2025-12-19 08:49:55 GMT [1990]: [2-1] user=Secret,db=databasesecret,app=[unknown],client=[local] LOG:  connection authorized: user=Secret database=databasesecret application_name=pg_isready
2025-12-19 08:49:55 GMT [1990]: [3-1] user=Secret,db=databasesecret,app=pg_isready,client=[local] LOG:  disconnection: session time: 0:00:00.001 user=Secret database=databasesecret host=[local]
2025-12-19 08:50:05 GMT [1998]: [1-1] user=[unknown],db=[unknown],app=[unknown],client=[local] LOG:  connection received: host=[local]
2025-12-19 08:50:05 GMT [1998]: [2-1] user=Secret,db=databasesecret,app=[unknown],client=[local] LOG:  connection authorized: user=Secret database=databasesecret application_name=pg_isready
2025-12-19 08:50:05 GMT [1998]: [3-1] user=Secret,db=databasesecret,app=pg_isready,client=[local] LOG:  disconnection: session time: 0:00:00.003 user=Secret database=databasesecret host=[local]
2025-12-19 08:50:16 GMT [2006]: [1-1] user=[unknown],db=[unknown],app=[unknown],client=[local] LOG:  connection received: host=[local]
2025-12-19 08:50:16 GMT [2006]: [2-1] user=Secret,db=databasesecret,app=[unknown],client=[local] LOG:  connection authorized: user=Secret database=databasesecret application_name=pg_isready
2025-12-19 08:50:16 GMT [2006]: [3-1] user=Secret,db=databasesecret,app=pg_isready,client=[local] LOG:  disconnection: session time: 0:00:00.002 user=Secret database=databasesecret host=[local]
2025-12-19 08:50:26 GMT [2014]: [1-1] user=[unknown],db=[unknown],app=[unknown],client=[local] LOG:  connection received: host=[local]
2025-12-19 08:50:26 GMT [2014]: [2-1] user=Secret,db=databasesecret,app=[unknown],client=[local] LOG:  connection authorized: user=Secret database=databasesecret application_name=pg_isready
2025-12-19 08:50:26 GMT [2014]: [3-1] user=Secret,db=databasesecret,app=pg_isready,client=[local] LOG:  disconnection: session time: 0:00:00.004 user=Secret database=databasesecret host=[local]
2025-12-19 08:50:36 GMT [2022]: [1-1] user=[unknown],db=[unknown],app=[unknown],client=[local] LOG:  connection received: host=[local]
2025-12-19 08:50:36 GMT [2022]: [2-1] user=Secret,db=databasesecret,app=[unknown],client=[local] LOG:  connection authorized: user=Secret database=databasesecret application_name=pg_isready
2025-12-19 08:50:36 GMT [2022]: [3-1] user=Secret,db=databasesecret,app=pg_isready,client=[local] LOG:  disconnection: session time: 0:00:00.007 user=Secret database=databasesecret host=[local]
2025-12-19 08:50:48 GMT [2030]: [1-1] user=[unknown],db=[unknown],app=[unknown],client=[local] LOG:  connection received: host=[local]
2025-12-19 08:50:48 GMT [2030]: [2-1] user=Secret,db=databasesecret,app=[unknown],client=[local] LOG:  connection authorized: user=Secret database=databasesecret application_name=pg_isready
2025-12-19 08:50:48 GMT [2030]: [3-1] user=Secret,db=databasesecret,app=pg_isready,client=[local] LOG:  disconnection: session time: 0:00:00.003 user=Secret database=databasesecret host=[local]
2025-12-19 08:50:58 GMT [2040]: [1-1] user=[unknown],db=[unknown],app=[unknown],client=[local] LOG:  connection received: host=[local]
2025-12-19 08:50:58 GMT [2040]: [2-1] user=Secret,db=databasesecret,app=[unknown],client=[local] LOG:  connection authorized: user=Secret database=databasesecret application_name=pg_isready
2025-12-19 08:50:58 GMT [2040]: [3-1] user=Secret,db=databasesecret,app=pg_isready,client=[local] LOG:  disconnection: session time: 0:00:00.003 user=Secret database=databasesecret host=[local]
2025-12-19 08:51:08 GMT [2048]: [1-1] user=[unknown],db=[unknown],app=[unknown],client=[local] LOG:  connection received: host=[local]
2025-12-19 08:51:08 GMT [2048]: [2-1] user=Secret,db=databasesecret,app=[unknown],client=[local] LOG:  connection authorized: user=Secret database=databasesecret application_name=pg_isready
2025-12-19 08:51:08 GMT [2048]: [3-1] user=Secret,db=databasesecret,app=pg_isready,client=[local] LOG:  disconnection: session time: 0:00:00.002 user=Secret database=databasesecret host=[local]
2025-12-19 08:51:19 GMT [2056]: [1-1] user=[unknown],db=[unknown],app=[unknown],client=[local] LOG:  connection received: host=[local]
2025-12-19 08:51:19 GMT [2056]: [2-1] user=Secret,db=databasesecret,app=[unknown],client=[local] LOG:  connection authorized: user=Secret database=databasesecret application_name=pg_isready
2025-12-19 08:51:19 GMT [2056]: [3-1] user=Secret,db=databasesecret,app=pg_isready,client=[local] LOG:  disconnection: session time: 0:00:00.004 user=Secret database=databasesecret host=[local]
2025-12-19 08:51:29 GMT [2064]: [1-1] user=[unknown],db=[unknown],app=[unknown],client=[local] LOG:  connection received: host=[local]
2025-12-19 08:51:29 GMT [2064]: [2-1] user=Secret,db=databasesecret,app=[unknown],client=[local] LOG:  connection authorized: user=Secret database=databasesecret application_name=pg_isready
2025-12-19 08:51:29 GMT [2064]: [3-1] user=Secret,db=databasesecret,app=pg_isready,client=[local] LOG:  disconnection: session time: 0:00:00.002 user=Secret database=databasesecret host=[local]
2025-12-19 08:51:39 GMT [2072]: [1-1] user=[unknown],db=[unknown],app=[unknown],client=[local] LOG:  connection received: host=[local]
2025-12-19 08:51:39 GMT [2072]: [2-1] user=Secret,db=databasesecret,app=[unknown],client=[local] LOG:  connection authorized: user=Secret database=databasesecret application_name=pg_isready
2025-12-19 08:51:39 GMT [2072]: [3-1] user=Secret,db=databasesecret,app=pg_isready,client=[local] LOG:  disconnection: session time: 0:00:00.002 user=Secret database=databasesecret host=[local]
2025-12-19 08:51:50 GMT [2080]: [1-1] user=[unknown],db=[unknown],app=[unknown],client=[local] LOG:  connection received: host=[local]
2025-12-19 08:51:50 GMT [2080]: [2-1] user=Secret,db=databasesecret,app=[unknown],client=[local] LOG:  connection authorized: user=Secret database=databasesecret application_name=pg_isready
2025-12-19 08:51:50 GMT [2080]: [3-1] user=Secret,db=databasesecret,app=pg_isready,client=[local] LOG:  disconnection: session time: 0:00:00.003 user=Secret database=databasesecret host=[local]
2025-12-19 08:52:01 GMT [2089]: [1-1] user=[unknown],db=[unknown],app=[unknown],client=[local] LOG:  connection received: host=[local]
2025-12-19 08:52:01 GMT [2089]: [2-1] user=Secret,db=databasesecret,app=[unknown],client=[local] LOG:  connection authorized: user=Secret database=databasesecret application_name=pg_isready
2025-12-19 08:52:01 GMT [2089]: [3-1] user=Secret,db=databasesecret,app=pg_isready,client=[local] LOG:  disconnection: session time: 0:00:00.003 user=Secret database=databasesecret host=[local]
2025-12-19 08:52:11 GMT [2098]: [1-1] user=[unknown],db=[unknown],app=[unknown],client=[local] LOG:  connection received: host=[local]
2025-12-19 08:52:11 GMT [2098]: [2-1] user=Secret,db=databasesecret,app=[unknown],client=[local] LOG:  connection authorized: user=Secret database=databasesecret application_name=pg_isready
2025-12-19 08:52:11 GMT [2098]: [3-1] user=Secret,db=databasesecret,app=pg_isready,client=[local] LOG:  disconnection: session time: 0:00:00.001 user=Secret database=databasesecret host=[local]
2025-12-19 08:52:22 GMT [2106]: [1-1] user=[unknown],db=[unknown],app=[unknown],client=[local] LOG:  connection received: host=[local]
2025-12-19 08:52:22 GMT [2106]: [2-1] user=Secret,db=databasesecret,app=[unknown],client=[local] LOG:  connection authorized: user=Secret database=databasesecret application_name=pg_isready
2025-12-19 08:52:22 GMT [2106]: [3-1] user=Secret,db=databasesecret,app=pg_isready,client=[local] LOG:  disconnection: session time: 0:00:00.004 user=Secret database=databasesecret host=[local]
2025-12-19 08:52:32 GMT [2114]: [1-1] user=[unknown],db=[unknown],app=[unknown],client=[local] LOG:  connection received: host=[local]
2025-12-19 08:52:32 GMT [2114]: [2-1] user=Secret,db=databasesecret,app=[unknown],client=[local] LOG:  connection authorized: user=Secret database=databasesecret application_name=pg_isready
2025-12-19 08:52:32 GMT [2114]: [3-1] user=Secret,db=databasesecret,app=pg_isready,client=[local] LOG:  disconnection: session time: 0:00:00.002 user=Secret database=databasesecret host=[local]
2025-12-19 08:52:42 GMT [2122]: [1-1] user=[unknown],db=[unknown],app=[unknown],client=[local] LOG:  connection received: host=[local]
2025-12-19 08:52:42 GMT [2122]: [2-1] user=Secret,db=databasesecret,app=[unknown],client=[local] LOG:  connection authorized: user=Secret database=databasesecret application_name=pg_isready
2025-12-19 08:52:42 GMT [2122]: [3-1] user=Secret,db=databasesecret,app=pg_isready,client=[local] LOG:  disconnection: session time: 0:00:00.001 user=Secret database=databasesecret host=[local]
2025-12-19 08:52:53 GMT [2130]: [1-1] user=[unknown],db=[unknown],app=[unknown],client=[local] LOG:  connection received: host=[local]
2025-12-19 08:52:53 GMT [2130]: [2-1] user=Secret,db=databasesecret,app=[unknown],client=[local] LOG:  connection authorized: user=Secret database=databasesecret application_name=pg_isready
2025-12-19 08:52:53 GMT [2130]: [3-1] user=Secret,db=databasesecret,app=pg_isready,client=[local] LOG:  disconnection: session time: 0:00:00.003 user=Secret database=databasesecret host=[local]
2025-12-19 08:53:03 GMT [2139]: [1-1] user=[unknown],db=[unknown],app=[unknown],client=[local] LOG:  connection received: host=[local]
2025-12-19 08:53:03 GMT [2139]: [2-1] user=Secret,db=databasesecret,app=[unknown],client=[local] LOG:  connection authorized: user=Secret database=databasesecret application_name=pg_isready
2025-12-19 08:53:03 GMT [2139]: [3-1] user=Secret,db=databasesecret,app=pg_isready,client=[local] LOG:  disconnection: session time: 0:00:00.002 user=Secret database=databasesecret host=[local]
2025-12-19 08:53:13 GMT [2147]: [1-1] user=[unknown],db=[unknown],app=[unknown],client=[local] LOG:  connection received: host=[local]
2025-12-19 08:53:13 GMT [2147]: [2-1] user=Secret,db=databasesecret,app=[unknown],client=[local] LOG:  connection authorized: user=Secret database=databasesecret application_name=pg_isready
2025-12-19 08:53:13 GMT [2147]: [3-1] user=Secret,db=databasesecret,app=pg_isready,client=[local] LOG:  disconnection: session time: 0:00:00.001 user=Secret database=databasesecret host=[local]
2025-12-19 08:53:25 GMT [2155]: [1-1] user=[unknown],db=[unknown],app=[unknown],client=[local] LOG:  connection received: host=[local]
2025-12-19 08:53:25 GMT [2155]: [2-1] user=Secret,db=databasesecret,app=[unknown],client=[local] LOG:  connection authorized: user=Secret database=databasesecret application_name=pg_isready
2025-12-19 08:53:25 GMT [2155]: [3-1] user=Secret,db=databasesecret,app=pg_isready,client=[local] LOG:  disconnection: session time: 0:00:00.001 user=Secret database=databasesecret host=[local]
2025-12-19 08:53:35 GMT [2163]: [1-1] user=[unknown],db=[unknown],app=[unknown],client=[local] LOG:  connection received: host=[local]
2025-12-19 08:53:35 GMT [2163]: [2-1] user=Secret,db=databasesecret,app=[unknown],client=[local] LOG:  connection authorized: user=Secret database=databasesecret application_name=pg_isready
2025-12-19 08:53:35 GMT [2163]: [3-1] user=Secret,db=databasesecret,app=pg_isready,client=[local] LOG:  disconnection: session time: 0:00:00.002 user=Secret database=databasesecret host=[local]
2025-12-19 08:53:45 GMT [2171]: [1-1] user=[unknown],db=[unknown],app=[unknown],client=[local] LOG:  connection received: host=[local]
2025-12-19 08:53:45 GMT [2171]: [2-1] user=Secret,db=databasesecret,app=[unknown],client=[local] LOG:  connection authorized: user=Secret database=databasesecret application_name=pg_isready
2025-12-19 08:53:45 GMT [2171]: [3-1] user=Secret,db=databasesecret,app=pg_isready,client=[local] LOG:  disconnection: session time: 0:00:00.001 user=Secret database=databasesecret host=[local]
2025-12-19 08:53:56 GMT [2179]: [1-1] user=[unknown],db=[unknown],app=[unknown],client=[local] LOG:  connection received: host=[local]
2025-12-19 08:53:56 GMT [2179]: [2-1] user=Secret,db=databasesecret,app=[unknown],client=[local] LOG:  connection authorized: user=Secret database=databasesecret application_name=pg_isready
2025-12-19 08:53:56 GMT [2179]: [3-1] user=Secret,db=databasesecret,app=pg_isready,client=[local] LOG:  disconnection: session time: 0:00:00.003 user=Secret database=databasesecret host=[local]
2025-12-19 08:54:06 GMT [2188]: [1-1] user=[unknown],db=[unknown],app=[unknown],client=[local] LOG:  connection received: host=[local]
2025-12-19 08:54:06 GMT [2188]: [2-1] user=Secret,db=databasesecret,app=[unknown],client=[local] LOG:  connection authorized: user=Secret database=databasesecret application_name=pg_isready
2025-12-19 08:54:06 GMT [2188]: [3-1] user=Secret,db=databasesecret,app=pg_isready,client=[local] LOG:  disconnection: session time: 0:00:00.004 user=Secret database=databasesecret host=[local]
2025-12-19 08:54:16 GMT [2196]: [1-1] user=[unknown],db=[unknown],app=[unknown],client=[local] LOG:  connection received: host=[local]
2025-12-19 08:54:16 GMT [2196]: [2-1] user=Secret,db=databasesecret,app=[unknown],client=[local] LOG:  connection authorized: user=Secret database=databasesecret application_name=pg_isready
2025-12-19 08:54:16 GMT [2196]: [3-1] user=Secret,db=databasesecret,app=pg_isready,client=[local] LOG:  disconnection: session time: 0:00:00.002 user=Secret database=databasesecret host=[local]
2025-12-19 08:54:27 GMT [2205]: [1-1] user=[unknown],db=[unknown],app=[unknown],client=[local] LOG:  connection received: host=[local]
2025-12-19 08:54:27 GMT [2205]: [2-1] user=Secret,db=databasesecret,app=[unknown],client=[local] LOG:  connection authorized: user=Secret database=databasesecret application_name=pg_isready
2025-12-19 08:54:27 GMT [2205]: [3-1] user=Secret,db=databasesecret,app=pg_isready,client=[local] LOG:  disconnection: session time: 0:00:00.002 user=Secret database=databasesecret host=[local]
2025-12-19 08:54:38 GMT [2214]: [1-1] user=[unknown],db=[unknown],app=[unknown],client=[local] LOG:  connection received: host=[local]
2025-12-19 08:54:38 GMT [2214]: [2-1] user=Secret,db=databasesecret,app=[unknown],client=[local] LOG:  connection authorized: user=Secret database=databasesecret application_name=pg_isready
2025-12-19 08:54:38 GMT [2214]: [3-1] user=Secret,db=databasesecret,app=pg_isready,client=[local] LOG:  disconnection: session time: 0:00:00.001 user=Secret database=databasesecret host=[local]
2025-12-19 08:54:48 GMT [2223]: [1-1] user=[unknown],db=[unknown],app=[unknown],client=[local] LOG:  connection received: host=[local]
2025-12-19 08:54:48 GMT [2223]: [2-1] user=Secret,db=databasesecret,app=[unknown],client=[local] LOG:  connection authorized: user=Secret database=databasesecret application_name=pg_isready
2025-12-19 08:54:48 GMT [2223]: [3-1] user=Secret,db=databasesecret,app=pg_isready,client=[local] LOG:  disconnection: session time: 0:00:00.002 user=Secret database=databasesecret host=[local]
2025-12-19 08:54:59 GMT [2231]: [1-1] user=[unknown],db=[unknown],app=[unknown],client=[local] LOG:  connection received: host=[local]
2025-12-19 08:54:59 GMT [2231]: [2-1] user=Secret,db=databasesecret,app=[unknown],client=[local] LOG:  connection authorized: user=Secret database=databasesecret application_name=pg_isready
2025-12-19 08:54:59 GMT [2231]: [3-1] user=Secret,db=databasesecret,app=pg_isready,client=[local] LOG:  disconnection: session time: 0:00:00.002 user=Secret database=databasesecret host=[local]
2025-12-19 08:55:09 GMT [2240]: [1-1] user=[unknown],db=[unknown],app=[unknown],client=[local] LOG:  connection received: host=[local]
2025-12-19 08:55:09 GMT [2240]: [2-1] user=Secret,db=databasesecret,app=[unknown],client=[local] LOG:  connection authorized: user=Secret database=databasesecret application_name=pg_isready
2025-12-19 08:55:09 GMT [2240]: [3-1] user=Secret,db=databasesecret,app=pg_isready,client=[local] LOG:  disconnection: session time: 0:00:00.004 user=Secret database=databasesecret host=[local]
2025-12-19 08:55:20 GMT [2248]: [1-1] user=[unknown],db=[unknown],app=[unknown],client=[local] LOG:  connection received: host=[local]
2025-12-19 08:55:20 GMT [2248]: [2-1] user=Secret,db=databasesecret,app=[unknown],client=[local] LOG:  connection authorized: user=Secret database=databasesecret application_name=pg_isready
2025-12-19 08:55:20 GMT [2248]: [3-1] user=Secret,db=databasesecret,app=pg_isready,client=[local] LOG:  disconnection: session time: 0:00:00.002 user=Secret database=databasesecret host=[local]
2025-12-19 08:55:30 GMT [2256]: [1-1] user=[unknown],db=[unknown],app=[unknown],client=[local] LOG:  connection received: host=[local]
2025-12-19 08:55:30 GMT [2256]: [2-1] user=Secret,db=databasesecret,app=[unknown],client=[local] LOG:  connection authorized: user=Secret database=databasesecret application_name=pg_isready
2025-12-19 08:55:30 GMT [2256]: [3-1] user=Secret,db=databasesecret,app=pg_isready,client=[local] LOG:  disconnection: session time: 0:00:00.003 user=Secret database=databasesecret host=[local]
2025-12-19 08:55:41 GMT [2264]: [1-1] user=[unknown],db=[unknown],app=[unknown],client=[local] LOG:  connection received: host=[local]
2025-12-19 08:55:41 GMT [2264]: [2-1] user=Secret,db=databasesecret,app=[unknown],client=[local] LOG:  connection authorized: user=Secret database=databasesecret application_name=pg_isready
2025-12-19 08:55:41 GMT [2264]: [3-1] user=Secret,db=databasesecret,app=pg_isready,client=[local] LOG:  disconnection: session time: 0:00:00.001 user=Secret database=databasesecret host=[local]
2025-12-19 08:55:52 GMT [2272]: [1-1] user=[unknown],db=[unknown],app=[unknown],client=[local] LOG:  connection received: host=[local]
2025-12-19 08:55:52 GMT [2272]: [2-1] user=Secret,db=databasesecret,app=[unknown],client=[local] LOG:  connection authorized: user=Secret database=databasesecret application_name=pg_isready
2025-12-19 08:55:52 GMT [2272]: [3-1] user=Secret,db=databasesecret,app=pg_isready,client=[local] LOG:  disconnection: session time: 0:00:00.003 user=Secret database=databasesecret host=[local]
2025-12-19 08:56:02 GMT [2281]: [1-1] user=[unknown],db=[unknown],app=[unknown],client=[local] LOG:  connection received: host=[local]
2025-12-19 08:56:02 GMT [2281]: [2-1] user=Secret,db=databasesecret,app=[unknown],client=[local] LOG:  connection authorized: user=Secret database=databasesecret application_name=pg_isready
2025-12-19 08:56:02 GMT [2281]: [3-1] user=Secret,db=databasesecret,app=pg_isready,client=[local] LOG:  disconnection: session time: 0:00:00.002 user=Secret database=databasesecret host=[local]
2025-12-19 08:56:12 GMT [2289]: [1-1] user=[unknown],db=[unknown],app=[unknown],client=[local] LOG:  connection received: host=[local]
2025-12-19 08:56:12 GMT [2289]: [2-1] user=Secret,db=databasesecret,app=[unknown],client=[local] LOG:  connection authorized: user=Secret database=databasesecret application_name=pg_isready
2025-12-19 08:56:12 GMT [2289]: [3-1] user=Secret,db=databasesecret,app=pg_isready,client=[local] LOG:  disconnection: session time: 0:00:00.003 user=Secret database=databasesecret host=[local]
2025-12-19 08:56:23 GMT [2297]: [1-1] user=[unknown],db=[unknown],app=[unknown],client=[local] LOG:  connection received: host=[local]
2025-12-19 08:56:23 GMT [2297]: [2-1] user=Secret,db=databasesecret,app=[unknown],client=[local] LOG:  connection authorized: user=Secret database=databasesecret application_name=pg_isready
2025-12-19 08:56:23 GMT [2297]: [3-1] user=Secret,db=databasesecret,app=pg_isready,client=[local] LOG:  disconnection: session time: 0:00:00.001 user=Secret database=databasesecret host=[local]
2025-12-19 08:56:33 GMT [2305]: [1-1] user=[unknown],db=[unknown],app=[unknown],client=[local] LOG:  connection received: host=[local]
2025-12-19 08:56:33 GMT [2305]: [2-1] user=Secret,db=databasesecret,app=[unknown],client=[local] LOG:  connection authorized: user=Secret database=databasesecret application_name=pg_isready
2025-12-19 08:56:33 GMT [2305]: [3-1] user=Secret,db=databasesecret,app=pg_isready,client=[local] LOG:  disconnection: session time: 0:00:00.003 user=Secret database=databasesecret host=[local]
2025-12-19 08:56:43 GMT [2313]: [1-1] user=[unknown],db=[unknown],app=[unknown],client=[local] LOG:  connection received: host=[local]
2025-12-19 08:56:43 GMT [2313]: [2-1] user=Secret,db=databasesecret,app=[unknown],client=[local] LOG:  connection authorized: user=Secret database=databasesecret application_name=pg_isready
2025-12-19 08:56:43 GMT [2313]: [3-1] user=Secret,db=databasesecret,app=pg_isready,client=[local] LOG:  disconnection: session time: 0:00:00.002 user=Secret database=databasesecret host=[local]
2025-12-19 08:56:54 GMT [2321]: [1-1] user=[unknown],db=[unknown],app=[unknown],client=[local] LOG:  connection received: host=[local]
2025-12-19 08:56:54 GMT [2321]: [2-1] user=Secret,db=databasesecret,app=[unknown],client=[local] LOG:  connection authorized: user=Secret database=databasesecret application_name=pg_isready
2025-12-19 08:56:54 GMT [2321]: [3-1] user=Secret,db=databasesecret,app=pg_isready,client=[local] LOG:  disconnection: session time: 0:00:00.003 user=Secret database=databasesecret host=[local]
2025-12-19 08:57:04 GMT [2330]: [1-1] user=[unknown],db=[unknown],app=[unknown],client=[local] LOG:  connection received: host=[local]
2025-12-19 08:57:04 GMT [2330]: [2-1] user=Secret,db=databasesecret,app=[unknown],client=[local] LOG:  connection authorized: user=Secret database=databasesecret application_name=pg_isready
2025-12-19 08:57:04 GMT [2330]: [3-1] user=Secret,db=databasesecret,app=pg_isready,client=[local] LOG:  disconnection: session time: 0:00:00.001 user=Secret database=databasesecret host=[local]
2025-12-19 08:57:15 GMT [2338]: [1-1] user=[unknown],db=[unknown],app=[unknown],client=[local] LOG:  connection received: host=[local]
2025-12-19 08:57:15 GMT [2338]: [2-1] user=Secret,db=databasesecret,app=[unknown],client=[local] LOG:  connection authorized: user=Secret database=databasesecret application_name=pg_isready
2025-12-19 08:57:15 GMT [2338]: [3-1] user=Secret,db=databasesecret,app=pg_isready,client=[local] LOG:  disconnection: session time: 0:00:00.003 user=Secret database=databasesecret host=[local]
2025-12-19 08:57:26 GMT [2346]: [1-1] user=[unknown],db=[unknown],app=[unknown],client=[local] LOG:  connection received: host=[local]
2025-12-19 08:57:26 GMT [2346]: [2-1] user=Secret,db=databasesecret,app=[unknown],client=[local] LOG:  connection authorized: user=Secret database=databasesecret application_name=pg_isready
2025-12-19 08:57:26 GMT [2346]: [3-1] user=Secret,db=databasesecret,app=pg_isready,client=[local] LOG:  disconnection: session time: 0:00:00.003 user=Secret database=databasesecret host=[local]
2025-12-19 08:57:36 GMT [2354]: [1-1] user=[unknown],db=[unknown],app=[unknown],client=[local] LOG:  connection received: host=[local]
2025-12-19 08:57:36 GMT [2354]: [2-1] user=Secret,db=databasesecret,app=[unknown],client=[local] LOG:  connection authorized: user=Secret database=databasesecret application_name=pg_isready
2025-12-19 08:57:36 GMT [2354]: [3-1] user=Secret,db=databasesecret,app=pg_isready,client=[local] LOG:  disconnection: session time: 0:00:00.003 user=Secret database=databasesecret host=[local]
2025-12-19 08:57:46 GMT [2362]: [1-1] user=[unknown],db=[unknown],app=[unknown],client=[local] LOG:  connection received: host=[local]
2025-12-19 08:57:46 GMT [2362]: [2-1] user=Secret,db=databasesecret,app=[unknown],client=[local] LOG:  connection authorized: user=Secret database=databasesecret application_name=pg_isready
2025-12-19 08:57:46 GMT [2362]: [3-1] user=Secret,db=databasesecret,app=pg_isready,client=[local] LOG:  disconnection: session time: 0:00:00.001 user=Secret database=databasesecret host=[local]
2025-12-19 08:57:57 GMT [2370]: [1-1] user=[unknown],db=[unknown],app=[unknown],client=[local] LOG:  connection received: host=[local]
2025-12-19 08:57:57 GMT [2370]: [2-1] user=Secret,db=databasesecret,app=[unknown],client=[local] LOG:  connection authorized: user=Secret database=databasesecret application_name=pg_isready
2025-12-19 08:57:57 GMT [2370]: [3-1] user=Secret,db=databasesecret,app=pg_isready,client=[local] LOG:  disconnection: session time: 0:00:00.003 user=Secret database=databasesecret host=[local]
2025-12-19 08:58:07 GMT [2379]: [1-1] user=[unknown],db=[unknown],app=[unknown],client=[local] LOG:  connection received: host=[local]
2025-12-19 08:58:07 GMT [2379]: [2-1] user=Secret,db=databasesecret,app=[unknown],client=[local] LOG:  connection authorized: user=Secret database=databasesecret application_name=pg_isready
2025-12-19 08:58:07 GMT [2379]: [3-1] user=Secret,db=databasesecret,app=pg_isready,client=[local] LOG:  disconnection: session time: 0:00:00.003 user=Secret database=databasesecret host=[local]
2025-12-19 08:58:17 GMT [2387]: [1-1] user=[unknown],db=[unknown],app=[unknown],client=[local] LOG:  connection received: host=[local]
2025-12-19 08:58:17 GMT [2387]: [2-1] user=Secret,db=databasesecret,app=[unknown],client=[local] LOG:  connection authorized: user=Secret database=databasesecret application_name=pg_isready
2025-12-19 08:58:17 GMT [2387]: [3-1] user=Secret,db=databasesecret,app=pg_isready,client=[local] LOG:  disconnection: session time: 0:00:00.002 user=Secret database=databasesecret host=[local]
2025-12-19 08:58:29 GMT [2395]: [1-1] user=[unknown],db=[unknown],app=[unknown],client=[local] LOG:  connection received: host=[local]
2025-12-19 08:58:29 GMT [2395]: [2-1] user=Secret,db=databasesecret,app=[unknown],client=[local] LOG:  connection authorized: user=Secret database=databasesecret application_name=pg_isready
2025-12-19 08:58:29 GMT [2395]: [3-1] user=Secret,db=databasesecret,app=pg_isready,client=[local] LOG:  disconnection: session time: 0:00:00.003 user=Secret database=databasesecret host=[local]
2025-12-19 08:58:39 GMT [2403]: [1-1] user=[unknown],db=[unknown],app=[unknown],client=[local] LOG:  connection received: host=[local]
2025-12-19 08:58:39 GMT [2403]: [2-1] user=Secret,db=databasesecret,app=[unknown],client=[local] LOG:  connection authorized: user=Secret database=databasesecret application_name=pg_isready
2025-12-19 08:58:39 GMT [2403]: [3-1] user=Secret,db=databasesecret,app=pg_isready,client=[local] LOG:  disconnection: session time: 0:00:00.003 user=Secret database=databasesecret host=[local]
2025-12-19 08:58:49 GMT [2412]: [1-1] user=[unknown],db=[unknown],app=[unknown],client=[local] LOG:  connection received: host=[local]
2025-12-19 08:58:49 GMT [2412]: [2-1] user=Secret,db=databasesecret,app=[unknown],client=[local] LOG:  connection authorized: user=Secret database=databasesecret application_name=pg_isready
2025-12-19 08:58:49 GMT [2412]: [3-1] user=Secret,db=databasesecret,app=pg_isready,client=[local] LOG:  disconnection: session time: 0:00:00.003 user=Secret database=databasesecret host=[local]
2025-12-19 08:59:00 GMT [2420]: [1-1] user=[unknown],db=[unknown],app=[unknown],client=[local] LOG:  connection received: host=[local]
2025-12-19 08:59:00 GMT [2420]: [2-1] user=Secret,db=databasesecret,app=[unknown],client=[local] LOG:  connection authorized: user=Secret database=databasesecret application_name=pg_isready
2025-12-19 08:59:00 GMT [2420]: [3-1] user=Secret,db=databasesecret,app=pg_isready,client=[local] LOG:  disconnection: session time: 0:00:00.003 user=Secret database=databasesecret host=[local]
2025-12-19 08:59:10 GMT [2429]: [1-1] user=[unknown],db=[unknown],app=[unknown],client=[local] LOG:  connection received: host=[local]
2025-12-19 08:59:10 GMT [2429]: [2-1] user=Secret,db=databasesecret,app=[unknown],client=[local] LOG:  connection authorized: user=Secret database=databasesecret application_name=pg_isready
2025-12-19 08:59:10 GMT [2429]: [3-1] user=Secret,db=databasesecret,app=pg_isready,client=[local] LOG:  disconnection: session time: 0:00:00.001 user=Secret database=databasesecret host=[local]
2025-12-19 08:59:20 GMT [2437]: [1-1] user=[unknown],db=[unknown],app=[unknown],client=[local] LOG:  connection received: host=[local]
2025-12-19 08:59:20 GMT [2437]: [2-1] user=Secret,db=databasesecret,app=[unknown],client=[local] LOG:  connection authorized: user=Secret database=databasesecret application_name=pg_isready
2025-12-19 08:59:20 GMT [2437]: [3-1] user=Secret,db=databasesecret,app=pg_isready,client=[local] LOG:  disconnection: session time: 0:00:00.002 user=Secret database=databasesecret host=[local]
2025-12-19 08:59:31 GMT [2445]: [1-1] user=[unknown],db=[unknown],app=[unknown],client=[local] LOG:  connection received: host=[local]
2025-12-19 08:59:31 GMT [2445]: [2-1] user=Secret,db=databasesecret,app=[unknown],client=[local] LOG:  connection authorized: user=Secret database=databasesecret application_name=pg_isready
2025-12-19 08:59:31 GMT [2445]: [3-1] user=Secret,db=databasesecret,app=pg_isready,client=[local] LOG:  disconnection: session time: 0:00:00.002 user=Secret database=databasesecret host=[local]
2025-12-19 08:59:42 GMT [2453]: [1-1] user=[unknown],db=[unknown],app=[unknown],client=[local] LOG:  connection received: host=[local]
2025-12-19 08:59:42 GMT [2453]: [2-1] user=Secret,db=databasesecret,app=[unknown],client=[local] LOG:  connection authorized: user=Secret database=databasesecret application_name=pg_isready
2025-12-19 08:59:42 GMT [2453]: [3-1] user=Secret,db=databasesecret,app=pg_isready,client=[local] LOG:  disconnection: session time: 0:00:00.003 user=Secret database=databasesecret host=[local]
2025-12-19 08:59:52 GMT [2461]: [1-1] user=[unknown],db=[unknown],app=[unknown],client=[local] LOG:  connection received: host=[local]
2025-12-19 08:59:52 GMT [2461]: [2-1] user=Secret,db=databasesecret,app=[unknown],client=[local] LOG:  connection authorized: user=Secret database=databasesecret application_name=pg_isready
2025-12-19 08:59:52 GMT [2461]: [3-1] user=Secret,db=databasesecret,app=pg_isready,client=[local] LOG:  disconnection: session time: 0:00:00.003 user=Secret database=databasesecret host=[local]
2025-12-19 09:00:03 GMT [2470]: [1-1] user=[unknown],db=[unknown],app=[unknown],client=[local] LOG:  connection received: host=[local]
2025-12-19 09:00:03 GMT [2470]: [2-1] user=Secret,db=databasesecret,app=[unknown],client=[local] LOG:  connection authorized: user=Secret database=databasesecret application_name=pg_isready
2025-12-19 09:00:03 GMT [2470]: [3-1] user=Secret,db=databasesecret,app=pg_isready,client=[local] LOG:  disconnection: session time: 0:00:00.004 user=Secret database=databasesecret host=[local]
2025-12-19 09:00:13 GMT [2479]: [1-1] user=[unknown],db=[unknown],app=[unknown],client=[local] LOG:  connection received: host=[local]
2025-12-19 09:00:13 GMT [2479]: [2-1] user=Secret,db=databasesecret,app=[unknown],client=[local] LOG:  connection authorized: user=Secret database=databasesecret application_name=pg_isready
2025-12-19 09:00:13 GMT [2479]: [3-1] user=Secret,db=databasesecret,app=pg_isready,client=[local] LOG:  disconnection: session time: 0:00:00.005 user=Secret database=databasesecret host=[local]
2025-12-19 09:00:23 GMT [2487]: [1-1] user=[unknown],db=[unknown],app=[unknown],client=[local] LOG:  connection received: host=[local]
2025-12-19 09:00:23 GMT [2487]: [2-1] user=Secret,db=databasesecret,app=[unknown],client=[local] LOG:  connection authorized: user=Secret database=databasesecret application_name=pg_isready
2025-12-19 09:00:23 GMT [2487]: [3-1] user=Secret,db=databasesecret,app=pg_isready,client=[local] LOG:  disconnection: session time: 0:00:00.003 user=Secret database=databasesecret host=[local]
2025-12-19 09:00:34 GMT [2495]: [1-1] user=[unknown],db=[unknown],app=[unknown],client=[local] LOG:  connection received: host=[local]
2025-12-19 09:00:34 GMT [2495]: [2-1] user=Secret,db=databasesecret,app=[unknown],client=[local] LOG:  connection authorized: user=Secret database=databasesecret application_name=pg_isready
2025-12-19 09:00:34 GMT [2495]: [3-1] user=Secret,db=databasesecret,app=pg_isready,client=[local] LOG:  disconnection: session time: 0:00:00.002 user=Secret database=databasesecret host=[local]
2025-12-19 09:00:45 GMT [2503]: [1-1] user=[unknown],db=[unknown],app=[unknown],client=[local] LOG:  connection received: host=[local]
2025-12-19 09:00:45 GMT [2503]: [2-1] user=Secret,db=databasesecret,app=[unknown],client=[local] LOG:  connection authorized: user=Secret database=databasesecret application_name=pg_isready
2025-12-19 09:00:45 GMT [2503]: [3-1] user=Secret,db=databasesecret,app=pg_isready,client=[local] LOG:  disconnection: session time: 0:00:00.002 user=Secret database=databasesecret host=[local]
2025-12-19 09:00:55 GMT [2511]: [1-1] user=[unknown],db=[unknown],app=[unknown],client=[local] LOG:  connection received: host=[local]
2025-12-19 09:00:55 GMT [2511]: [2-1] user=Secret,db=databasesecret,app=[unknown],client=[local] LOG:  connection authorized: user=Secret database=databasesecret application_name=pg_isready
2025-12-19 09:00:55 GMT [2511]: [3-1] user=Secret,db=databasesecret,app=pg_isready,client=[local] LOG:  disconnection: session time: 0:00:00.002 user=Secret database=databasesecret host=[local]
2025-12-19 09:01:06 GMT [2519]: [1-1] user=[unknown],db=[unknown],app=[unknown],client=[local] LOG:  connection received: host=[local]
2025-12-19 09:01:06 GMT [2519]: [2-1] user=Secret,db=databasesecret,app=[unknown],client=[local] LOG:  connection authorized: user=Secret database=databasesecret application_name=pg_isready
2025-12-19 09:01:06 GMT [2519]: [3-1] user=Secret,db=databasesecret,app=pg_isready,client=[local] LOG:  disconnection: session time: 0:00:00.003 user=Secret database=databasesecret host=[local]
2025-12-19 09:01:16 GMT [2528]: [1-1] user=[unknown],db=[unknown],app=[unknown],client=[local] LOG:  connection received: host=[local]
2025-12-19 09:01:16 GMT [2528]: [2-1] user=Secret,db=databasesecret,app=[unknown],client=[local] LOG:  connection authorized: user=Secret database=databasesecret application_name=pg_isready
2025-12-19 09:01:16 GMT [2528]: [3-1] user=Secret,db=databasesecret,app=pg_isready,client=[local] LOG:  disconnection: session time: 0:00:00.002 user=Secret database=databasesecret host=[local]
2025-12-19 09:01:26 GMT [2536]: [1-1] user=[unknown],db=[unknown],app=[unknown],client=[local] LOG:  connection received: host=[local]
2025-12-19 09:01:26 GMT [2536]: [2-1] user=Secret,db=databasesecret,app=[unknown],client=[local] LOG:  connection authorized: user=Secret database=databasesecret application_name=pg_isready
2025-12-19 09:01:26 GMT [2536]: [3-1] user=Secret,db=databasesecret,app=pg_isready,client=[local] LOG:  disconnection: session time: 0:00:00.001 user=Secret database=databasesecret host=[local]
2025-12-19 09:01:37 GMT [2544]: [1-1] user=[unknown],db=[unknown],app=[unknown],client=[local] LOG:  connection received: host=[local]
2025-12-19 09:01:37 GMT [2544]: [2-1] user=Secret,db=databasesecret,app=[unknown],client=[local] LOG:  connection authorized: user=Secret database=databasesecret application_name=pg_isready
2025-12-19 09:01:37 GMT [2544]: [3-1] user=Secret,db=databasesecret,app=pg_isready,client=[local] LOG:  disconnection: session time: 0:00:00.002 user=Secret database=databasesecret host=[local]
2025-12-19 09:01:47 GMT [2552]: [1-1] user=[unknown],db=[unknown],app=[unknown],client=[local] LOG:  connection received: host=[local]
2025-12-19 09:01:47 GMT [2552]: [2-1] user=Secret,db=databasesecret,app=[unknown],client=[local] LOG:  connection authorized: user=Secret database=databasesecret application_name=pg_isready
2025-12-19 09:01:47 GMT [2552]: [3-1] user=Secret,db=databasesecret,app=pg_isready,client=[local] LOG:  disconnection: session time: 0:00:00.003 user=Secret database=databasesecret host=[local]
2025-12-19 09:01:58 GMT [2560]: [1-1] user=[unknown],db=[unknown],app=[unknown],client=[local] LOG:  connection received: host=[local]
2025-12-19 09:01:58 GMT [2560]: [2-1] user=Secret,db=databasesecret,app=[unknown],client=[local] LOG:  connection authorized: user=Secret database=databasesecret application_name=pg_isready
2025-12-19 09:01:58 GMT [2560]: [3-1] user=Secret,db=databasesecret,app=pg_isready,client=[local] LOG:  disconnection: session time: 0:00:00.003 user=Secret database=databasesecret host=[local]
2025-12-19 09:02:09 GMT [2568]: [1-1] user=[unknown],db=[unknown],app=[unknown],client=[local] LOG:  connection received: host=[local]
2025-12-19 09:02:09 GMT [2568]: [2-1] user=Secret,db=databasesecret,app=[unknown],client=[local] LOG:  connection authorized: user=Secret database=databasesecret application_name=pg_isready
2025-12-19 09:02:09 GMT [2568]: [3-1] user=Secret,db=databasesecret,app=pg_isready,client=[local] LOG:  disconnection: session time: 0:00:00.001 user=Secret database=databasesecret host=[local]
2025-12-19 09:02:19 GMT [2577]: [1-1] user=[unknown],db=[unknown],app=[unknown],client=[local] LOG:  connection received: host=[local]
2025-12-19 09:02:19 GMT [2577]: [2-1] user=Secret,db=databasesecret,app=[unknown],client=[local] LOG:  connection authorized: user=Secret database=databasesecret application_name=pg_isready
2025-12-19 09:02:19 GMT [2577]: [3-1] user=Secret,db=databasesecret,app=pg_isready,client=[local] LOG:  disconnection: session time: 0:00:00.003 user=Secret database=databasesecret host=[local]
2025-12-19 09:02:29 GMT [2585]: [1-1] user=[unknown],db=[unknown],app=[unknown],client=[local] LOG:  connection received: host=[local]
2025-12-19 09:02:29 GMT [2585]: [2-1] user=Secret,db=databasesecret,app=[unknown],client=[local] LOG:  connection authorized: user=Secret database=databasesecret application_name=pg_isready
2025-12-19 09:02:29 GMT [2585]: [3-1] user=Secret,db=databasesecret,app=pg_isready,client=[local] LOG:  disconnection: session time: 0:00:00.004 user=Secret database=databasesecret host=[local]
2025-12-19 09:02:40 GMT [2593]: [1-1] user=[unknown],db=[unknown],app=[unknown],client=[local] LOG:  connection received: host=[local]
2025-12-19 09:02:40 GMT [2593]: [2-1] user=Secret,db=databasesecret,app=[unknown],client=[local] LOG:  connection authorized: user=Secret database=databasesecret application_name=pg_isready
2025-12-19 09:02:40 GMT [2593]: [3-1] user=Secret,db=databasesecret,app=pg_isready,client=[local] LOG:  disconnection: session time: 0:00:00.001 user=Secret database=databasesecret host=[local]
2025-12-19 09:02:50 GMT [2601]: [1-1] user=[unknown],db=[unknown],app=[unknown],client=[local] LOG:  connection received: host=[local]
2025-12-19 09:02:50 GMT [2601]: [2-1] user=Secret,db=databasesecret,app=[unknown],client=[local] LOG:  connection authorized: user=Secret database=databasesecret application_name=pg_isready
2025-12-19 09:02:50 GMT [2601]: [3-1] user=Secret,db=databasesecret,app=pg_isready,client=[local] LOG:  disconnection: session time: 0:00:00.002 user=Secret database=databasesecret host=[local]
2025-12-19 09:03:01 GMT [2609]: [1-1] user=[unknown],db=[unknown],app=[unknown],client=[local] LOG:  connection received: host=[local]
2025-12-19 09:03:01 GMT [2609]: [2-1] user=Secret,db=databasesecret,app=[unknown],client=[local] LOG:  connection authorized: user=Secret database=databasesecret application_name=pg_isready
2025-12-19 09:03:01 GMT [2609]: [3-1] user=Secret,db=databasesecret,app=pg_isready,client=[local] LOG:  disconnection: session time: 0:00:00.003 user=Secret database=databasesecret host=[local]
2025-12-19 09:03:12 GMT [2617]: [1-1] user=[unknown],db=[unknown],app=[unknown],client=[local] LOG:  connection received: host=[local]
2025-12-19 09:03:12 GMT [2617]: [2-1] user=Secret,db=databasesecret,app=[unknown],client=[local] LOG:  connection authorized: user=Secret database=databasesecret application_name=pg_isready
2025-12-19 09:03:12 GMT [2617]: [3-1] user=Secret,db=databasesecret,app=pg_isready,client=[local] LOG:  disconnection: session time: 0:00:00.002 user=Secret database=databasesecret host=[local]
2025-12-19 09:03:22 GMT [2626]: [1-1] user=[unknown],db=[unknown],app=[unknown],client=[local] LOG:  connection received: host=[local]
2025-12-19 09:03:22 GMT [2626]: [2-1] user=Secret,db=databasesecret,app=[unknown],client=[local] LOG:  connection authorized: user=Secret database=databasesecret application_name=pg_isready
2025-12-19 09:03:22 GMT [2626]: [3-1] user=Secret,db=databasesecret,app=pg_isready,client=[local] LOG:  disconnection: session time: 0:00:00.001 user=Secret database=databasesecret host=[local]
2025-12-19 09:03:32 GMT [2634]: [1-1] user=[unknown],db=[unknown],app=[unknown],client=[local] LOG:  connection received: host=[local]
2025-12-19 09:03:32 GMT [2634]: [2-1] user=Secret,db=databasesecret,app=[unknown],client=[local] LOG:  connection authorized: user=Secret database=databasesecret application_name=pg_isready
2025-12-19 09:03:32 GMT [2634]: [3-1] user=Secret,db=databasesecret,app=pg_isready,client=[local] LOG:  disconnection: session time: 0:00:00.002 user=Secret database=databasesecret host=[local]
2025-12-19 09:03:43 GMT [2642]: [1-1] user=[unknown],db=[unknown],app=[unknown],client=[local] LOG:  connection received: host=[local]
2025-12-19 09:03:43 GMT [2642]: [2-1] user=Secret,db=databasesecret,app=[unknown],client=[local] LOG:  connection authorized: user=Secret database=databasesecret application_name=pg_isready
2025-12-19 09:03:43 GMT [2642]: [3-1] user=Secret,db=databasesecret,app=pg_isready,client=[local] LOG:  disconnection: session time: 0:00:00.002 user=Secret database=databasesecret host=[local]
2025-12-19 09:03:53 GMT [2651]: [1-1] user=[unknown],db=[unknown],app=[unknown],client=[local] LOG:  connection received: host=[local]
2025-12-19 09:03:53 GMT [2651]: [2-1] user=Secret,db=databasesecret,app=[unknown],client=[local] LOG:  connection authorized: user=Secret database=databasesecret application_name=pg_isready
2025-12-19 09:03:53 GMT [2651]: [3-1] user=Secret,db=databasesecret,app=pg_isready,client=[local] LOG:  disconnection: session time: 0:00:00.003 user=Secret database=databasesecret host=[local]
2025-12-19 09:04:04 GMT [2659]: [1-1] user=[unknown],db=[unknown],app=[unknown],client=[local] LOG:  connection received: host=[local]
2025-12-19 09:04:04 GMT [2659]: [2-1] user=Secret,db=databasesecret,app=[unknown],client=[local] LOG:  connection authorized: user=Secret database=databasesecret application_name=pg_isready
2025-12-19 09:04:04 GMT [2659]: [3-1] user=Secret,db=databasesecret,app=pg_isready,client=[local] LOG:  disconnection: session time: 0:00:00.001 user=Secret database=databasesecret host=[local]
2025-12-19 09:04:15 GMT [2667]: [1-1] user=[unknown],db=[unknown],app=[unknown],client=[local] LOG:  connection received: host=[local]
2025-12-19 09:04:15 GMT [2667]: [2-1] user=Secret,db=databasesecret,app=[unknown],client=[local] LOG:  connection authorized: user=Secret database=databasesecret application_name=pg_isready
2025-12-19 09:04:15 GMT [2667]: [3-1] user=Secret,db=databasesecret,app=pg_isready,client=[local] LOG:  disconnection: session time: 0:00:00.001 user=Secret database=databasesecret host=[local]
2025-12-19 09:04:25 GMT [2676]: [1-1] user=[unknown],db=[unknown],app=[unknown],client=[local] LOG:  connection received: host=[local]
2025-12-19 09:04:25 GMT [2676]: [2-1] user=Secret,db=databasesecret,app=[unknown],client=[local] LOG:  connection authorized: user=Secret database=databasesecret application_name=pg_isready
2025-12-19 09:04:25 GMT [2676]: [3-1] user=Secret,db=databasesecret,app=pg_isready,client=[local] LOG:  disconnection: session time: 0:00:00.001 user=Secret database=databasesecret host=[local]
2025-12-19 09:04:35 GMT [2684]: [1-1] user=[unknown],db=[unknown],app=[unknown],client=[local] LOG:  connection received: host=[local]
2025-12-19 09:04:35 GMT [2684]: [2-1] user=Secret,db=databasesecret,app=[unknown],client=[local] LOG:  connection authorized: user=Secret database=databasesecret application_name=pg_isready
2025-12-19 09:04:35 GMT [2684]: [3-1] user=Secret,db=databasesecret,app=pg_isready,client=[local] LOG:  disconnection: session time: 0:00:00.002 user=Secret database=databasesecret host=[local]
2025-12-19 09:04:46 GMT [2692]: [1-1] user=[unknown],db=[unknown],app=[unknown],client=[local] LOG:  connection received: host=[local]
2025-12-19 09:04:46 GMT [2692]: [2-1] user=Secret,db=databasesecret,app=[unknown],client=[local] LOG:  connection authorized: user=Secret database=databasesecret application_name=pg_isready
2025-12-19 09:04:46 GMT [2692]: [3-1] user=Secret,db=databasesecret,app=pg_isready,client=[local] LOG:  disconnection: session time: 0:00:00.002 user=Secret database=databasesecret host=[local]
2025-12-19 09:04:56 GMT [2700]: [1-1] user=[unknown],db=[unknown],app=[unknown],client=[local] LOG:  connection received: host=[local]
2025-12-19 09:04:56 GMT [2700]: [2-1] user=Secret,db=databasesecret,app=[unknown],client=[local] LOG:  connection authorized: user=Secret database=databasesecret application_name=pg_isready
2025-12-19 09:04:56 GMT [2700]: [3-1] user=Secret,db=databasesecret,app=pg_isready,client=[local] LOG:  disconnection: session time: 0:00:00.002 user=Secret database=databasesecret host=[local]
2025-12-19 09:05:07 GMT [2708]: [1-1] user=[unknown],db=[unknown],app=[unknown],client=[local] LOG:  connection received: host=[local]
2025-12-19 09:05:07 GMT [2708]: [2-1] user=Secret,db=databasesecret,app=[unknown],client=[local] LOG:  connection authorized: user=Secret database=databasesecret application_name=pg_isready
2025-12-19 09:05:07 GMT [2708]: [3-1] user=Secret,db=databasesecret,app=pg_isready,client=[local] LOG:  disconnection: session time: 0:00:00.002 user=Secret database=databasesecret host=[local]
2025-12-19 09:05:17 GMT [2716]: [1-1] user=[unknown],db=[unknown],app=[unknown],client=[local] LOG:  connection received: host=[local]
2025-12-19 09:05:17 GMT [2716]: [2-1] user=Secret,db=databasesecret,app=[unknown],client=[local] LOG:  connection authorized: user=Secret database=databasesecret application_name=pg_isready
2025-12-19 09:05:17 GMT [2716]: [3-1] user=Secret,db=databasesecret,app=pg_isready,client=[local] LOG:  disconnection: session time: 0:00:00.002 user=Secret database=databasesecret host=[local]
2025-12-19 09:05:28 GMT [2725]: [1-1] user=[unknown],db=[unknown],app=[unknown],client=[local] LOG:  connection received: host=[local]
2025-12-19 09:05:28 GMT [2725]: [2-1] user=Secret,db=databasesecret,app=[unknown],client=[local] LOG:  connection authorized: user=Secret database=databasesecret application_name=pg_isready
2025-12-19 09:05:28 GMT [2725]: [3-1] user=Secret,db=databasesecret,app=pg_isready,client=[local] LOG:  disconnection: session time: 0:00:00.002 user=Secret database=databasesecret host=[local]
2025-12-19 09:05:39 GMT [2733]: [1-1] user=[unknown],db=[unknown],app=[unknown],client=[local] LOG:  connection received: host=[local]
2025-12-19 09:05:39 GMT [2733]: [2-1] user=Secret,db=databasesecret,app=[unknown],client=[local] LOG:  connection authorized: user=Secret database=databasesecret application_name=pg_isready
2025-12-19 09:05:39 GMT [2733]: [3-1] user=Secret,db=databasesecret,app=pg_isready,client=[local] LOG:  disconnection: session time: 0:00:00.003 user=Secret database=databasesecret host=[local]
2025-12-19 09:05:49 GMT [2741]: [1-1] user=[unknown],db=[unknown],app=[unknown],client=[local] LOG:  connection received: host=[local]
2025-12-19 09:05:49 GMT [2741]: [2-1] user=Secret,db=databasesecret,app=[unknown],client=[local] LOG:  connection authorized: user=Secret database=databasesecret application_name=pg_isready
2025-12-19 09:05:49 GMT [2741]: [3-1] user=Secret,db=databasesecret,app=pg_isready,client=[local] LOG:  disconnection: session time: 0:00:00.003 user=Secret database=databasesecret host=[local]
2025-12-19 09:05:59 GMT [2749]: [1-1] user=[unknown],db=[unknown],app=[unknown],client=[local] LOG:  connection received: host=[local]
2025-12-19 09:05:59 GMT [2749]: [2-1] user=Secret,db=databasesecret,app=[unknown],client=[local] LOG:  connection authorized: user=Secret database=databasesecret application_name=pg_isready
2025-12-19 09:05:59 GMT [2749]: [3-1] user=Secret,db=databasesecret,app=pg_isready,client=[local] LOG:  disconnection: session time: 0:00:00.003 user=Secret database=databasesecret host=[local]
2025-12-19 09:06:10 GMT [2757]: [1-1] user=[unknown],db=[unknown],app=[unknown],client=[local] LOG:  connection received: host=[local]
2025-12-19 09:06:10 GMT [2757]: [2-1] user=Secret,db=databasesecret,app=[unknown],client=[local] LOG:  connection authorized: user=Secret database=databasesecret application_name=pg_isready
2025-12-19 09:06:10 GMT [2757]: [3-1] user=Secret,db=databasesecret,app=pg_isready,client=[local] LOG:  disconnection: session time: 0:00:00.004 user=Secret database=databasesecret host=[local]
2025-12-19 09:06:20 GMT [2766]: [1-1] user=[unknown],db=[unknown],app=[unknown],client=[local] LOG:  connection received: host=[local]
2025-12-19 09:06:20 GMT [2766]: [2-1] user=Secret,db=databasesecret,app=[unknown],client=[local] LOG:  connection authorized: user=Secret database=databasesecret application_name=pg_isready
2025-12-19 09:06:20 GMT [2766]: [3-1] user=Secret,db=databasesecret,app=pg_isready,client=[local] LOG:  disconnection: session time: 0:00:00.002 user=Secret database=databasesecret host=[local]
2025-12-19 09:06:31 GMT [2774]: [1-1] user=[unknown],db=[unknown],app=[unknown],client=[local] LOG:  connection received: host=[local]
2025-12-19 09:06:31 GMT [2774]: [2-1] user=Secret,db=databasesecret,app=[unknown],client=[local] LOG:  connection authorized: user=Secret database=databasesecret application_name=pg_isready
2025-12-19 09:06:31 GMT [2774]: [3-1] user=Secret,db=databasesecret,app=pg_isready,client=[local] LOG:  disconnection: session time: 0:00:00.004 user=Secret database=databasesecret host=[local]
2025-12-19 09:06:42 GMT [2782]: [1-1] user=[unknown],db=[unknown],app=[unknown],client=[local] LOG:  connection received: host=[local]
2025-12-19 09:06:42 GMT [2782]: [2-1] user=Secret,db=databasesecret,app=[unknown],client=[local] LOG:  connection authorized: user=Secret database=databasesecret application_name=pg_isready
2025-12-19 09:06:42 GMT [2782]: [3-1] user=Secret,db=databasesecret,app=pg_isready,client=[local] LOG:  disconnection: session time: 0:00:00.003 user=Secret database=databasesecret host=[local]
2025-12-19 09:06:52 GMT [2790]: [1-1] user=[unknown],db=[unknown],app=[unknown],client=[local] LOG:  connection received: host=[local]
2025-12-19 09:06:52 GMT [2790]: [2-1] user=Secret,db=databasesecret,app=[unknown],client=[local] LOG:  connection authorized: user=Secret database=databasesecret application_name=pg_isready
2025-12-19 09:06:52 GMT [2790]: [3-1] user=Secret,db=databasesecret,app=pg_isready,client=[local] LOG:  disconnection: session time: 0:00:00.001 user=Secret database=databasesecret host=[local]
2025-12-19 09:07:02 GMT [2798]: [1-1] user=[unknown],db=[unknown],app=[unknown],client=[local] LOG:  connection received: host=[local]
2025-12-19 09:07:02 GMT [2798]: [2-1] user=Secret,db=databasesecret,app=[unknown],client=[local] LOG:  connection authorized: user=Secret database=databasesecret application_name=pg_isready
2025-12-19 09:07:02 GMT [2798]: [3-1] user=Secret,db=databasesecret,app=pg_isready,client=[local] LOG:  disconnection: session time: 0:00:00.001 user=Secret database=databasesecret host=[local]
2025-12-19 09:07:13 GMT [2806]: [1-1] user=[unknown],db=[unknown],app=[unknown],client=[local] LOG:  connection received: host=[local]
2025-12-19 09:07:13 GMT [2806]: [2-1] user=Secret,db=databasesecret,app=[unknown],client=[local] LOG:  connection authorized: user=Secret database=databasesecret application_name=pg_isready
2025-12-19 09:07:13 GMT [2806]: [3-1] user=Secret,db=databasesecret,app=pg_isready,client=[local] LOG:  disconnection: session time: 0:00:00.002 user=Secret database=databasesecret host=[local]
2025-12-19 09:07:23 GMT [2815]: [1-1] user=[unknown],db=[unknown],app=[unknown],client=[local] LOG:  connection received: host=[local]
2025-12-19 09:07:23 GMT [2815]: [2-1] user=Secret,db=databasesecret,app=[unknown],client=[local] LOG:  connection authorized: user=Secret database=databasesecret application_name=pg_isready
2025-12-19 09:07:23 GMT [2815]: [3-1] user=Secret,db=databasesecret,app=pg_isready,client=[local] LOG:  disconnection: session time: 0:00:00.003 user=Secret database=databasesecret host=[local]
2025-12-19 09:07:34 GMT [2823]: [1-1] user=[unknown],db=[unknown],app=[unknown],client=[local] LOG:  connection received: host=[local]
2025-12-19 09:07:34 GMT [2823]: [2-1] user=Secret,db=databasesecret,app=[unknown],client=[local] LOG:  connection authorized: user=Secret database=databasesecret application_name=pg_isready
2025-12-19 09:07:34 GMT [2823]: [3-1] user=Secret,db=databasesecret,app=pg_isready,client=[local] LOG:  disconnection: session time: 0:00:00.003 user=Secret database=databasesecret host=[local]
2025-12-19 09:07:45 GMT [2831]: [1-1] user=[unknown],db=[unknown],app=[unknown],client=[local] LOG:  connection received: host=[local]
2025-12-19 09:07:45 GMT [2831]: [2-1] user=Secret,db=databasesecret,app=[unknown],client=[local] LOG:  connection authorized: user=Secret database=databasesecret application_name=pg_isready
2025-12-19 09:07:45 GMT [2831]: [3-1] user=Secret,db=databasesecret,app=pg_isready,client=[local] LOG:  disconnection: session time: 0:00:00.002 user=Secret database=databasesecret host=[local]
2025-12-19 09:07:55 GMT [2840]: [1-1] user=[unknown],db=[unknown],app=[unknown],client=[local] LOG:  connection received: host=[local]
2025-12-19 09:07:55 GMT [2840]: [2-1] user=Secret,db=databasesecret,app=[unknown],client=[local] LOG:  connection authorized: user=Secret database=databasesecret application_name=pg_isready
2025-12-19 09:07:55 GMT [2840]: [3-1] user=Secret,db=databasesecret,app=pg_isready,client=[local] LOG:  disconnection: session time: 0:00:00.003 user=Secret database=databasesecret host=[local]
2025-12-19 09:08:05 GMT [2848]: [1-1] user=[unknown],db=[unknown],app=[unknown],client=[local] LOG:  connection received: host=[local]
2025-12-19 09:08:05 GMT [2848]: [2-1] user=Secret,db=databasesecret,app=[unknown],client=[local] LOG:  connection authorized: user=Secret database=databasesecret application_name=pg_isready
2025-12-19 09:08:05 GMT [2848]: [3-1] user=Secret,db=databasesecret,app=pg_isready,client=[local] LOG:  disconnection: session time: 0:00:00.003 user=Secret database=databasesecret host=[local]
2025-12-19 09:08:16 GMT [2856]: [1-1] user=[unknown],db=[unknown],app=[unknown],client=[local] LOG:  connection received: host=[local]
2025-12-19 09:08:16 GMT [2856]: [2-1] user=Secret,db=databasesecret,app=[unknown],client=[local] LOG:  connection authorized: user=Secret database=databasesecret application_name=pg_isready
2025-12-19 09:08:16 GMT [2856]: [3-1] user=Secret,db=databasesecret,app=pg_isready,client=[local] LOG:  disconnection: session time: 0:00:00.003 user=Secret database=databasesecret host=[local]
2025-12-19 09:08:26 GMT [2865]: [1-1] user=[unknown],db=[unknown],app=[unknown],client=[local] LOG:  connection received: host=[local]
2025-12-19 09:08:26 GMT [2865]: [2-1] user=Secret,db=databasesecret,app=[unknown],client=[local] LOG:  connection authorized: user=Secret database=databasesecret application_name=pg_isready
2025-12-19 09:08:26 GMT [2865]: [3-1] user=Secret,db=databasesecret,app=pg_isready,client=[local] LOG:  disconnection: session time: 0:00:00.002 user=Secret database=databasesecret host=[local]
2025-12-19 09:08:36 GMT [2873]: [1-1] user=[unknown],db=[unknown],app=[unknown],client=[local] LOG:  connection received: host=[local]
2025-12-19 09:08:36 GMT [2873]: [2-1] user=Secret,db=databasesecret,app=[unknown],client=[local] LOG:  connection authorized: user=Secret database=databasesecret application_name=pg_isready
2025-12-19 09:08:36 GMT [2873]: [3-1] user=Secret,db=databasesecret,app=pg_isready,client=[local] LOG:  disconnection: session time: 0:00:00.002 user=Secret database=databasesecret host=[local]
2025-12-19 09:08:48 GMT [2882]: [1-1] user=[unknown],db=[unknown],app=[unknown],client=[local] LOG:  connection received: host=[local]
2025-12-19 09:08:48 GMT [2882]: [2-1] user=Secret,db=databasesecret,app=[unknown],client=[local] LOG:  connection authorized: user=Secret database=databasesecret application_name=pg_isready
2025-12-19 09:08:48 GMT [2882]: [3-1] user=Secret,db=databasesecret,app=pg_isready,client=[local] LOG:  disconnection: session time: 0:00:00.005 user=Secret database=databasesecret host=[local]
2025-12-19 09:08:58 GMT [2890]: [1-1] user=[unknown],db=[unknown],app=[unknown],client=[local] LOG:  connection received: host=[local]
2025-12-19 09:08:58 GMT [2890]: [2-1] user=Secret,db=databasesecret,app=[unknown],client=[local] LOG:  connection authorized: user=Secret database=databasesecret application_name=pg_isready
2025-12-19 09:08:58 GMT [2890]: [3-1] user=Secret,db=databasesecret,app=pg_isready,client=[local] LOG:  disconnection: session time: 0:00:00.002 user=Secret database=databasesecret host=[local]
2025-12-19 09:09:08 GMT [2898]: [1-1] user=[unknown],db=[unknown],app=[unknown],client=[local] LOG:  connection received: host=[local]
2025-12-19 09:09:08 GMT [2898]: [2-1] user=Secret,db=databasesecret,app=[unknown],client=[local] LOG:  connection authorized: user=Secret database=databasesecret application_name=pg_isready
2025-12-19 09:09:08 GMT [2898]: [3-1] user=Secret,db=databasesecret,app=pg_isready,client=[local] LOG:  disconnection: session time: 0:00:00.001 user=Secret database=databasesecret host=[local]
2025-12-19 09:09:19 GMT [2906]: [1-1] user=[unknown],db=[unknown],app=[unknown],client=[local] LOG:  connection received: host=[local]
2025-12-19 09:09:19 GMT [2906]: [2-1] user=Secret,db=databasesecret,app=[unknown],client=[local] LOG:  connection authorized: user=Secret database=databasesecret application_name=pg_isready
2025-12-19 09:09:19 GMT [2906]: [3-1] user=Secret,db=databasesecret,app=pg_isready,client=[local] LOG:  disconnection: session time: 0:00:00.002 user=Secret database=databasesecret host=[local]
2025-12-19 09:09:29 GMT [2915]: [1-1] user=[unknown],db=[unknown],app=[unknown],client=[local] LOG:  connection received: host=[local]
2025-12-19 09:09:29 GMT [2915]: [2-1] user=Secret,db=databasesecret,app=[unknown],client=[local] LOG:  connection authorized: user=Secret database=databasesecret application_name=pg_isready
2025-12-19 09:09:29 GMT [2915]: [3-1] user=Secret,db=databasesecret,app=pg_isready,client=[local] LOG:  disconnection: session time: 0:00:00.002 user=Secret database=databasesecret host=[local]
2025-12-19 09:09:39 GMT [2923]: [1-1] user=[unknown],db=[unknown],app=[unknown],client=[local] LOG:  connection received: host=[local]
2025-12-19 09:09:39 GMT [2923]: [2-1] user=Secret,db=databasesecret,app=[unknown],client=[local] LOG:  connection authorized: user=Secret database=databasesecret application_name=pg_isready
2025-12-19 09:09:39 GMT [2923]: [3-1] user=Secret,db=databasesecret,app=pg_isready,client=[local] LOG:  disconnection: session time: 0:00:00.002 user=Secret database=databasesecret host=[local]
2025-12-19 09:09:50 GMT [2931]: [1-1] user=[unknown],db=[unknown],app=[unknown],client=[local] LOG:  connection received: host=[local]
2025-12-19 09:09:50 GMT [2931]: [2-1] user=Secret,db=databasesecret,app=[unknown],client=[local] LOG:  connection authorized: user=Secret database=databasesecret application_name=pg_isready
2025-12-19 09:09:50 GMT [2931]: [3-1] user=Secret,db=databasesecret,app=pg_isready,client=[local] LOG:  disconnection: session time: 0:00:00.003 user=Secret database=databasesecret host=[local]
2025-12-19 09:10:01 GMT [2939]: [1-1] user=[unknown],db=[unknown],app=[unknown],client=[local] LOG:  connection received: host=[local]
2025-12-19 09:10:01 GMT [2939]: [2-1] user=Secret,db=databasesecret,app=[unknown],client=[local] LOG:  connection authorized: user=Secret database=databasesecret application_name=pg_isready
2025-12-19 09:10:01 GMT [2939]: [3-1] user=Secret,db=databasesecret,app=pg_isready,client=[local] LOG:  disconnection: session time: 0:00:00.002 user=Secret database=databasesecret host=[local]
2025-12-19 09:10:11 GMT [2947]: [1-1] user=[unknown],db=[unknown],app=[unknown],client=[local] LOG:  connection received: host=[local]
2025-12-19 09:10:11 GMT [2947]: [2-1] user=Secret,db=databasesecret,app=[unknown],client=[local] LOG:  connection authorized: user=Secret database=databasesecret application_name=pg_isready
2025-12-19 09:10:11 GMT [2947]: [3-1] user=Secret,db=databasesecret,app=pg_isready,client=[local] LOG:  disconnection: session time: 0:00:00.003 user=Secret database=databasesecret host=[local]
2025-12-19 09:10:22 GMT [2955]: [1-1] user=[unknown],db=[unknown],app=[unknown],client=[local] LOG:  connection received: host=[local]
2025-12-19 09:10:22 GMT [2955]: [2-1] user=Secret,db=databasesecret,app=[unknown],client=[local] LOG:  connection authorized: user=Secret database=databasesecret application_name=pg_isready
2025-12-19 09:10:22 GMT [2955]: [3-1] user=Secret,db=databasesecret,app=pg_isready,client=[local] LOG:  disconnection: session time: 0:00:00.002 user=Secret database=databasesecret host=[local]
2025-12-19 09:10:32 GMT [2964]: [1-1] user=[unknown],db=[unknown],app=[unknown],client=[local] LOG:  connection received: host=[local]
2025-12-19 09:10:32 GMT [2964]: [2-1] user=Secret,db=databasesecret,app=[unknown],client=[local] LOG:  connection authorized: user=Secret database=databasesecret application_name=pg_isready
2025-12-19 09:10:32 GMT [2964]: [3-1] user=Secret,db=databasesecret,app=pg_isready,client=[local] LOG:  disconnection: session time: 0:00:00.003 user=Secret database=databasesecret host=[local]
2025-12-19 09:10:42 GMT [2972]: [1-1] user=[unknown],db=[unknown],app=[unknown],client=[local] LOG:  connection received: host=[local]
2025-12-19 09:10:42 GMT [2972]: [2-1] user=Secret,db=databasesecret,app=[unknown],client=[local] LOG:  connection authorized: user=Secret database=databasesecret application_name=pg_isready
2025-12-19 09:10:42 GMT [2972]: [3-1] user=Secret,db=databasesecret,app=pg_isready,client=[local] LOG:  disconnection: session time: 0:00:00.001 user=Secret database=databasesecret host=[local]
2025-12-19 09:10:53 GMT [2980]: [1-1] user=[unknown],db=[unknown],app=[unknown],client=[local] LOG:  connection received: host=[local]
2025-12-19 09:10:53 GMT [2980]: [2-1] user=Secret,db=databasesecret,app=[unknown],client=[local] LOG:  connection authorized: user=Secret database=databasesecret application_name=pg_isready
2025-12-19 09:10:53 GMT [2980]: [3-1] user=Secret,db=databasesecret,app=pg_isready,client=[local] LOG:  disconnection: session time: 0:00:00.002 user=Secret database=databasesecret host=[local]
2025-12-19 09:11:04 GMT [2989]: [1-1] user=[unknown],db=[unknown],app=[unknown],client=[local] LOG:  connection received: host=[local]
2025-12-19 09:11:04 GMT [2989]: [2-1] user=Secret,db=databasesecret,app=[unknown],client=[local] LOG:  connection authorized: user=Secret database=databasesecret application_name=pg_isready
2025-12-19 09:11:04 GMT [2989]: [3-1] user=Secret,db=databasesecret,app=pg_isready,client=[local] LOG:  disconnection: session time: 0:00:00.004 user=Secret database=databasesecret host=[local]
2025-12-19 09:11:14 GMT [2997]: [1-1] user=[unknown],db=[unknown],app=[unknown],client=[local] LOG:  connection received: host=[local]
2025-12-19 09:11:14 GMT [2997]: [2-1] user=Secret,db=databasesecret,app=[unknown],client=[local] LOG:  connection authorized: user=Secret database=databasesecret application_name=pg_isready
2025-12-19 09:11:14 GMT [2997]: [3-1] user=Secret,db=databasesecret,app=pg_isready,client=[local] LOG:  disconnection: session time: 0:00:00.004 user=Secret database=databasesecret host=[local]
2025-12-19 09:11:25 GMT [3005]: [1-1] user=[unknown],db=[unknown],app=[unknown],client=[local] LOG:  connection received: host=[local]
2025-12-19 09:11:25 GMT [3005]: [2-1] user=Secret,db=databasesecret,app=[unknown],client=[local] LOG:  connection authorized: user=Secret database=databasesecret application_name=pg_isready
2025-12-19 09:11:25 GMT [3005]: [3-1] user=Secret,db=databasesecret,app=pg_isready,client=[local] LOG:  disconnection: session time: 0:00:00.004 user=Secret database=databasesecret host=[local]
2025-12-19 09:11:35 GMT [3014]: [1-1] user=[unknown],db=[unknown],app=[unknown],client=[local] LOG:  connection received: host=[local]
2025-12-19 09:11:35 GMT [3014]: [2-1] user=Secret,db=databasesecret,app=[unknown],client=[local] LOG:  connection authorized: user=Secret database=databasesecret application_name=pg_isready
2025-12-19 09:11:35 GMT [3014]: [3-1] user=Secret,db=databasesecret,app=pg_isready,client=[local] LOG:  disconnection: session time: 0:00:00.002 user=Secret database=databasesecret host=[local]
2025-12-19 09:11:45 GMT [3022]: [1-1] user=[unknown],db=[unknown],app=[unknown],client=[local] LOG:  connection received: host=[local]
2025-12-19 09:11:45 GMT [3022]: [2-1] user=Secret,db=databasesecret,app=[unknown],client=[local] LOG:  connection authorized: user=Secret database=databasesecret application_name=pg_isready
2025-12-19 09:11:45 GMT [3022]: [3-1] user=Secret,db=databasesecret,app=pg_isready,client=[local] LOG:  disconnection: session time: 0:00:00.005 user=Secret database=databasesecret host=[local]
2025-12-19 09:11:56 GMT [3030]: [1-1] user=[unknown],db=[unknown],app=[unknown],client=[local] LOG:  connection received: host=[local]
2025-12-19 09:11:56 GMT [3030]: [2-1] user=Secret,db=databasesecret,app=[unknown],client=[local] LOG:  connection authorized: user=Secret database=databasesecret application_name=pg_isready
2025-12-19 09:11:56 GMT [3030]: [3-1] user=Secret,db=databasesecret,app=pg_isready,client=[local] LOG:  disconnection: session time: 0:00:00.002 user=Secret database=databasesecret host=[local]
2025-12-19 09:12:07 GMT [3038]: [1-1] user=[unknown],db=[unknown],app=[unknown],client=[local] LOG:  connection received: host=[local]
2025-12-19 09:12:07 GMT [3038]: [2-1] user=Secret,db=databasesecret,app=[unknown],client=[local] LOG:  connection authorized: user=Secret database=databasesecret application_name=pg_isready
2025-12-19 09:12:07 GMT [3038]: [3-1] user=Secret,db=databasesecret,app=pg_isready,client=[local] LOG:  disconnection: session time: 0:00:00.003 user=Secret database=databasesecret host=[local]
2025-12-19 09:12:17 GMT [3046]: [1-1] user=[unknown],db=[unknown],app=[unknown],client=[local] LOG:  connection received: host=[local]
2025-12-19 09:12:17 GMT [3046]: [2-1] user=Secret,db=databasesecret,app=[unknown],client=[local] LOG:  connection authorized: user=Secret database=databasesecret application_name=pg_isready
2025-12-19 09:12:17 GMT [3046]: [3-1] user=Secret,db=databasesecret,app=pg_isready,client=[local] LOG:  disconnection: session time: 0:00:00.003 user=Secret database=databasesecret host=[local]
2025-12-19 09:12:28 GMT [3054]: [1-1] user=[unknown],db=[unknown],app=[unknown],client=[local] LOG:  connection received: host=[local]
2025-12-19 09:12:28 GMT [3054]: [2-1] user=Secret,db=databasesecret,app=[unknown],client=[local] LOG:  connection authorized: user=Secret database=databasesecret application_name=pg_isready
2025-12-19 09:12:28 GMT [3054]: [3-1] user=Secret,db=databasesecret,app=pg_isready,client=[local] LOG:  disconnection: session time: 0:00:00.002 user=Secret database=databasesecret host=[local]
2025-12-19 09:12:38 GMT [3063]: [1-1] user=[unknown],db=[unknown],app=[unknown],client=[local] LOG:  connection received: host=[local]
2025-12-19 09:12:38 GMT [3063]: [2-1] user=Secret,db=databasesecret,app=[unknown],client=[local] LOG:  connection authorized: user=Secret database=databasesecret application_name=pg_isready
2025-12-19 09:12:38 GMT [3063]: [3-1] user=Secret,db=databasesecret,app=pg_isready,client=[local] LOG:  disconnection: session time: 0:00:00.004 user=Secret database=databasesecret host=[local]
2025-12-19 09:12:48 GMT [3071]: [1-1] user=[unknown],db=[unknown],app=[unknown],client=[local] LOG:  connection received: host=[local]
2025-12-19 09:12:48 GMT [3071]: [2-1] user=Secret,db=databasesecret,app=[unknown],client=[local] LOG:  connection authorized: user=Secret database=databasesecret application_name=pg_isready
2025-12-19 09:12:48 GMT [3071]: [3-1] user=Secret,db=databasesecret,app=pg_isready,client=[local] LOG:  disconnection: session time: 0:00:00.010 user=Secret database=databasesecret host=[local]
2025-12-19 09:12:59 GMT [3079]: [1-1] user=[unknown],db=[unknown],app=[unknown],client=[local] LOG:  connection received: host=[local]
2025-12-19 09:12:59 GMT [3079]: [2-1] user=Secret,db=databasesecret,app=[unknown],client=[local] LOG:  connection authorized: user=Secret database=databasesecret application_name=pg_isready
2025-12-19 09:12:59 GMT [3079]: [3-1] user=Secret,db=databasesecret,app=pg_isready,client=[local] LOG:  disconnection: session time: 0:00:00.002 user=Secret database=databasesecret host=[local]
2025-12-19 09:13:10 GMT [3087]: [1-1] user=[unknown],db=[unknown],app=[unknown],client=[local] LOG:  connection received: host=[local]
2025-12-19 09:13:10 GMT [3087]: [2-1] user=Secret,db=databasesecret,app=[unknown],client=[local] LOG:  connection authorized: user=Secret database=databasesecret application_name=pg_isready
2025-12-19 09:13:10 GMT [3087]: [3-1] user=Secret,db=databasesecret,app=pg_isready,client=[local] LOG:  disconnection: session time: 0:00:00.002 user=Secret database=databasesecret host=[local]
2025-12-19 09:13:20 GMT [3095]: [1-1] user=[unknown],db=[unknown],app=[unknown],client=[local] LOG:  connection received: host=[local]
2025-12-19 09:13:20 GMT [3095]: [2-1] user=Secret,db=databasesecret,app=[unknown],client=[local] LOG:  connection authorized: user=Secret database=databasesecret application_name=pg_isready
2025-12-19 09:13:20 GMT [3095]: [3-1] user=Secret,db=databasesecret,app=pg_isready,client=[local] LOG:  disconnection: session time: 0:00:00.002 user=Secret database=databasesecret host=[local]
2025-12-19 09:13:31 GMT [3103]: [1-1] user=[unknown],db=[unknown],app=[unknown],client=[local] LOG:  connection received: host=[local]
2025-12-19 09:13:31 GMT [3103]: [2-1] user=Secret,db=databasesecret,app=[unknown],client=[local] LOG:  connection authorized: user=Secret database=databasesecret application_name=pg_isready
2025-12-19 09:13:31 GMT [3103]: [3-1] user=Secret,db=databasesecret,app=pg_isready,client=[local] LOG:  disconnection: session time: 0:00:00.003 user=Secret database=databasesecret host=[local]
2025-12-19 09:13:41 GMT [3112]: [1-1] user=[unknown],db=[unknown],app=[unknown],client=[local] LOG:  connection received: host=[local]
2025-12-19 09:13:41 GMT [3112]: [2-1] user=Secret,db=databasesecret,app=[unknown],client=[local] LOG:  connection authorized: user=Secret database=databasesecret application_name=pg_isready
2025-12-19 09:13:41 GMT [3112]: [3-1] user=Secret,db=databasesecret,app=pg_isready,client=[local] LOG:  disconnection: session time: 0:00:00.001 user=Secret database=databasesecret host=[local]
2025-12-19 09:13:51 GMT [3120]: [1-1] user=[unknown],db=[unknown],app=[unknown],client=[local] LOG:  connection received: host=[local]
2025-12-19 09:13:51 GMT [3120]: [2-1] user=Secret,db=databasesecret,app=[unknown],client=[local] LOG:  connection authorized: user=Secret database=databasesecret application_name=pg_isready
2025-12-19 09:13:51 GMT [3120]: [3-1] user=Secret,db=databasesecret,app=pg_isready,client=[local] LOG:  disconnection: session time: 0:00:00.002 user=Secret database=databasesecret host=[local]
2025-12-19 09:14:02 GMT [3128]: [1-1] user=[unknown],db=[unknown],app=[unknown],client=[local] LOG:  connection received: host=[local]
2025-12-19 09:14:02 GMT [3128]: [2-1] user=Secret,db=databasesecret,app=[unknown],client=[local] LOG:  connection authorized: user=Secret database=databasesecret application_name=pg_isready
2025-12-19 09:14:02 GMT [3128]: [3-1] user=Secret,db=databasesecret,app=pg_isready,client=[local] LOG:  disconnection: session time: 0:00:00.002 user=Secret database=databasesecret host=[local]
2025-12-19 09:14:13 GMT [3136]: [1-1] user=[unknown],db=[unknown],app=[unknown],client=[local] LOG:  connection received: host=[local]
2025-12-19 09:14:13 GMT [3136]: [2-1] user=Secret,db=databasesecret,app=[unknown],client=[local] LOG:  connection authorized: user=Secret database=databasesecret application_name=pg_isready
2025-12-19 09:14:13 GMT [3136]: [3-1] user=Secret,db=databasesecret,app=pg_isready,client=[local] LOG:  disconnection: session time: 0:00:00.002 user=Secret database=databasesecret host=[local]
2025-12-19 09:14:23 GMT [3144]: [1-1] user=[unknown],db=[unknown],app=[unknown],client=[local] LOG:  connection received: host=[local]
2025-12-19 09:14:23 GMT [3144]: [2-1] user=Secret,db=databasesecret,app=[unknown],client=[local] LOG:  connection authorized: user=Secret database=databasesecret application_name=pg_isready
2025-12-19 09:14:23 GMT [3144]: [3-1] user=Secret,db=databasesecret,app=pg_isready,client=[local] LOG:  disconnection: session time: 0:00:00.001 user=Secret database=databasesecret host=[local]
2025-12-19 09:14:34 GMT [3152]: [1-1] user=[unknown],db=[unknown],app=[unknown],client=[local] LOG:  connection received: host=[local]
2025-12-19 09:14:34 GMT [3152]: [2-1] user=Secret,db=databasesecret,app=[unknown],client=[local] LOG:  connection authorized: user=Secret database=databasesecret application_name=pg_isready
2025-12-19 09:14:34 GMT [3152]: [3-1] user=Secret,db=databasesecret,app=pg_isready,client=[local] LOG:  disconnection: session time: 0:00:00.002 user=Secret database=databasesecret host=[local]
2025-12-19 09:14:44 GMT [3161]: [1-1] user=[unknown],db=[unknown],app=[unknown],client=[local] LOG:  connection received: host=[local]
2025-12-19 09:14:44 GMT [3161]: [2-1] user=Secret,db=databasesecret,app=[unknown],client=[local] LOG:  connection authorized: user=Secret database=databasesecret application_name=pg_isready
2025-12-19 09:14:44 GMT [3161]: [3-1] user=Secret,db=databasesecret,app=pg_isready,client=[local] LOG:  disconnection: session time: 0:00:00.001 user=Secret database=databasesecret host=[local]
2025-12-19 09:14:55 GMT [3170]: [1-1] user=[unknown],db=[unknown],app=[unknown],client=[local] LOG:  connection received: host=[local]
2025-12-19 09:14:55 GMT [3170]: [2-1] user=Secret,db=databasesecret,app=[unknown],client=[local] LOG:  connection authorized: user=Secret database=databasesecret application_name=pg_isready
2025-12-19 09:14:55 GMT [3170]: [3-1] user=Secret,db=databasesecret,app=pg_isready,client=[local] LOG:  disconnection: session time: 0:00:00.002 user=Secret database=databasesecret host=[local]
2025-12-19 09:15:05 GMT [3178]: [1-1] user=[unknown],db=[unknown],app=[unknown],client=[local] LOG:  connection received: host=[local]
2025-12-19 09:15:05 GMT [3178]: [2-1] user=Secret,db=databasesecret,app=[unknown],client=[local] LOG:  connection authorized: user=Secret database=databasesecret application_name=pg_isready
2025-12-19 09:15:05 GMT [3178]: [3-1] user=Secret,db=databasesecret,app=pg_isready,client=[local] LOG:  disconnection: session time: 0:00:00.002 user=Secret database=databasesecret host=[local]
2025-12-19 09:15:15 GMT [3186]: [1-1] user=[unknown],db=[unknown],app=[unknown],client=[local] LOG:  connection received: host=[local]
2025-12-19 09:15:15 GMT [3186]: [2-1] user=Secret,db=databasesecret,app=[unknown],client=[local] LOG:  connection authorized: user=Secret database=databasesecret application_name=pg_isready
2025-12-19 09:15:15 GMT [3186]: [3-1] user=Secret,db=databasesecret,app=pg_isready,client=[local] LOG:  disconnection: session time: 0:00:00.002 user=Secret database=databasesecret host=[local]
2025-12-19 09:15:27 GMT [3194]: [1-1] user=[unknown],db=[unknown],app=[unknown],client=[local] LOG:  connection received: host=[local]
2025-12-19 09:15:27 GMT [3194]: [2-1] user=Secret,db=databasesecret,app=[unknown],client=[local] LOG:  connection authorized: user=Secret database=databasesecret application_name=pg_isready
2025-12-19 09:15:27 GMT [3194]: [3-1] user=Secret,db=databasesecret,app=pg_isready,client=[local] LOG:  disconnection: session time: 0:00:00.001 user=Secret database=databasesecret host=[local]
2025-12-19 09:15:37 GMT [3203]: [1-1] user=[unknown],db=[unknown],app=[unknown],client=[local] LOG:  connection received: host=[local]
2025-12-19 09:15:37 GMT [3203]: [2-1] user=Secret,db=databasesecret,app=[unknown],client=[local] LOG:  connection authorized: user=Secret database=databasesecret application_name=pg_isready
2025-12-19 09:15:37 GMT [3203]: [3-1] user=Secret,db=databasesecret,app=pg_isready,client=[local] LOG:  disconnection: session time: 0:00:00.002 user=Secret database=databasesecret host=[local]
2025-12-19 09:15:47 GMT [3212]: [1-1] user=[unknown],db=[unknown],app=[unknown],client=[local] LOG:  connection received: host=[local]
2025-12-19 09:15:47 GMT [3212]: [2-1] user=Secret,db=databasesecret,app=[unknown],client=[local] LOG:  connection authorized: user=Secret database=databasesecret application_name=pg_isready
2025-12-19 09:15:47 GMT [3212]: [3-1] user=Secret,db=databasesecret,app=pg_isready,client=[local] LOG:  disconnection: session time: 0:00:00.003 user=Secret database=databasesecret host=[local]
2025-12-19 09:15:58 GMT [3220]: [1-1] user=[unknown],db=[unknown],app=[unknown],client=[local] LOG:  connection received: host=[local]
2025-12-19 09:15:58 GMT [3220]: [2-1] user=Secret,db=databasesecret,app=[unknown],client=[local] LOG:  connection authorized: user=Secret database=databasesecret application_name=pg_isready
2025-12-19 09:15:58 GMT [3220]: [3-1] user=Secret,db=databasesecret,app=pg_isready,client=[local] LOG:  disconnection: session time: 0:00:00.005 user=Secret database=databasesecret host=[local]
2025-12-19 09:16:08 GMT [3228]: [1-1] user=[unknown],db=[unknown],app=[unknown],client=[local] LOG:  connection received: host=[local]
2025-12-19 09:16:08 GMT [3228]: [2-1] user=Secret,db=databasesecret,app=[unknown],client=[local] LOG:  connection authorized: user=Secret database=databasesecret application_name=pg_isready
2025-12-19 09:16:08 GMT [3228]: [3-1] user=Secret,db=databasesecret,app=pg_isready,client=[local] LOG:  disconnection: session time: 0:00:00.002 user=Secret database=databasesecret host=[local]
2025-12-19 09:16:18 GMT [3236]: [1-1] user=[unknown],db=[unknown],app=[unknown],client=[local] LOG:  connection received: host=[local]
2025-12-19 09:16:18 GMT [3236]: [2-1] user=Secret,db=databasesecret,app=[unknown],client=[local] LOG:  connection authorized: user=Secret database=databasesecret application_name=pg_isready
2025-12-19 09:16:18 GMT [3236]: [3-1] user=Secret,db=databasesecret,app=pg_isready,client=[local] LOG:  disconnection: session time: 0:00:00.003 user=Secret database=databasesecret host=[local]
2025-12-19 09:16:30 GMT [3244]: [1-1] user=[unknown],db=[unknown],app=[unknown],client=[local] LOG:  connection received: host=[local]
2025-12-19 09:16:30 GMT [3244]: [2-1] user=Secret,db=databasesecret,app=[unknown],client=[local] LOG:  connection authorized: user=Secret database=databasesecret application_name=pg_isready
2025-12-19 09:16:30 GMT [3244]: [3-1] user=Secret,db=databasesecret,app=pg_isready,client=[local] LOG:  disconnection: session time: 0:00:00.001 user=Secret database=databasesecret host=[local]
2025-12-19 09:16:40 GMT [3253]: [1-1] user=[unknown],db=[unknown],app=[unknown],client=[local] LOG:  connection received: host=[local]
2025-12-19 09:16:40 GMT [3253]: [2-1] user=Secret,db=databasesecret,app=[unknown],client=[local] LOG:  connection authorized: user=Secret database=databasesecret application_name=pg_isready
2025-12-19 09:16:40 GMT [3253]: [3-1] user=Secret,db=databasesecret,app=pg_isready,client=[local] LOG:  disconnection: session time: 0:00:00.004 user=Secret database=databasesecret host=[local]
2025-12-19 09:16:50 GMT [3261]: [1-1] user=[unknown],db=[unknown],app=[unknown],client=[local] LOG:  connection received: host=[local]
2025-12-19 09:16:50 GMT [3261]: [2-1] user=Secret,db=databasesecret,app=[unknown],client=[local] LOG:  connection authorized: user=Secret database=databasesecret application_name=pg_isready
2025-12-19 09:16:50 GMT [3261]: [3-1] user=Secret,db=databasesecret,app=pg_isready,client=[local] LOG:  disconnection: session time: 0:00:00.002 user=Secret database=databasesecret host=[local]
2025-12-19 09:17:01 GMT [3269]: [1-1] user=[unknown],db=[unknown],app=[unknown],client=[local] LOG:  connection received: host=[local]
2025-12-19 09:17:01 GMT [3269]: [2-1] user=Secret,db=databasesecret,app=[unknown],client=[local] LOG:  connection authorized: user=Secret database=databasesecret application_name=pg_isready
2025-12-19 09:17:01 GMT [3269]: [3-1] user=Secret,db=databasesecret,app=pg_isready,client=[local] LOG:  disconnection: session time: 0:00:00.001 user=Secret database=databasesecret host=[local]
2025-12-19 09:17:11 GMT [3277]: [1-1] user=[unknown],db=[unknown],app=[unknown],client=[local] LOG:  connection received: host=[local]
2025-12-19 09:17:11 GMT [3277]: [2-1] user=Secret,db=databasesecret,app=[unknown],client=[local] LOG:  connection authorized: user=Secret database=databasesecret application_name=pg_isready
2025-12-19 09:17:11 GMT [3277]: [3-1] user=Secret,db=databasesecret,app=pg_isready,client=[local] LOG:  disconnection: session time: 0:00:00.002 user=Secret database=databasesecret host=[local]
2025-12-19 09:17:21 GMT [3285]: [1-1] user=[unknown],db=[unknown],app=[unknown],client=[local] LOG:  connection received: host=[local]
2025-12-19 09:17:21 GMT [3285]: [2-1] user=Secret,db=databasesecret,app=[unknown],client=[local] LOG:  connection authorized: user=Secret database=databasesecret application_name=pg_isready
2025-12-19 09:17:21 GMT [3285]: [3-1] user=Secret,db=databasesecret,app=pg_isready,client=[local] LOG:  disconnection: session time: 0:00:00.002 user=Secret database=databasesecret host=[local]
2025-12-19 09:17:32 GMT [3293]: [1-1] user=[unknown],db=[unknown],app=[unknown],client=[local] LOG:  connection received: host=[local]
2025-12-19 09:17:32 GMT [3293]: [2-1] user=Secret,db=databasesecret,app=[unknown],client=[local] LOG:  connection authorized: user=Secret database=databasesecret application_name=pg_isready
2025-12-19 09:17:32 GMT [3293]: [3-1] user=Secret,db=databasesecret,app=pg_isready,client=[local] LOG:  disconnection: session time: 0:00:00.001 user=Secret database=databasesecret host=[local]
2025-12-19 09:17:43 GMT [3302]: [1-1] user=[unknown],db=[unknown],app=[unknown],client=[local] LOG:  connection received: host=[local]
2025-12-19 09:17:43 GMT [3302]: [2-1] user=Secret,db=databasesecret,app=[unknown],client=[local] LOG:  connection authorized: user=Secret database=databasesecret application_name=pg_isready
2025-12-19 09:17:43 GMT [3302]: [3-1] user=Secret,db=databasesecret,app=pg_isready,client=[local] LOG:  disconnection: session time: 0:00:00.002 user=Secret database=databasesecret host=[local]
2025-12-19 09:17:53 GMT [3310]: [1-1] user=[unknown],db=[unknown],app=[unknown],client=[local] LOG:  connection received: host=[local]
2025-12-19 09:17:53 GMT [3310]: [2-1] user=Secret,db=databasesecret,app=[unknown],client=[local] LOG:  connection authorized: user=Secret database=databasesecret application_name=pg_isready
2025-12-19 09:17:53 GMT [3310]: [3-1] user=Secret,db=databasesecret,app=pg_isready,client=[local] LOG:  disconnection: session time: 0:00:00.001 user=Secret database=databasesecret host=[local]
2025-12-19 09:18:04 GMT [3318]: [1-1] user=[unknown],db=[unknown],app=[unknown],client=[local] LOG:  connection received: host=[local]
2025-12-19 09:18:04 GMT [3318]: [2-1] user=Secret,db=databasesecret,app=[unknown],client=[local] LOG:  connection authorized: user=Secret database=databasesecret application_name=pg_isready
2025-12-19 09:18:04 GMT [3318]: [3-1] user=Secret,db=databasesecret,app=pg_isready,client=[local] LOG:  disconnection: session time: 0:00:00.002 user=Secret database=databasesecret host=[local]
2025-12-19 09:18:14 GMT [3326]: [1-1] user=[unknown],db=[unknown],app=[unknown],client=[local] LOG:  connection received: host=[local]
2025-12-19 09:18:14 GMT [3326]: [2-1] user=Secret,db=databasesecret,app=[unknown],client=[local] LOG:  connection authorized: user=Secret database=databasesecret application_name=pg_isready
2025-12-19 09:18:14 GMT [3326]: [3-1] user=Secret,db=databasesecret,app=pg_isready,client=[local] LOG:  disconnection: session time: 0:00:00.004 user=Secret database=databasesecret host=[local]
2025-12-19 09:18:24 GMT [3334]: [1-1] user=[unknown],db=[unknown],app=[unknown],client=[local] LOG:  connection received: host=[local]
2025-12-19 09:18:24 GMT [3334]: [2-1] user=Secret,db=databasesecret,app=[unknown],client=[local] LOG:  connection authorized: user=Secret database=databasesecret application_name=pg_isready
2025-12-19 09:18:24 GMT [3334]: [3-1] user=Secret,db=databasesecret,app=pg_isready,client=[local] LOG:  disconnection: session time: 0:00:00.001 user=Secret database=databasesecret host=[local]
2025-12-19 09:18:35 GMT [3342]: [1-1] user=[unknown],db=[unknown],app=[unknown],client=[local] LOG:  connection received: host=[local]
2025-12-19 09:18:35 GMT [3342]: [2-1] user=Secret,db=databasesecret,app=[unknown],client=[local] LOG:  connection authorized: user=Secret database=databasesecret application_name=pg_isready
2025-12-19 09:18:35 GMT [3342]: [3-1] user=Secret,db=databasesecret,app=pg_isready,client=[local] LOG:  disconnection: session time: 0:00:00.001 user=Secret database=databasesecret host=[local]
2025-12-19 09:18:45 GMT [3351]: [1-1] user=[unknown],db=[unknown],app=[unknown],client=[local] LOG:  connection received: host=[local]
2025-12-19 09:18:45 GMT [3351]: [2-1] user=Secret,db=databasesecret,app=[unknown],client=[local] LOG:  connection authorized: user=Secret database=databasesecret application_name=pg_isready
2025-12-19 09:18:45 GMT [3351]: [3-1] user=Secret,db=databasesecret,app=pg_isready,client=[local] LOG:  disconnection: session time: 0:00:00.001 user=Secret database=databasesecret host=[local]
2025-12-19 09:18:56 GMT [3359]: [1-1] user=[unknown],db=[unknown],app=[unknown],client=[local] LOG:  connection received: host=[local]
2025-12-19 09:18:56 GMT [3359]: [2-1] user=Secret,db=databasesecret,app=[unknown],client=[local] LOG:  connection authorized: user=Secret database=databasesecret application_name=pg_isready
2025-12-19 09:18:56 GMT [3359]: [3-1] user=Secret,db=databasesecret,app=pg_isready,client=[local] LOG:  disconnection: session time: 0:00:00.002 user=Secret database=databasesecret host=[local]
2025-12-19 09:19:07 GMT [3368]: [1-1] user=[unknown],db=[unknown],app=[unknown],client=[local] LOG:  connection received: host=[local]
2025-12-19 09:19:07 GMT [3368]: [2-1] user=Secret,db=databasesecret,app=[unknown],client=[local] LOG:  connection authorized: user=Secret database=databasesecret application_name=pg_isready
2025-12-19 09:19:07 GMT [3368]: [3-1] user=Secret,db=databasesecret,app=pg_isready,client=[local] LOG:  disconnection: session time: 0:00:00.004 user=Secret database=databasesecret host=[local]
2025-12-19 09:19:17 GMT [3376]: [1-1] user=[unknown],db=[unknown],app=[unknown],client=[local] LOG:  connection received: host=[local]
2025-12-19 09:19:17 GMT [3376]: [2-1] user=Secret,db=databasesecret,app=[unknown],client=[local] LOG:  connection authorized: user=Secret database=databasesecret application_name=pg_isready
2025-12-19 09:19:17 GMT [3376]: [3-1] user=Secret,db=databasesecret,app=pg_isready,client=[local] LOG:  disconnection: session time: 0:00:00.003 user=Secret database=databasesecret host=[local]
2025-12-19 09:19:27 GMT [3384]: [1-1] user=[unknown],db=[unknown],app=[unknown],client=[local] LOG:  connection received: host=[local]
2025-12-19 09:19:27 GMT [3384]: [2-1] user=Secret,db=databasesecret,app=[unknown],client=[local] LOG:  connection authorized: user=Secret database=databasesecret application_name=pg_isready
2025-12-19 09:19:27 GMT [3384]: [3-1] user=Secret,db=databasesecret,app=pg_isready,client=[local] LOG:  disconnection: session time: 0:00:00.002 user=Secret database=databasesecret host=[local]
2025-12-19 09:19:38 GMT [3392]: [1-1] user=[unknown],db=[unknown],app=[unknown],client=[local] LOG:  connection received: host=[local]
2025-12-19 09:19:38 GMT [3392]: [2-1] user=Secret,db=databasesecret,app=[unknown],client=[local] LOG:  connection authorized: user=Secret database=databasesecret application_name=pg_isready
2025-12-19 09:19:38 GMT [3392]: [3-1] user=Secret,db=databasesecret,app=pg_isready,client=[local] LOG:  disconnection: session time: 0:00:00.001 user=Secret database=databasesecret host=[local]
2025-12-19 09:19:48 GMT [3401]: [1-1] user=[unknown],db=[unknown],app=[unknown],client=[local] LOG:  connection received: host=[local]
2025-12-19 09:19:48 GMT [3401]: [2-1] user=Secret,db=databasesecret,app=[unknown],client=[local] LOG:  connection authorized: user=Secret database=databasesecret application_name=pg_isready
2025-12-19 09:19:48 GMT [3401]: [3-1] user=Secret,db=databasesecret,app=pg_isready,client=[local] LOG:  disconnection: session time: 0:00:00.002 user=Secret database=databasesecret host=[local]
2025-12-19 09:19:58 GMT [3409]: [1-1] user=[unknown],db=[unknown],app=[unknown],client=[local] LOG:  connection received: host=[local]
2025-12-19 09:19:58 GMT [3409]: [2-1] user=Secret,db=databasesecret,app=[unknown],client=[local] LOG:  connection authorized: user=Secret database=databasesecret application_name=pg_isready
2025-12-19 09:19:58 GMT [3409]: [3-1] user=Secret,db=databasesecret,app=pg_isready,client=[local] LOG:  disconnection: session time: 0:00:00.002 user=Secret database=databasesecret host=[local]
2025-12-19 09:20:10 GMT [3417]: [1-1] user=[unknown],db=[unknown],app=[unknown],client=[local] LOG:  connection received: host=[local]
2025-12-19 09:20:10 GMT [3417]: [2-1] user=Secret,db=databasesecret,app=[unknown],client=[local] LOG:  connection authorized: user=Secret database=databasesecret application_name=pg_isready
2025-12-19 09:20:10 GMT [3417]: [3-1] user=Secret,db=databasesecret,app=pg_isready,client=[local] LOG:  disconnection: session time: 0:00:00.004 user=Secret database=databasesecret host=[local]
2025-12-19 09:20:20 GMT [3425]: [1-1] user=[unknown],db=[unknown],app=[unknown],client=[local] LOG:  connection received: host=[local]
2025-12-19 09:20:20 GMT [3425]: [2-1] user=Secret,db=databasesecret,app=[unknown],client=[local] LOG:  connection authorized: user=Secret database=databasesecret application_name=pg_isready
2025-12-19 09:20:20 GMT [3425]: [3-1] user=Secret,db=databasesecret,app=pg_isready,client=[local] LOG:  disconnection: session time: 0:00:00.002 user=Secret database=databasesecret host=[local]
2025-12-19 09:20:30 GMT [3433]: [1-1] user=[unknown],db=[unknown],app=[unknown],client=[local] LOG:  connection received: host=[local]
2025-12-19 09:20:30 GMT [3433]: [2-1] user=Secret,db=databasesecret,app=[unknown],client=[local] LOG:  connection authorized: user=Secret database=databasesecret application_name=pg_isready
2025-12-19 09:20:30 GMT [3433]: [3-1] user=Secret,db=databasesecret,app=pg_isready,client=[local] LOG:  disconnection: session time: 0:00:00.002 user=Secret database=databasesecret host=[local]
2025-12-19 09:20:41 GMT [3441]: [1-1] user=[unknown],db=[unknown],app=[unknown],client=[local] LOG:  connection received: host=[local]
2025-12-19 09:20:41 GMT [3441]: [2-1] user=Secret,db=databasesecret,app=[unknown],client=[local] LOG:  connection authorized: user=Secret database=databasesecret application_name=pg_isready
2025-12-19 09:20:41 GMT [3441]: [3-1] user=Secret,db=databasesecret,app=pg_isready,client=[local] LOG:  disconnection: session time: 0:00:00.002 user=Secret database=databasesecret host=[local]
2025-12-19 09:20:51 GMT [3450]: [1-1] user=[unknown],db=[unknown],app=[unknown],client=[local] LOG:  connection received: host=[local]
2025-12-19 09:20:51 GMT [3450]: [2-1] user=Secret,db=databasesecret,app=[unknown],client=[local] LOG:  connection authorized: user=Secret database=databasesecret application_name=pg_isready
2025-12-19 09:20:51 GMT [3450]: [3-1] user=Secret,db=databasesecret,app=pg_isready,client=[local] LOG:  disconnection: session time: 0:00:00.003 user=Secret database=databasesecret host=[local]
2025-12-19 09:21:01 GMT [3458]: [1-1] user=[unknown],db=[unknown],app=[unknown],client=[local] LOG:  connection received: host=[local]
2025-12-19 09:21:01 GMT [3458]: [2-1] user=Secret,db=databasesecret,app=[unknown],client=[local] LOG:  connection authorized: user=Secret database=databasesecret application_name=pg_isready
2025-12-19 09:21:01 GMT [3458]: [3-1] user=Secret,db=databasesecret,app=pg_isready,client=[local] LOG:  disconnection: session time: 0:00:00.002 user=Secret database=databasesecret host=[local]
2025-12-19 09:21:12 GMT [3466]: [1-1] user=[unknown],db=[unknown],app=[unknown],client=[local] LOG:  connection received: host=[local]
2025-12-19 09:21:12 GMT [3466]: [2-1] user=Secret,db=databasesecret,app=[unknown],client=[local] LOG:  connection authorized: user=Secret database=databasesecret application_name=pg_isready
2025-12-19 09:21:12 GMT [3466]: [3-1] user=Secret,db=databasesecret,app=pg_isready,client=[local] LOG:  disconnection: session time: 0:00:00.004 user=Secret database=databasesecret host=[local]
2025-12-19 09:21:23 GMT [3474]: [1-1] user=[unknown],db=[unknown],app=[unknown],client=[local] LOG:  connection received: host=[local]
2025-12-19 09:21:23 GMT [3474]: [2-1] user=Secret,db=databasesecret,app=[unknown],client=[local] LOG:  connection authorized: user=Secret database=databasesecret application_name=pg_isready
2025-12-19 09:21:23 GMT [3474]: [3-1] user=Secret,db=databasesecret,app=pg_isready,client=[local] LOG:  disconnection: session time: 0:00:00.001 user=Secret database=databasesecret host=[local]
2025-12-19 09:21:33 GMT [3482]: [1-1] user=[unknown],db=[unknown],app=[unknown],client=[local] LOG:  connection received: host=[local]
2025-12-19 09:21:33 GMT [3482]: [2-1] user=Secret,db=databasesecret,app=[unknown],client=[local] LOG:  connection authorized: user=Secret database=databasesecret application_name=pg_isready
2025-12-19 09:21:33 GMT [3482]: [3-1] user=Secret,db=databasesecret,app=pg_isready,client=[local] LOG:  disconnection: session time: 0:00:00.001 user=Secret database=databasesecret host=[local]
2025-12-19 09:21:44 GMT [3490]: [1-1] user=[unknown],db=[unknown],app=[unknown],client=[local] LOG:  connection received: host=[local]
2025-12-19 09:21:44 GMT [3490]: [2-1] user=Secret,db=databasesecret,app=[unknown],client=[local] LOG:  connection authorized: user=Secret database=databasesecret application_name=pg_isready
2025-12-19 09:21:44 GMT [3490]: [3-1] user=Secret,db=databasesecret,app=pg_isready,client=[local] LOG:  disconnection: session time: 0:00:00.001 user=Secret database=databasesecret host=[local]
2025-12-19 09:21:54 GMT [3499]: [1-1] user=[unknown],db=[unknown],app=[unknown],client=[local] LOG:  connection received: host=[local]
2025-12-19 09:21:54 GMT [3499]: [2-1] user=Secret,db=databasesecret,app=[unknown],client=[local] LOG:  connection authorized: user=Secret database=databasesecret application_name=pg_isready
2025-12-19 09:21:54 GMT [3499]: [3-1] user=Secret,db=databasesecret,app=pg_isready,client=[local] LOG:  disconnection: session time: 0:00:00.003 user=Secret database=databasesecret host=[local]
2025-12-19 09:22:04 GMT [3507]: [1-1] user=[unknown],db=[unknown],app=[unknown],client=[local] LOG:  connection received: host=[local]
2025-12-19 09:22:04 GMT [3507]: [2-1] user=Secret,db=databasesecret,app=[unknown],client=[local] LOG:  connection authorized: user=Secret database=databasesecret application_name=pg_isready
2025-12-19 09:22:04 GMT [3507]: [3-1] user=Secret,db=databasesecret,app=pg_isready,client=[local] LOG:  disconnection: session time: 0:00:00.003 user=Secret database=databasesecret host=[local]
2025-12-19 09:22:15 GMT [3515]: [1-1] user=[unknown],db=[unknown],app=[unknown],client=[local] LOG:  connection received: host=[local]
2025-12-19 09:22:15 GMT [3515]: [2-1] user=Secret,db=databasesecret,app=[unknown],client=[local] LOG:  connection authorized: user=Secret database=databasesecret application_name=pg_isready
2025-12-19 09:22:15 GMT [3515]: [3-1] user=Secret,db=databasesecret,app=pg_isready,client=[local] LOG:  disconnection: session time: 0:00:00.004 user=Secret database=databasesecret host=[local]
2025-12-19 09:22:25 GMT [3524]: [1-1] user=[unknown],db=[unknown],app=[unknown],client=[local] LOG:  connection received: host=[local]
2025-12-19 09:22:25 GMT [3524]: [2-1] user=Secret,db=databasesecret,app=[unknown],client=[local] LOG:  connection authorized: user=Secret database=databasesecret application_name=pg_isready
2025-12-19 09:22:25 GMT [3524]: [3-1] user=Secret,db=databasesecret,app=pg_isready,client=[local] LOG:  disconnection: session time: 0:00:00.003 user=Secret database=databasesecret host=[local]
2025-12-19 09:22:36 GMT [3533]: [1-1] user=[unknown],db=[unknown],app=[unknown],client=[local] LOG:  connection received: host=[local]
2025-12-19 09:22:36 GMT [3533]: [2-1] user=Secret,db=databasesecret,app=[unknown],client=[local] LOG:  connection authorized: user=Secret database=databasesecret application_name=pg_isready
2025-12-19 09:22:36 GMT [3533]: [3-1] user=Secret,db=databasesecret,app=pg_isready,client=[local] LOG:  disconnection: session time: 0:00:00.003 user=Secret database=databasesecret host=[local]
2025-12-19 09:22:47 GMT [3541]: [1-1] user=[unknown],db=[unknown],app=[unknown],client=[local] LOG:  connection received: host=[local]
2025-12-19 09:22:47 GMT [3541]: [2-1] user=Secret,db=databasesecret,app=[unknown],client=[local] LOG:  connection authorized: user=Secret database=databasesecret application_name=pg_isready
2025-12-19 09:22:47 GMT [3541]: [3-1] user=Secret,db=databasesecret,app=pg_isready,client=[local] LOG:  disconnection: session time: 0:00:00.002 user=Secret database=databasesecret host=[local]
2025-12-19 09:22:57 GMT [3550]: [1-1] user=[unknown],db=[unknown],app=[unknown],client=[local] LOG:  connection received: host=[local]
2025-12-19 09:22:57 GMT [3550]: [2-1] user=Secret,db=databasesecret,app=[unknown],client=[local] LOG:  connection authorized: user=Secret database=databasesecret application_name=pg_isready
2025-12-19 09:22:57 GMT [3550]: [3-1] user=Secret,db=databasesecret,app=pg_isready,client=[local] LOG:  disconnection: session time: 0:00:00.003 user=Secret database=databasesecret host=[local]
2025-12-19 09:23:07 GMT [3558]: [1-1] user=[unknown],db=[unknown],app=[unknown],client=[local] LOG:  connection received: host=[local]
2025-12-19 09:23:07 GMT [3558]: [2-1] user=Secret,db=databasesecret,app=[unknown],client=[local] LOG:  connection authorized: user=Secret database=databasesecret application_name=pg_isready
2025-12-19 09:23:07 GMT [3558]: [3-1] user=Secret,db=databasesecret,app=pg_isready,client=[local] LOG:  disconnection: session time: 0:00:00.002 user=Secret database=databasesecret host=[local]
2025-12-19 09:23:18 GMT [3566]: [1-1] user=[unknown],db=[unknown],app=[unknown],client=[local] LOG:  connection received: host=[local]
2025-12-19 09:23:18 GMT [3566]: [2-1] user=Secret,db=databasesecret,app=[unknown],client=[local] LOG:  connection authorized: user=Secret database=databasesecret application_name=pg_isready
2025-12-19 09:23:18 GMT [3566]: [3-1] user=Secret,db=databasesecret,app=pg_isready,client=[local] LOG:  disconnection: session time: 0:00:00.003 user=Secret database=databasesecret host=[local]
2025-12-19 09:23:28 GMT [3574]: [1-1] user=[unknown],db=[unknown],app=[unknown],client=[local] LOG:  connection received: host=[local]
2025-12-19 09:23:28 GMT [3574]: [2-1] user=Secret,db=databasesecret,app=[unknown],client=[local] LOG:  connection authorized: user=Secret database=databasesecret application_name=pg_isready
2025-12-19 09:23:28 GMT [3574]: [3-1] user=Secret,db=databasesecret,app=pg_isready,client=[local] LOG:  disconnection: session time: 0:00:00.004 user=Secret database=databasesecret host=[local]
2025-12-19 09:23:39 GMT [3582]: [1-1] user=[unknown],db=[unknown],app=[unknown],client=[local] LOG:  connection received: host=[local]
2025-12-19 09:23:39 GMT [3582]: [2-1] user=Secret,db=databasesecret,app=[unknown],client=[local] LOG:  connection authorized: user=Secret database=databasesecret application_name=pg_isready
2025-12-19 09:23:39 GMT [3582]: [3-1] user=Secret,db=databasesecret,app=pg_isready,client=[local] LOG:  disconnection: session time: 0:00:00.002 user=Secret database=databasesecret host=[local]
2025-12-19 09:23:50 GMT [3590]: [1-1] user=[unknown],db=[unknown],app=[unknown],client=[local] LOG:  connection received: host=[local]
2025-12-19 09:23:50 GMT [3590]: [2-1] user=Secret,db=databasesecret,app=[unknown],client=[local] LOG:  connection authorized: user=Secret database=databasesecret application_name=pg_isready
2025-12-19 09:23:50 GMT [3590]: [3-1] user=Secret,db=databasesecret,app=pg_isready,client=[local] LOG:  disconnection: session time: 0:00:00.003 user=Secret database=databasesecret host=[local]
2025-12-19 09:24:00 GMT [3599]: [1-1] user=[unknown],db=[unknown],app=[unknown],client=[local] LOG:  connection received: host=[local]
2025-12-19 09:24:00 GMT [3599]: [2-1] user=Secret,db=databasesecret,app=[unknown],client=[local] LOG:  connection authorized: user=Secret database=databasesecret application_name=pg_isready
2025-12-19 09:24:00 GMT [3599]: [3-1] user=Secret,db=databasesecret,app=pg_isready,client=[local] LOG:  disconnection: session time: 0:00:00.002 user=Secret database=databasesecret host=[local]
2025-12-19 09:24:11 GMT [3607]: [1-1] user=[unknown],db=[unknown],app=[unknown],client=[local] LOG:  connection received: host=[local]
2025-12-19 09:24:11 GMT [3607]: [2-1] user=Secret,db=databasesecret,app=[unknown],client=[local] LOG:  connection authorized: user=Secret database=databasesecret application_name=pg_isready
2025-12-19 09:24:11 GMT [3607]: [3-1] user=Secret,db=databasesecret,app=pg_isready,client=[local] LOG:  disconnection: session time: 0:00:00.002 user=Secret database=databasesecret host=[local]
2025-12-19 09:24:21 GMT [3615]: [1-1] user=[unknown],db=[unknown],app=[unknown],client=[local] LOG:  connection received: host=[local]
2025-12-19 09:24:21 GMT [3615]: [2-1] user=Secret,db=databasesecret,app=[unknown],client=[local] LOG:  connection authorized: user=Secret database=databasesecret application_name=pg_isready
2025-12-19 09:24:21 GMT [3615]: [3-1] user=Secret,db=databasesecret,app=pg_isready,client=[local] LOG:  disconnection: session time: 0:00:00.003 user=Secret database=databasesecret host=[local]
2025-12-19 09:24:31 GMT [3623]: [1-1] user=[unknown],db=[unknown],app=[unknown],client=[local] LOG:  connection received: host=[local]
2025-12-19 09:24:31 GMT [3623]: [2-1] user=Secret,db=databasesecret,app=[unknown],client=[local] LOG:  connection authorized: user=Secret database=databasesecret application_name=pg_isready
2025-12-19 09:24:31 GMT [3623]: [3-1] user=Secret,db=databasesecret,app=pg_isready,client=[local] LOG:  disconnection: session time: 0:00:00.002 user=Secret database=databasesecret host=[local]
2025-12-19 09:24:42 GMT [3631]: [1-1] user=[unknown],db=[unknown],app=[unknown],client=[local] LOG:  connection received: host=[local]
2025-12-19 09:24:42 GMT [3631]: [2-1] user=Secret,db=databasesecret,app=[unknown],client=[local] LOG:  connection authorized: user=Secret database=databasesecret application_name=pg_isready
2025-12-19 09:24:42 GMT [3631]: [3-1] user=Secret,db=databasesecret,app=pg_isready,client=[local] LOG:  disconnection: session time: 0:00:00.004 user=Secret database=databasesecret host=[local]
2025-12-19 09:24:52 GMT [3639]: [1-1] user=[unknown],db=[unknown],app=[unknown],client=[local] LOG:  connection received: host=[local]
2025-12-19 09:24:52 GMT [3639]: [2-1] user=Secret,db=databasesecret,app=[unknown],client=[local] LOG:  connection authorized: user=Secret database=databasesecret application_name=pg_isready
2025-12-19 09:24:52 GMT [3639]: [3-1] user=Secret,db=databasesecret,app=pg_isready,client=[local] LOG:  disconnection: session time: 0:00:00.002 user=Secret database=databasesecret host=[local]
2025-12-19 09:25:03 GMT [3648]: [1-1] user=[unknown],db=[unknown],app=[unknown],client=[local] LOG:  connection received: host=[local]
2025-12-19 09:25:03 GMT [3648]: [2-1] user=Secret,db=databasesecret,app=[unknown],client=[local] LOG:  connection authorized: user=Secret database=databasesecret application_name=pg_isready
2025-12-19 09:25:03 GMT [3648]: [3-1] user=Secret,db=databasesecret,app=pg_isready,client=[local] LOG:  disconnection: session time: 0:00:00.001 user=Secret database=databasesecret host=[local]
2025-12-19 09:25:14 GMT [3656]: [1-1] user=[unknown],db=[unknown],app=[unknown],client=[local] LOG:  connection received: host=[local]
2025-12-19 09:25:14 GMT [3656]: [2-1] user=Secret,db=databasesecret,app=[unknown],client=[local] LOG:  connection authorized: user=Secret database=databasesecret application_name=pg_isready
2025-12-19 09:25:14 GMT [3656]: [3-1] user=Secret,db=databasesecret,app=pg_isready,client=[local] LOG:  disconnection: session time: 0:00:00.001 user=Secret database=databasesecret host=[local]
2025-12-19 09:25:24 GMT [3664]: [1-1] user=[unknown],db=[unknown],app=[unknown],client=[local] LOG:  connection received: host=[local]
2025-12-19 09:25:24 GMT [3664]: [2-1] user=Secret,db=databasesecret,app=[unknown],client=[local] LOG:  connection authorized: user=Secret database=databasesecret application_name=pg_isready
2025-12-19 09:25:24 GMT [3664]: [3-1] user=Secret,db=databasesecret,app=pg_isready,client=[local] LOG:  disconnection: session time: 0:00:00.003 user=Secret database=databasesecret host=[local]
2025-12-19 09:25:34 GMT [3672]: [1-1] user=[unknown],db=[unknown],app=[unknown],client=[local] LOG:  connection received: host=[local]
2025-12-19 09:25:34 GMT [3672]: [2-1] user=Secret,db=databasesecret,app=[unknown],client=[local] LOG:  connection authorized: user=Secret database=databasesecret application_name=pg_isready
2025-12-19 09:25:34 GMT [3672]: [3-1] user=Secret,db=databasesecret,app=pg_isready,client=[local] LOG:  disconnection: session time: 0:00:00.002 user=Secret database=databasesecret host=[local]
2025-12-19 09:25:45 GMT [3680]: [1-1] user=[unknown],db=[unknown],app=[unknown],client=[local] LOG:  connection received: host=[local]
2025-12-19 09:25:45 GMT [3680]: [2-1] user=Secret,db=databasesecret,app=[unknown],client=[local] LOG:  connection authorized: user=Secret database=databasesecret application_name=pg_isready
2025-12-19 09:25:45 GMT [3680]: [3-1] user=Secret,db=databasesecret,app=pg_isready,client=[local] LOG:  disconnection: session time: 0:00:00.002 user=Secret database=databasesecret host=[local]
2025-12-19 09:25:55 GMT [3689]: [1-1] user=[unknown],db=[unknown],app=[unknown],client=[local] LOG:  connection received: host=[local]
2025-12-19 09:25:55 GMT [3689]: [2-1] user=Secret,db=databasesecret,app=[unknown],client=[local] LOG:  connection authorized: user=Secret database=databasesecret application_name=pg_isready
2025-12-19 09:25:55 GMT [3689]: [3-1] user=Secret,db=databasesecret,app=pg_isready,client=[local] LOG:  disconnection: session time: 0:00:00.003 user=Secret database=databasesecret host=[local]
2025-12-19 09:26:05 GMT [3697]: [1-1] user=[unknown],db=[unknown],app=[unknown],client=[local] LOG:  connection received: host=[local]
2025-12-19 09:26:05 GMT [3697]: [2-1] user=Secret,db=databasesecret,app=[unknown],client=[local] LOG:  connection authorized: user=Secret database=databasesecret application_name=pg_isready
2025-12-19 09:26:05 GMT [3697]: [3-1] user=Secret,db=databasesecret,app=pg_isready,client=[local] LOG:  disconnection: session time: 0:00:00.001 user=Secret database=databasesecret host=[local]
2025-12-19 09:26:16 GMT [3705]: [1-1] user=[unknown],db=[unknown],app=[unknown],client=[local] LOG:  connection received: host=[local]
2025-12-19 09:26:16 GMT [3705]: [2-1] user=Secret,db=databasesecret,app=[unknown],client=[local] LOG:  connection authorized: user=Secret database=databasesecret application_name=pg_isready
2025-12-19 09:26:16 GMT [3705]: [3-1] user=Secret,db=databasesecret,app=pg_isready,client=[local] LOG:  disconnection: session time: 0:00:00.003 user=Secret database=databasesecret host=[local]
2025-12-19 09:26:27 GMT [3713]: [1-1] user=[unknown],db=[unknown],app=[unknown],client=[local] LOG:  connection received: host=[local]
2025-12-19 09:26:27 GMT [3713]: [2-1] user=Secret,db=databasesecret,app=[unknown],client=[local] LOG:  connection authorized: user=Secret database=databasesecret application_name=pg_isready
2025-12-19 09:26:27 GMT [3713]: [3-1] user=Secret,db=databasesecret,app=pg_isready,client=[local] LOG:  disconnection: session time: 0:00:00.002 user=Secret database=databasesecret host=[local]
2025-12-19 09:26:37 GMT [3721]: [1-1] user=[unknown],db=[unknown],app=[unknown],client=[local] LOG:  connection received: host=[local]
2025-12-19 09:26:37 GMT [3721]: [2-1] user=Secret,db=databasesecret,app=[unknown],client=[local] LOG:  connection authorized: user=Secret database=databasesecret application_name=pg_isready
2025-12-19 09:26:37 GMT [3721]: [3-1] user=Secret,db=databasesecret,app=pg_isready,client=[local] LOG:  disconnection: session time: 0:00:00.003 user=Secret database=databasesecret host=[local]
2025-12-19 09:26:48 GMT [3729]: [1-1] user=[unknown],db=[unknown],app=[unknown],client=[local] LOG:  connection received: host=[local]
2025-12-19 09:26:48 GMT [3729]: [2-1] user=Secret,db=databasesecret,app=[unknown],client=[local] LOG:  connection authorized: user=Secret database=databasesecret application_name=pg_isready
2025-12-19 09:26:48 GMT [3729]: [3-1] user=Secret,db=databasesecret,app=pg_isready,client=[local] LOG:  disconnection: session time: 0:00:00.002 user=Secret database=databasesecret host=[local]
2025-12-19 09:26:58 GMT [3738]: [1-1] user=[unknown],db=[unknown],app=[unknown],client=[local] LOG:  connection received: host=[local]
2025-12-19 09:26:58 GMT [3738]: [2-1] user=Secret,db=databasesecret,app=[unknown],client=[local] LOG:  connection authorized: user=Secret database=databasesecret application_name=pg_isready
2025-12-19 09:26:58 GMT [3738]: [3-1] user=Secret,db=databasesecret,app=pg_isready,client=[local] LOG:  disconnection: session time: 0:00:00.004 user=Secret database=databasesecret host=[local]
2025-12-19 09:27:08 GMT [3746]: [1-1] user=[unknown],db=[unknown],app=[unknown],client=[local] LOG:  connection received: host=[local]
2025-12-19 09:27:08 GMT [3746]: [2-1] user=Secret,db=databasesecret,app=[unknown],client=[local] LOG:  connection authorized: user=Secret database=databasesecret application_name=pg_isready
2025-12-19 09:27:08 GMT [3746]: [3-1] user=Secret,db=databasesecret,app=pg_isready,client=[local] LOG:  disconnection: session time: 0:00:00.001 user=Secret database=databasesecret host=[local]
2025-12-19 09:27:19 GMT [3754]: [1-1] user=[unknown],db=[unknown],app=[unknown],client=[local] LOG:  connection received: host=[local]
2025-12-19 09:27:19 GMT [3754]: [2-1] user=Secret,db=databasesecret,app=[unknown],client=[local] LOG:  connection authorized: user=Secret database=databasesecret application_name=pg_isready
2025-12-19 09:27:19 GMT [3754]: [3-1] user=Secret,db=databasesecret,app=pg_isready,client=[local] LOG:  disconnection: session time: 0:00:00.002 user=Secret database=databasesecret host=[local]
2025-12-19 09:27:30 GMT [3762]: [1-1] user=[unknown],db=[unknown],app=[unknown],client=[local] LOG:  connection received: host=[local]
2025-12-19 09:27:30 GMT [3762]: [2-1] user=Secret,db=databasesecret,app=[unknown],client=[local] LOG:  connection authorized: user=Secret database=databasesecret application_name=pg_isready
2025-12-19 09:27:30 GMT [3762]: [3-1] user=Secret,db=databasesecret,app=pg_isready,client=[local] LOG:  disconnection: session time: 0:00:00.002 user=Secret database=databasesecret host=[local]
2025-12-19 09:27:40 GMT [3770]: [1-1] user=[unknown],db=[unknown],app=[unknown],client=[local] LOG:  connection received: host=[local]
2025-12-19 09:27:40 GMT [3770]: [2-1] user=Secret,db=databasesecret,app=[unknown],client=[local] LOG:  connection authorized: user=Secret database=databasesecret application_name=pg_isready
2025-12-19 09:27:40 GMT [3770]: [3-1] user=Secret,db=databasesecret,app=pg_isready,client=[local] LOG:  disconnection: session time: 0:00:00.002 user=Secret database=databasesecret host=[local]
2025-12-19 09:27:51 GMT [3778]: [1-1] user=[unknown],db=[unknown],app=[unknown],client=[local] LOG:  connection received: host=[local]
2025-12-19 09:27:51 GMT [3778]: [2-1] user=Secret,db=databasesecret,app=[unknown],client=[local] LOG:  connection authorized: user=Secret database=databasesecret application_name=pg_isready
2025-12-19 09:27:51 GMT [3778]: [3-1] user=Secret,db=databasesecret,app=pg_isready,client=[local] LOG:  disconnection: session time: 0:00:00.003 user=Secret database=databasesecret host=[local]
2025-12-19 09:28:01 GMT [3787]: [1-1] user=[unknown],db=[unknown],app=[unknown],client=[local] LOG:  connection received: host=[local]
2025-12-19 09:28:01 GMT [3787]: [2-1] user=Secret,db=databasesecret,app=[unknown],client=[local] LOG:  connection authorized: user=Secret database=databasesecret application_name=pg_isready
2025-12-19 09:28:01 GMT [3787]: [3-1] user=Secret,db=databasesecret,app=pg_isready,client=[local] LOG:  disconnection: session time: 0:00:00.002 user=Secret database=databasesecret host=[local]
2025-12-19 09:28:11 GMT [3795]: [1-1] user=[unknown],db=[unknown],app=[unknown],client=[local] LOG:  connection received: host=[local]
2025-12-19 09:28:11 GMT [3795]: [2-1] user=Secret,db=databasesecret,app=[unknown],client=[local] LOG:  connection authorized: user=Secret database=databasesecret application_name=pg_isready
2025-12-19 09:28:11 GMT [3795]: [3-1] user=Secret,db=databasesecret,app=pg_isready,client=[local] LOG:  disconnection: session time: 0:00:00.002 user=Secret database=databasesecret host=[local]
2025-12-19 09:28:22 GMT [3803]: [1-1] user=[unknown],db=[unknown],app=[unknown],client=[local] LOG:  connection received: host=[local]
2025-12-19 09:28:22 GMT [3803]: [2-1] user=Secret,db=databasesecret,app=[unknown],client=[local] LOG:  connection authorized: user=Secret database=databasesecret application_name=pg_isready
2025-12-19 09:28:22 GMT [3803]: [3-1] user=Secret,db=databasesecret,app=pg_isready,client=[local] LOG:  disconnection: session time: 0:00:00.003 user=Secret database=databasesecret host=[local]
2025-12-19 09:28:32 GMT [3811]: [1-1] user=[unknown],db=[unknown],app=[unknown],client=[local] LOG:  connection received: host=[local]
2025-12-19 09:28:32 GMT [3811]: [2-1] user=Secret,db=databasesecret,app=[unknown],client=[local] LOG:  connection authorized: user=Secret database=databasesecret application_name=pg_isready
2025-12-19 09:28:32 GMT [3811]: [3-1] user=Secret,db=databasesecret,app=pg_isready,client=[local] LOG:  disconnection: session time: 0:00:00.003 user=Secret database=databasesecret host=[local]
2025-12-19 09:28:43 GMT [3819]: [1-1] user=[unknown],db=[unknown],app=[unknown],client=[local] LOG:  connection received: host=[local]
2025-12-19 09:28:43 GMT [3819]: [2-1] user=Secret,db=databasesecret,app=[unknown],client=[local] LOG:  connection authorized: user=Secret database=databasesecret application_name=pg_isready
2025-12-19 09:28:43 GMT [3819]: [3-1] user=Secret,db=databasesecret,app=pg_isready,client=[local] LOG:  disconnection: session time: 0:00:00.002 user=Secret database=databasesecret host=[local]
2025-12-19 09:28:54 GMT [3827]: [1-1] user=[unknown],db=[unknown],app=[unknown],client=[local] LOG:  connection received: host=[local]
2025-12-19 09:28:54 GMT [3827]: [2-1] user=Secret,db=databasesecret,app=[unknown],client=[local] LOG:  connection authorized: user=Secret database=databasesecret application_name=pg_isready
2025-12-19 09:28:54 GMT [3827]: [3-1] user=Secret,db=databasesecret,app=pg_isready,client=[local] LOG:  disconnection: session time: 0:00:00.002 user=Secret database=databasesecret host=[local]
2025-12-19 09:29:04 GMT [3837]: [1-1] user=[unknown],db=[unknown],app=[unknown],client=[local] LOG:  connection received: host=[local]
2025-12-19 09:29:04 GMT [3837]: [2-1] user=Secret,db=databasesecret,app=[unknown],client=[local] LOG:  connection authorized: user=Secret database=databasesecret application_name=pg_isready
2025-12-19 09:29:04 GMT [3837]: [3-1] user=Secret,db=databasesecret,app=pg_isready,client=[local] LOG:  disconnection: session time: 0:00:00.001 user=Secret database=databasesecret host=[local]
2025-12-19 09:29:14 GMT [3845]: [1-1] user=[unknown],db=[unknown],app=[unknown],client=[local] LOG:  connection received: host=[local]
2025-12-19 09:29:14 GMT [3845]: [2-1] user=Secret,db=databasesecret,app=[unknown],client=[local] LOG:  connection authorized: user=Secret database=databasesecret application_name=pg_isready
2025-12-19 09:29:14 GMT [3845]: [3-1] user=Secret,db=databasesecret,app=pg_isready,client=[local] LOG:  disconnection: session time: 0:00:00.003 user=Secret database=databasesecret host=[local]
2025-12-19 09:29:25 GMT [3853]: [1-1] user=[unknown],db=[unknown],app=[unknown],client=[local] LOG:  connection received: host=[local]
2025-12-19 09:29:25 GMT [3853]: [2-1] user=Secret,db=databasesecret,app=[unknown],client=[local] LOG:  connection authorized: user=Secret database=databasesecret application_name=pg_isready
2025-12-19 09:29:25 GMT [3853]: [3-1] user=Secret,db=databasesecret,app=pg_isready,client=[local] LOG:  disconnection: session time: 0:00:00.003 user=Secret database=databasesecret host=[local]
2025-12-19 09:29:35 GMT [3861]: [1-1] user=[unknown],db=[unknown],app=[unknown],client=[local] LOG:  connection received: host=[local]
2025-12-19 09:29:35 GMT [3861]: [2-1] user=Secret,db=databasesecret,app=[unknown],client=[local] LOG:  connection authorized: user=Secret database=databasesecret application_name=pg_isready
2025-12-19 09:29:35 GMT [3861]: [3-1] user=Secret,db=databasesecret,app=pg_isready,client=[local] LOG:  disconnection: session time: 0:00:00.003 user=Secret database=databasesecret host=[local]
2025-12-19 09:29:46 GMT [3869]: [1-1] user=[unknown],db=[unknown],app=[unknown],client=[local] LOG:  connection received: host=[local]
2025-12-19 09:29:46 GMT [3869]: [2-1] user=Secret,db=databasesecret,app=[unknown],client=[local] LOG:  connection authorized: user=Secret database=databasesecret application_name=pg_isready
2025-12-19 09:29:46 GMT [3869]: [3-1] user=Secret,db=databasesecret,app=pg_isready,client=[local] LOG:  disconnection: session time: 0:00:00.002 user=Secret database=databasesecret host=[local]
2025-12-19 09:29:57 GMT [3877]: [1-1] user=[unknown],db=[unknown],app=[unknown],client=[local] LOG:  connection received: host=[local]
2025-12-19 09:29:57 GMT [3877]: [2-1] user=Secret,db=databasesecret,app=[unknown],client=[local] LOG:  connection authorized: user=Secret database=databasesecret application_name=pg_isready
2025-12-19 09:29:57 GMT [3877]: [3-1] user=Secret,db=databasesecret,app=pg_isready,client=[local] LOG:  disconnection: session time: 0:00:00.002 user=Secret database=databasesecret host=[local]
2025-12-19 09:30:07 GMT [3886]: [1-1] user=[unknown],db=[unknown],app=[unknown],client=[local] LOG:  connection received: host=[local]
2025-12-19 09:30:07 GMT [3886]: [2-1] user=Secret,db=databasesecret,app=[unknown],client=[local] LOG:  connection authorized: user=Secret database=databasesecret application_name=pg_isready
2025-12-19 09:30:07 GMT [3886]: [3-1] user=Secret,db=databasesecret,app=pg_isready,client=[local] LOG:  disconnection: session time: 0:00:00.001 user=Secret database=databasesecret host=[local]
2025-12-19 09:30:17 GMT [3894]: [1-1] user=[unknown],db=[unknown],app=[unknown],client=[local] LOG:  connection received: host=[local]
2025-12-19 09:30:17 GMT [3894]: [2-1] user=Secret,db=databasesecret,app=[unknown],client=[local] LOG:  connection authorized: user=Secret database=databasesecret application_name=pg_isready
2025-12-19 09:30:17 GMT [3894]: [3-1] user=Secret,db=databasesecret,app=pg_isready,client=[local] LOG:  disconnection: session time: 0:00:00.002 user=Secret database=databasesecret host=[local]
2025-12-19 09:30:28 GMT [3902]: [1-1] user=[unknown],db=[unknown],app=[unknown],client=[local] LOG:  connection received: host=[local]
2025-12-19 09:30:28 GMT [3902]: [2-1] user=Secret,db=databasesecret,app=[unknown],client=[local] LOG:  connection authorized: user=Secret database=databasesecret application_name=pg_isready
2025-12-19 09:30:28 GMT [3902]: [3-1] user=Secret,db=databasesecret,app=pg_isready,client=[local] LOG:  disconnection: session time: 0:00:00.003 user=Secret database=databasesecret host=[local]
2025-12-19 09:30:38 GMT [3910]: [1-1] user=[unknown],db=[unknown],app=[unknown],client=[local] LOG:  connection received: host=[local]
2025-12-19 09:30:38 GMT [3910]: [2-1] user=Secret,db=databasesecret,app=[unknown],client=[local] LOG:  connection authorized: user=Secret database=databasesecret application_name=pg_isready
2025-12-19 09:30:38 GMT [3910]: [3-1] user=Secret,db=databasesecret,app=pg_isready,client=[local] LOG:  disconnection: session time: 0:00:00.003 user=Secret database=databasesecret host=[local]
2025-12-19 09:30:48 GMT [3918]: [1-1] user=[unknown],db=[unknown],app=[unknown],client=[local] LOG:  connection received: host=[local]
2025-12-19 09:30:48 GMT [3918]: [2-1] user=Secret,db=databasesecret,app=[unknown],client=[local] LOG:  connection authorized: user=Secret database=databasesecret application_name=pg_isready
2025-12-19 09:30:48 GMT [3918]: [3-1] user=Secret,db=databasesecret,app=pg_isready,client=[local] LOG:  disconnection: session time: 0:00:00.002 user=Secret database=databasesecret host=[local]
2025-12-19 09:31:00 GMT [3926]: [1-1] user=[unknown],db=[unknown],app=[unknown],client=[local] LOG:  connection received: host=[local]
2025-12-19 09:31:00 GMT [3926]: [2-1] user=Secret,db=databasesecret,app=[unknown],client=[local] LOG:  connection authorized: user=Secret database=databasesecret application_name=pg_isready
2025-12-19 09:31:00 GMT [3926]: [3-1] user=Secret,db=databasesecret,app=pg_isready,client=[local] LOG:  disconnection: session time: 0:00:00.003 user=Secret database=databasesecret host=[local]
2025-12-19 09:31:10 GMT [3935]: [1-1] user=[unknown],db=[unknown],app=[unknown],client=[local] LOG:  connection received: host=[local]
2025-12-19 09:31:10 GMT [3935]: [2-1] user=Secret,db=databasesecret,app=[unknown],client=[local] LOG:  connection authorized: user=Secret database=databasesecret application_name=pg_isready
2025-12-19 09:31:10 GMT [3935]: [3-1] user=Secret,db=databasesecret,app=pg_isready,client=[local] LOG:  disconnection: session time: 0:00:00.003 user=Secret database=databasesecret host=[local]
2025-12-19 09:31:20 GMT [3943]: [1-1] user=[unknown],db=[unknown],app=[unknown],client=[local] LOG:  connection received: host=[local]
2025-12-19 09:31:20 GMT [3943]: [2-1] user=Secret,db=databasesecret,app=[unknown],client=[local] LOG:  connection authorized: user=Secret database=databasesecret application_name=pg_isready
2025-12-19 09:31:20 GMT [3943]: [3-1] user=Secret,db=databasesecret,app=pg_isready,client=[local] LOG:  disconnection: session time: 0:00:00.005 user=Secret database=databasesecret host=[local]
2025-12-19 09:31:31 GMT [3951]: [1-1] user=[unknown],db=[unknown],app=[unknown],client=[local] LOG:  connection received: host=[local]
2025-12-19 09:31:31 GMT [3951]: [2-1] user=Secret,db=databasesecret,app=[unknown],client=[local] LOG:  connection authorized: user=Secret database=databasesecret application_name=pg_isready
2025-12-19 09:31:31 GMT [3951]: [3-1] user=Secret,db=databasesecret,app=pg_isready,client=[local] LOG:  disconnection: session time: 0:00:00.003 user=Secret database=databasesecret host=[local]
2025-12-19 09:31:41 GMT [3959]: [1-1] user=[unknown],db=[unknown],app=[unknown],client=[local] LOG:  connection received: host=[local]
2025-12-19 09:31:41 GMT [3959]: [2-1] user=Secret,db=databasesecret,app=[unknown],client=[local] LOG:  connection authorized: user=Secret database=databasesecret application_name=pg_isready
2025-12-19 09:31:41 GMT [3959]: [3-1] user=Secret,db=databasesecret,app=pg_isready,client=[local] LOG:  disconnection: session time: 0:00:00.003 user=Secret database=databasesecret host=[local]
2025-12-19 09:31:51 GMT [3967]: [1-1] user=[unknown],db=[unknown],app=[unknown],client=[local] LOG:  connection received: host=[local]
2025-12-19 09:31:51 GMT [3967]: [2-1] user=Secret,db=databasesecret,app=[unknown],client=[local] LOG:  connection authorized: user=Secret database=databasesecret application_name=pg_isready
2025-12-19 09:31:51 GMT [3967]: [3-1] user=Secret,db=databasesecret,app=pg_isready,client=[local] LOG:  disconnection: session time: 0:00:00.003 user=Secret database=databasesecret host=[local]
2025-12-19 09:32:02 GMT [3975]: [1-1] user=[unknown],db=[unknown],app=[unknown],client=[local] LOG:  connection received: host=[local]
2025-12-19 09:32:02 GMT [3975]: [2-1] user=Secret,db=databasesecret,app=[unknown],client=[local] LOG:  connection authorized: user=Secret database=databasesecret application_name=pg_isready
2025-12-19 09:32:02 GMT [3975]: [3-1] user=Secret,db=databasesecret,app=pg_isready,client=[local] LOG:  disconnection: session time: 0:00:00.002 user=Secret database=databasesecret host=[local]
2025-12-19 09:32:13 GMT [3984]: [1-1] user=[unknown],db=[unknown],app=[unknown],client=[local] LOG:  connection received: host=[local]
2025-12-19 09:32:13 GMT [3984]: [2-1] user=Secret,db=databasesecret,app=[unknown],client=[local] LOG:  connection authorized: user=Secret database=databasesecret application_name=pg_isready
2025-12-19 09:32:13 GMT [3984]: [3-1] user=Secret,db=databasesecret,app=pg_isready,client=[local] LOG:  disconnection: session time: 0:00:00.001 user=Secret database=databasesecret host=[local]
2025-12-19 09:32:23 GMT [3992]: [1-1] user=[unknown],db=[unknown],app=[unknown],client=[local] LOG:  connection received: host=[local]
2025-12-19 09:32:23 GMT [3992]: [2-1] user=Secret,db=databasesecret,app=[unknown],client=[local] LOG:  connection authorized: user=Secret database=databasesecret application_name=pg_isready
2025-12-19 09:32:23 GMT [3992]: [3-1] user=Secret,db=databasesecret,app=pg_isready,client=[local] LOG:  disconnection: session time: 0:00:00.001 user=Secret database=databasesecret host=[local]
2025-12-19 09:32:34 GMT [4000]: [1-1] user=[unknown],db=[unknown],app=[unknown],client=[local] LOG:  connection received: host=[local]
2025-12-19 09:32:34 GMT [4000]: [2-1] user=Secret,db=databasesecret,app=[unknown],client=[local] LOG:  connection authorized: user=Secret database=databasesecret application_name=pg_isready
2025-12-19 09:32:34 GMT [4000]: [3-1] user=Secret,db=databasesecret,app=pg_isready,client=[local] LOG:  disconnection: session time: 0:00:00.003 user=Secret database=databasesecret host=[local]
2025-12-19 09:32:44 GMT [4008]: [1-1] user=[unknown],db=[unknown],app=[unknown],client=[local] LOG:  connection received: host=[local]
2025-12-19 09:32:44 GMT [4008]: [2-1] user=Secret,db=databasesecret,app=[unknown],client=[local] LOG:  connection authorized: user=Secret database=databasesecret application_name=pg_isready
2025-12-19 09:32:44 GMT [4008]: [3-1] user=Secret,db=databasesecret,app=pg_isready,client=[local] LOG:  disconnection: session time: 0:00:00.005 user=Secret database=databasesecret host=[local]
2025-12-19 09:32:54 GMT [4016]: [1-1] user=[unknown],db=[unknown],app=[unknown],client=[local] LOG:  connection received: host=[local]
2025-12-19 09:32:54 GMT [4016]: [2-1] user=Secret,db=databasesecret,app=[unknown],client=[local] LOG:  connection authorized: user=Secret database=databasesecret application_name=pg_isready
2025-12-19 09:32:54 GMT [4016]: [3-1] user=Secret,db=databasesecret,app=pg_isready,client=[local] LOG:  disconnection: session time: 0:00:00.001 user=Secret database=databasesecret host=[local]
2025-12-19 09:33:05 GMT [4024]: [1-1] user=[unknown],db=[unknown],app=[unknown],client=[local] LOG:  connection received: host=[local]
2025-12-19 09:33:05 GMT [4024]: [2-1] user=Secret,db=databasesecret,app=[unknown],client=[local] LOG:  connection authorized: user=Secret database=databasesecret application_name=pg_isready
2025-12-19 09:33:05 GMT [4024]: [3-1] user=Secret,db=databasesecret,app=pg_isready,client=[local] LOG:  disconnection: session time: 0:00:00.002 user=Secret database=databasesecret host=[local]
2025-12-19 09:33:15 GMT [4033]: [1-1] user=[unknown],db=[unknown],app=[unknown],client=[local] LOG:  connection received: host=[local]
2025-12-19 09:33:15 GMT [4033]: [2-1] user=Secret,db=databasesecret,app=[unknown],client=[local] LOG:  connection authorized: user=Secret database=databasesecret application_name=pg_isready
2025-12-19 09:33:15 GMT [4033]: [3-1] user=Secret,db=databasesecret,app=pg_isready,client=[local] LOG:  disconnection: session time: 0:00:00.001 user=Secret database=databasesecret host=[local]
2025-12-19 09:33:25 GMT [4041]: [1-1] user=[unknown],db=[unknown],app=[unknown],client=[local] LOG:  connection received: host=[local]
2025-12-19 09:33:25 GMT [4041]: [2-1] user=Secret,db=databasesecret,app=[unknown],client=[local] LOG:  connection authorized: user=Secret database=databasesecret application_name=pg_isready
2025-12-19 09:33:25 GMT [4041]: [3-1] user=Secret,db=databasesecret,app=pg_isready,client=[local] LOG:  disconnection: session time: 0:00:00.002 user=Secret database=databasesecret host=[local]
2025-12-19 09:33:36 GMT [4049]: [1-1] user=[unknown],db=[unknown],app=[unknown],client=[local] LOG:  connection received: host=[local]
2025-12-19 09:33:36 GMT [4049]: [2-1] user=Secret,db=databasesecret,app=[unknown],client=[local] LOG:  connection authorized: user=Secret database=databasesecret application_name=pg_isready
2025-12-19 09:33:36 GMT [4049]: [3-1] user=Secret,db=databasesecret,app=pg_isready,client=[local] LOG:  disconnection: session time: 0:00:00.003 user=Secret database=databasesecret host=[local]
2025-12-19 09:33:47 GMT [4057]: [1-1] user=[unknown],db=[unknown],app=[unknown],client=[local] LOG:  connection received: host=[local]
2025-12-19 09:33:47 GMT [4057]: [2-1] user=Secret,db=databasesecret,app=[unknown],client=[local] LOG:  connection authorized: user=Secret database=databasesecret application_name=pg_isready
2025-12-19 09:33:47 GMT [4057]: [3-1] user=Secret,db=databasesecret,app=pg_isready,client=[local] LOG:  disconnection: session time: 0:00:00.002 user=Secret database=databasesecret host=[local]
2025-12-19 09:33:57 GMT [4065]: [1-1] user=[unknown],db=[unknown],app=[unknown],client=[local] LOG:  connection received: host=[local]
2025-12-19 09:33:57 GMT [4065]: [2-1] user=Secret,db=databasesecret,app=[unknown],client=[local] LOG:  connection authorized: user=Secret database=databasesecret application_name=pg_isready
2025-12-19 09:33:57 GMT [4065]: [3-1] user=Secret,db=databasesecret,app=pg_isready,client=[local] LOG:  disconnection: session time: 0:00:00.002 user=Secret database=databasesecret host=[local]
2025-12-19 09:34:08 GMT [4073]: [1-1] user=[unknown],db=[unknown],app=[unknown],client=[local] LOG:  connection received: host=[local]
2025-12-19 09:34:08 GMT [4073]: [2-1] user=Secret,db=databasesecret,app=[unknown],client=[local] LOG:  connection authorized: user=Secret database=databasesecret application_name=pg_isready
2025-12-19 09:34:08 GMT [4073]: [3-1] user=Secret,db=databasesecret,app=pg_isready,client=[local] LOG:  disconnection: session time: 0:00:00.001 user=Secret database=databasesecret host=[local]
2025-12-19 09:34:18 GMT [4082]: [1-1] user=[unknown],db=[unknown],app=[unknown],client=[local] LOG:  connection received: host=[local]
2025-12-19 09:34:18 GMT [4082]: [2-1] user=Secret,db=databasesecret,app=[unknown],client=[local] LOG:  connection authorized: user=Secret database=databasesecret application_name=pg_isready
2025-12-19 09:34:18 GMT [4082]: [3-1] user=Secret,db=databasesecret,app=pg_isready,client=[local] LOG:  disconnection: session time: 0:00:00.001 user=Secret database=databasesecret host=[local]
2025-12-19 09:34:29 GMT [4090]: [1-1] user=[unknown],db=[unknown],app=[unknown],client=[local] LOG:  connection received: host=[local]
2025-12-19 09:34:29 GMT [4090]: [2-1] user=Secret,db=databasesecret,app=[unknown],client=[local] LOG:  connection authorized: user=Secret database=databasesecret application_name=pg_isready
2025-12-19 09:34:29 GMT [4090]: [3-1] user=Secret,db=databasesecret,app=pg_isready,client=[local] LOG:  disconnection: session time: 0:00:00.002 user=Secret database=databasesecret host=[local]
2025-12-19 09:34:39 GMT [4098]: [1-1] user=[unknown],db=[unknown],app=[unknown],client=[local] LOG:  connection received: host=[local]
2025-12-19 09:34:39 GMT [4098]: [2-1] user=Secret,db=databasesecret,app=[unknown],client=[local] LOG:  connection authorized: user=Secret database=databasesecret application_name=pg_isready
2025-12-19 09:34:39 GMT [4098]: [3-1] user=Secret,db=databasesecret,app=pg_isready,client=[local] LOG:  disconnection: session time: 0:00:00.001 user=Secret database=databasesecret host=[local]
2025-12-19 09:34:49 GMT [4106]: [1-1] user=[unknown],db=[unknown],app=[unknown],client=[local] LOG:  connection received: host=[local]
2025-12-19 09:34:49 GMT [4106]: [2-1] user=Secret,db=databasesecret,app=[unknown],client=[local] LOG:  connection authorized: user=Secret database=databasesecret application_name=pg_isready
2025-12-19 09:34:49 GMT [4106]: [3-1] user=Secret,db=databasesecret,app=pg_isready,client=[local] LOG:  disconnection: session time: 0:00:00.003 user=Secret database=databasesecret host=[local]
2025-12-19 09:35:00 GMT [4114]: [1-1] user=[unknown],db=[unknown],app=[unknown],client=[local] LOG:  connection received: host=[local]
2025-12-19 09:35:00 GMT [4114]: [2-1] user=Secret,db=databasesecret,app=[unknown],client=[local] LOG:  connection authorized: user=Secret database=databasesecret application_name=pg_isready
2025-12-19 09:35:00 GMT [4114]: [3-1] user=Secret,db=databasesecret,app=pg_isready,client=[local] LOG:  disconnection: session time: 0:00:00.003 user=Secret database=databasesecret host=[local]
2025-12-19 09:35:11 GMT [4122]: [1-1] user=[unknown],db=[unknown],app=[unknown],client=[local] LOG:  connection received: host=[local]
2025-12-19 09:35:11 GMT [4122]: [2-1] user=Secret,db=databasesecret,app=[unknown],client=[local] LOG:  connection authorized: user=Secret database=databasesecret application_name=pg_isready
2025-12-19 09:35:11 GMT [4122]: [3-1] user=Secret,db=databasesecret,app=pg_isready,client=[local] LOG:  disconnection: session time: 0:00:00.006 user=Secret database=databasesecret host=[local]
2025-12-19 09:35:21 GMT [4132]: [1-1] user=[unknown],db=[unknown],app=[unknown],client=[local] LOG:  connection received: host=[local]
2025-12-19 09:35:21 GMT [4132]: [2-1] user=Secret,db=databasesecret,app=[unknown],client=[local] LOG:  connection authorized: user=Secret database=databasesecret application_name=pg_isready
2025-12-19 09:35:21 GMT [4132]: [3-1] user=Secret,db=databasesecret,app=pg_isready,client=[local] LOG:  disconnection: session time: 0:00:00.001 user=Secret database=databasesecret host=[local]
2025-12-19 09:35:32 GMT [4140]: [1-1] user=[unknown],db=[unknown],app=[unknown],client=[local] LOG:  connection received: host=[local]
2025-12-19 09:35:32 GMT [4140]: [2-1] user=Secret,db=databasesecret,app=[unknown],client=[local] LOG:  connection authorized: user=Secret database=databasesecret application_name=pg_isready
2025-12-19 09:35:32 GMT [4140]: [3-1] user=Secret,db=databasesecret,app=pg_isready,client=[local] LOG:  disconnection: session time: 0:00:00.004 user=Secret database=databasesecret host=[local]
2025-12-19 09:35:42 GMT [4148]: [1-1] user=[unknown],db=[unknown],app=[unknown],client=[local] LOG:  connection received: host=[local]
2025-12-19 09:35:42 GMT [4148]: [2-1] user=Secret,db=databasesecret,app=[unknown],client=[local] LOG:  connection authorized: user=Secret database=databasesecret application_name=pg_isready
2025-12-19 09:35:42 GMT [4148]: [3-1] user=Secret,db=databasesecret,app=pg_isready,client=[local] LOG:  disconnection: session time: 0:00:00.004 user=Secret database=databasesecret host=[local]
2025-12-19 09:35:52 GMT [4156]: [1-1] user=[unknown],db=[unknown],app=[unknown],client=[local] LOG:  connection received: host=[local]
2025-12-19 09:35:52 GMT [4156]: [2-1] user=Secret,db=databasesecret,app=[unknown],client=[local] LOG:  connection authorized: user=Secret database=databasesecret application_name=pg_isready
2025-12-19 09:35:52 GMT [4156]: [3-1] user=Secret,db=databasesecret,app=pg_isready,client=[local] LOG:  disconnection: session time: 0:00:00.003 user=Secret database=databasesecret host=[local]
2025-12-19 09:36:03 GMT [4164]: [1-1] user=[unknown],db=[unknown],app=[unknown],client=[local] LOG:  connection received: host=[local]
2025-12-19 09:36:03 GMT [4164]: [2-1] user=Secret,db=databasesecret,app=[unknown],client=[local] LOG:  connection authorized: user=Secret database=databasesecret application_name=pg_isready
2025-12-19 09:36:03 GMT [4164]: [3-1] user=Secret,db=databasesecret,app=pg_isready,client=[local] LOG:  disconnection: session time: 0:00:00.002 user=Secret database=databasesecret host=[local]
2025-12-19 09:36:13 GMT [4174]: [1-1] user=[unknown],db=[unknown],app=[unknown],client=[local] LOG:  connection received: host=[local]
2025-12-19 09:36:13 GMT [4174]: [2-1] user=Secret,db=databasesecret,app=[unknown],client=[local] LOG:  connection authorized: user=Secret database=databasesecret application_name=pg_isready
2025-12-19 09:36:13 GMT [4174]: [3-1] user=Secret,db=databasesecret,app=pg_isready,client=[local] LOG:  disconnection: session time: 0:00:00.004 user=Secret database=databasesecret host=[local]
2025-12-19 09:36:24 GMT [4182]: [1-1] user=[unknown],db=[unknown],app=[unknown],client=[local] LOG:  connection received: host=[local]
2025-12-19 09:36:24 GMT [4182]: [2-1] user=Secret,db=databasesecret,app=[unknown],client=[local] LOG:  connection authorized: user=Secret database=databasesecret application_name=pg_isready
2025-12-19 09:36:24 GMT [4182]: [3-1] user=Secret,db=databasesecret,app=pg_isready,client=[local] LOG:  disconnection: session time: 0:00:00.003 user=Secret database=databasesecret host=[local]
2025-12-19 09:36:35 GMT [4190]: [1-1] user=[unknown],db=[unknown],app=[unknown],client=[local] LOG:  connection received: host=[local]
2025-12-19 09:36:35 GMT [4190]: [2-1] user=Secret,db=databasesecret,app=[unknown],client=[local] LOG:  connection authorized: user=Secret database=databasesecret application_name=pg_isready
2025-12-19 09:36:35 GMT [4190]: [3-1] user=Secret,db=databasesecret,app=pg_isready,client=[local] LOG:  disconnection: session time: 0:00:00.003 user=Secret database=databasesecret host=[local]
2025-12-19 09:36:45 GMT [4198]: [1-1] user=[unknown],db=[unknown],app=[unknown],client=[local] LOG:  connection received: host=[local]
2025-12-19 09:36:45 GMT [4198]: [2-1] user=Secret,db=databasesecret,app=[unknown],client=[local] LOG:  connection authorized: user=Secret database=databasesecret application_name=pg_isready
2025-12-19 09:36:45 GMT [4198]: [3-1] user=Secret,db=databasesecret,app=pg_isready,client=[local] LOG:  disconnection: session time: 0:00:00.002 user=Secret database=databasesecret host=[local]
2025-12-19 09:36:55 GMT [4206]: [1-1] user=[unknown],db=[unknown],app=[unknown],client=[local] LOG:  connection received: host=[local]
2025-12-19 09:36:55 GMT [4206]: [2-1] user=Secret,db=databasesecret,app=[unknown],client=[local] LOG:  connection authorized: user=Secret database=databasesecret application_name=pg_isready
2025-12-19 09:36:55 GMT [4206]: [3-1] user=Secret,db=databasesecret,app=pg_isready,client=[local] LOG:  disconnection: session time: 0:00:00.006 user=Secret database=databasesecret host=[local]
2025-12-19 09:37:06 GMT [4214]: [1-1] user=[unknown],db=[unknown],app=[unknown],client=[local] LOG:  connection received: host=[local]
2025-12-19 09:37:06 GMT [4214]: [2-1] user=Secret,db=databasesecret,app=[unknown],client=[local] LOG:  connection authorized: user=Secret database=databasesecret application_name=pg_isready
2025-12-19 09:37:06 GMT [4214]: [3-1] user=Secret,db=databasesecret,app=pg_isready,client=[local] LOG:  disconnection: session time: 0:00:00.002 user=Secret database=databasesecret host=[local]
2025-12-19 09:37:16 GMT [4223]: [1-1] user=[unknown],db=[unknown],app=[unknown],client=[local] LOG:  connection received: host=[local]
2025-12-19 09:37:16 GMT [4223]: [2-1] user=Secret,db=databasesecret,app=[unknown],client=[local] LOG:  connection authorized: user=Secret database=databasesecret application_name=pg_isready
2025-12-19 09:37:16 GMT [4223]: [3-1] user=Secret,db=databasesecret,app=pg_isready,client=[local] LOG:  disconnection: session time: 0:00:00.002 user=Secret database=databasesecret host=[local]
2025-12-19 09:37:26 GMT [4231]: [1-1] user=[unknown],db=[unknown],app=[unknown],client=[local] LOG:  connection received: host=[local]
2025-12-19 09:37:26 GMT [4231]: [2-1] user=Secret,db=databasesecret,app=[unknown],client=[local] LOG:  connection authorized: user=Secret database=databasesecret application_name=pg_isready
2025-12-19 09:37:26 GMT [4231]: [3-1] user=Secret,db=databasesecret,app=pg_isready,client=[local] LOG:  disconnection: session time: 0:00:00.002 user=Secret database=databasesecret host=[local]
2025-12-19 09:37:38 GMT [4239]: [1-1] user=[unknown],db=[unknown],app=[unknown],client=[local] LOG:  connection received: host=[local]
2025-12-19 09:37:38 GMT [4239]: [2-1] user=Secret,db=databasesecret,app=[unknown],client=[local] LOG:  connection authorized: user=Secret database=databasesecret application_name=pg_isready
2025-12-19 09:37:38 GMT [4239]: [3-1] user=Secret,db=databasesecret,app=pg_isready,client=[local] LOG:  disconnection: session time: 0:00:00.002 user=Secret database=databasesecret host=[local]
2025-12-19 09:37:48 GMT [4247]: [1-1] user=[unknown],db=[unknown],app=[unknown],client=[local] LOG:  connection received: host=[local]
2025-12-19 09:37:48 GMT [4247]: [2-1] user=Secret,db=databasesecret,app=[unknown],client=[local] LOG:  connection authorized: user=Secret database=databasesecret application_name=pg_isready
2025-12-19 09:37:48 GMT [4247]: [3-1] user=Secret,db=databasesecret,app=pg_isready,client=[local] LOG:  disconnection: session time: 0:00:00.002 user=Secret database=databasesecret host=[local]
2025-12-19 09:37:58 GMT [4255]: [1-1] user=[unknown],db=[unknown],app=[unknown],client=[local] LOG:  connection received: host=[local]
2025-12-19 09:37:58 GMT [4255]: [2-1] user=Secret,db=databasesecret,app=[unknown],client=[local] LOG:  connection authorized: user=Secret database=databasesecret application_name=pg_isready
2025-12-19 09:37:58 GMT [4255]: [3-1] user=Secret,db=databasesecret,app=pg_isready,client=[local] LOG:  disconnection: session time: 0:00:00.003 user=Secret database=databasesecret host=[local]
2025-12-19 09:38:09 GMT [4263]: [1-1] user=[unknown],db=[unknown],app=[unknown],client=[local] LOG:  connection received: host=[local]
2025-12-19 09:38:09 GMT [4263]: [2-1] user=Secret,db=databasesecret,app=[unknown],client=[local] LOG:  connection authorized: user=Secret database=databasesecret application_name=pg_isready
2025-12-19 09:38:09 GMT [4263]: [3-1] user=Secret,db=databasesecret,app=pg_isready,client=[local] LOG:  disconnection: session time: 0:00:00.003 user=Secret database=databasesecret host=[local]
2025-12-19 09:38:19 GMT [4273]: [1-1] user=[unknown],db=[unknown],app=[unknown],client=[local] LOG:  connection received: host=[local]
2025-12-19 09:38:19 GMT [4273]: [2-1] user=Secret,db=databasesecret,app=[unknown],client=[local] LOG:  connection authorized: user=Secret database=databasesecret application_name=pg_isready
2025-12-19 09:38:19 GMT [4273]: [3-1] user=Secret,db=databasesecret,app=pg_isready,client=[local] LOG:  disconnection: session time: 0:00:00.003 user=Secret database=databasesecret host=[local]
2025-12-19 09:38:29 GMT [4281]: [1-1] user=[unknown],db=[unknown],app=[unknown],client=[local] LOG:  connection received: host=[local]
2025-12-19 09:38:29 GMT [4281]: [2-1] user=Secret,db=databasesecret,app=[unknown],client=[local] LOG:  connection authorized: user=Secret database=databasesecret application_name=pg_isready
2025-12-19 09:38:29 GMT [4281]: [3-1] user=Secret,db=databasesecret,app=pg_isready,client=[local] LOG:  disconnection: session time: 0:00:00.002 user=Secret database=databasesecret host=[local]
2025-12-19 09:38:40 GMT [4289]: [1-1] user=[unknown],db=[unknown],app=[unknown],client=[local] LOG:  connection received: host=[local]
2025-12-19 09:38:40 GMT [4289]: [2-1] user=Secret,db=databasesecret,app=[unknown],client=[local] LOG:  connection authorized: user=Secret database=databasesecret application_name=pg_isready
2025-12-19 09:38:40 GMT [4289]: [3-1] user=Secret,db=databasesecret,app=pg_isready,client=[local] LOG:  disconnection: session time: 0:00:00.002 user=Secret database=databasesecret host=[local]
2025-12-19 09:38:51 GMT [4297]: [1-1] user=[unknown],db=[unknown],app=[unknown],client=[local] LOG:  connection received: host=[local]
2025-12-19 09:38:51 GMT [4297]: [2-1] user=Secret,db=databasesecret,app=[unknown],client=[local] LOG:  connection authorized: user=Secret database=databasesecret application_name=pg_isready
2025-12-19 09:38:51 GMT [4297]: [3-1] user=Secret,db=databasesecret,app=pg_isready,client=[local] LOG:  disconnection: session time: 0:00:00.002 user=Secret database=databasesecret host=[local]
2025-12-19 09:39:01 GMT [4305]: [1-1] user=[unknown],db=[unknown],app=[unknown],client=[local] LOG:  connection received: host=[local]
2025-12-19 09:39:01 GMT [4305]: [2-1] user=Secret,db=databasesecret,app=[unknown],client=[local] LOG:  connection authorized: user=Secret database=databasesecret application_name=pg_isready
2025-12-19 09:39:01 GMT [4305]: [3-1] user=Secret,db=databasesecret,app=pg_isready,client=[local] LOG:  disconnection: session time: 0:00:00.003 user=Secret database=databasesecret host=[local]
2025-12-19 09:39:12 GMT [4313]: [1-1] user=[unknown],db=[unknown],app=[unknown],client=[local] LOG:  connection received: host=[local]
2025-12-19 09:39:12 GMT [4313]: [2-1] user=Secret,db=databasesecret,app=[unknown],client=[local] LOG:  connection authorized: user=Secret database=databasesecret application_name=pg_isready
2025-12-19 09:39:12 GMT [4313]: [3-1] user=Secret,db=databasesecret,app=pg_isready,client=[local] LOG:  disconnection: session time: 0:00:00.004 user=Secret database=databasesecret host=[local]
2025-12-19 09:39:22 GMT [4322]: [1-1] user=[unknown],db=[unknown],app=[unknown],client=[local] LOG:  connection received: host=[local]
2025-12-19 09:39:22 GMT [4322]: [2-1] user=Secret,db=databasesecret,app=[unknown],client=[local] LOG:  connection authorized: user=Secret database=databasesecret application_name=pg_isready
2025-12-19 09:39:22 GMT [4322]: [3-1] user=Secret,db=databasesecret,app=pg_isready,client=[local] LOG:  disconnection: session time: 0:00:00.003 user=Secret database=databasesecret host=[local]
2025-12-19 09:39:32 GMT [4330]: [1-1] user=[unknown],db=[unknown],app=[unknown],client=[local] LOG:  connection received: host=[local]
2025-12-19 09:39:32 GMT [4330]: [2-1] user=Secret,db=databasesecret,app=[unknown],client=[local] LOG:  connection authorized: user=Secret database=databasesecret application_name=pg_isready
2025-12-19 09:39:32 GMT [4330]: [3-1] user=Secret,db=databasesecret,app=pg_isready,client=[local] LOG:  disconnection: session time: 0:00:00.003 user=Secret database=databasesecret host=[local]
2025-12-19 09:39:43 GMT [4338]: [1-1] user=[unknown],db=[unknown],app=[unknown],client=[local] LOG:  connection received: host=[local]
2025-12-19 09:39:43 GMT [4338]: [2-1] user=Secret,db=databasesecret,app=[unknown],client=[local] LOG:  connection authorized: user=Secret database=databasesecret application_name=pg_isready
2025-12-19 09:39:43 GMT [4338]: [3-1] user=Secret,db=databasesecret,app=pg_isready,client=[local] LOG:  disconnection: session time: 0:00:00.001 user=Secret database=databasesecret host=[local]
2025-12-19 09:39:53 GMT [4346]: [1-1] user=[unknown],db=[unknown],app=[unknown],client=[local] LOG:  connection received: host=[local]
2025-12-19 09:39:53 GMT [4346]: [2-1] user=Secret,db=databasesecret,app=[unknown],client=[local] LOG:  connection authorized: user=Secret database=databasesecret application_name=pg_isready
2025-12-19 09:39:53 GMT [4346]: [3-1] user=Secret,db=databasesecret,app=pg_isready,client=[local] LOG:  disconnection: session time: 0:00:00.002 user=Secret database=databasesecret host=[local]
2025-12-19 09:40:03 GMT [4354]: [1-1] user=[unknown],db=[unknown],app=[unknown],client=[local] LOG:  connection received: host=[local]
2025-12-19 09:40:03 GMT [4354]: [2-1] user=Secret,db=databasesecret,app=[unknown],client=[local] LOG:  connection authorized: user=Secret database=databasesecret application_name=pg_isready
2025-12-19 09:40:03 GMT [4354]: [3-1] user=Secret,db=databasesecret,app=pg_isready,client=[local] LOG:  disconnection: session time: 0:00:00.001 user=Secret database=databasesecret host=[local]
2025-12-19 09:40:14 GMT [4362]: [1-1] user=[unknown],db=[unknown],app=[unknown],client=[local] LOG:  connection received: host=[local]
2025-12-19 09:40:14 GMT [4362]: [2-1] user=Secret,db=databasesecret,app=[unknown],client=[local] LOG:  connection authorized: user=Secret database=databasesecret application_name=pg_isready
2025-12-19 09:40:14 GMT [4362]: [3-1] user=Secret,db=databasesecret,app=pg_isready,client=[local] LOG:  disconnection: session time: 0:00:00.002 user=Secret database=databasesecret host=[local]
2025-12-19 09:40:24 GMT [4371]: [1-1] user=[unknown],db=[unknown],app=[unknown],client=[local] LOG:  connection received: host=[local]
2025-12-19 09:40:24 GMT [4371]: [2-1] user=Secret,db=databasesecret,app=[unknown],client=[local] LOG:  connection authorized: user=Secret database=databasesecret application_name=pg_isready
2025-12-19 09:40:24 GMT [4371]: [3-1] user=Secret,db=databasesecret,app=pg_isready,client=[local] LOG:  disconnection: session time: 0:00:00.001 user=Secret database=databasesecret host=[local]
2025-12-19 09:40:34 GMT [4379]: [1-1] user=[unknown],db=[unknown],app=[unknown],client=[local] LOG:  connection received: host=[local]
2025-12-19 09:40:34 GMT [4379]: [2-1] user=Secret,db=databasesecret,app=[unknown],client=[local] LOG:  connection authorized: user=Secret database=databasesecret application_name=pg_isready
2025-12-19 09:40:34 GMT [4379]: [3-1] user=Secret,db=databasesecret,app=pg_isready,client=[local] LOG:  disconnection: session time: 0:00:00.003 user=Secret database=databasesecret host=[local]
2025-12-19 09:40:45 GMT [4388]: [1-1] user=[unknown],db=[unknown],app=[unknown],client=[local] LOG:  connection received: host=[local]
2025-12-19 09:40:45 GMT [4388]: [2-1] user=Secret,db=databasesecret,app=[unknown],client=[local] LOG:  connection authorized: user=Secret database=databasesecret application_name=pg_isready
2025-12-19 09:40:45 GMT [4388]: [3-1] user=Secret,db=databasesecret,app=pg_isready,client=[local] LOG:  disconnection: session time: 0:00:00.002 user=Secret database=databasesecret host=[local]
2025-12-19 09:40:56 GMT [4396]: [1-1] user=[unknown],db=[unknown],app=[unknown],client=[local] LOG:  connection received: host=[local]
2025-12-19 09:40:56 GMT [4396]: [2-1] user=Secret,db=databasesecret,app=[unknown],client=[local] LOG:  connection authorized: user=Secret database=databasesecret application_name=pg_isready
2025-12-19 09:40:56 GMT [4396]: [3-1] user=Secret,db=databasesecret,app=pg_isready,client=[local] LOG:  disconnection: session time: 0:00:00.002 user=Secret database=databasesecret host=[local]
2025-12-19 09:41:06 GMT [4404]: [1-1] user=[unknown],db=[unknown],app=[unknown],client=[local] LOG:  connection received: host=[local]
2025-12-19 09:41:06 GMT [4404]: [2-1] user=Secret,db=databasesecret,app=[unknown],client=[local] LOG:  connection authorized: user=Secret database=databasesecret application_name=pg_isready
2025-12-19 09:41:06 GMT [4404]: [3-1] user=Secret,db=databasesecret,app=pg_isready,client=[local] LOG:  disconnection: session time: 0:00:00.002 user=Secret database=databasesecret host=[local]
2025-12-19 09:41:17 GMT [4412]: [1-1] user=[unknown],db=[unknown],app=[unknown],client=[local] LOG:  connection received: host=[local]
2025-12-19 09:41:17 GMT [4412]: [2-1] user=Secret,db=databasesecret,app=[unknown],client=[local] LOG:  connection authorized: user=Secret database=databasesecret application_name=pg_isready
2025-12-19 09:41:17 GMT [4412]: [3-1] user=Secret,db=databasesecret,app=pg_isready,client=[local] LOG:  disconnection: session time: 0:00:00.002 user=Secret database=databasesecret host=[local]
2025-12-19 09:41:27 GMT [4421]: [1-1] user=[unknown],db=[unknown],app=[unknown],client=[local] LOG:  connection received: host=[local]
2025-12-19 09:41:27 GMT [4421]: [2-1] user=Secret,db=databasesecret,app=[unknown],client=[local] LOG:  connection authorized: user=Secret database=databasesecret application_name=pg_isready
2025-12-19 09:41:27 GMT [4421]: [3-1] user=Secret,db=databasesecret,app=pg_isready,client=[local] LOG:  disconnection: session time: 0:00:00.002 user=Secret database=databasesecret host=[local]
2025-12-19 09:41:37 GMT [4429]: [1-1] user=[unknown],db=[unknown],app=[unknown],client=[local] LOG:  connection received: host=[local]
2025-12-19 09:41:37 GMT [4429]: [2-1] user=Secret,db=databasesecret,app=[unknown],client=[local] LOG:  connection authorized: user=Secret database=databasesecret application_name=pg_isready
2025-12-19 09:41:37 GMT [4429]: [3-1] user=Secret,db=databasesecret,app=pg_isready,client=[local] LOG:  disconnection: session time: 0:00:00.002 user=Secret database=databasesecret host=[local]
2025-12-19 09:41:48 GMT [4437]: [1-1] user=[unknown],db=[unknown],app=[unknown],client=[local] LOG:  connection received: host=[local]
2025-12-19 09:41:48 GMT [4437]: [2-1] user=Secret,db=databasesecret,app=[unknown],client=[local] LOG:  connection authorized: user=Secret database=databasesecret application_name=pg_isready
2025-12-19 09:41:48 GMT [4437]: [3-1] user=Secret,db=databasesecret,app=pg_isready,client=[local] LOG:  disconnection: session time: 0:00:00.003 user=Secret database=databasesecret host=[local]
2025-12-19 09:41:58 GMT [4445]: [1-1] user=[unknown],db=[unknown],app=[unknown],client=[local] LOG:  connection received: host=[local]
2025-12-19 09:41:58 GMT [4445]: [2-1] user=Secret,db=databasesecret,app=[unknown],client=[local] LOG:  connection authorized: user=Secret database=databasesecret application_name=pg_isready
2025-12-19 09:41:58 GMT [4445]: [3-1] user=Secret,db=databasesecret,app=pg_isready,client=[local] LOG:  disconnection: session time: 0:00:00.003 user=Secret database=databasesecret host=[local]
2025-12-19 09:42:09 GMT [4453]: [1-1] user=[unknown],db=[unknown],app=[unknown],client=[local] LOG:  connection received: host=[local]
2025-12-19 09:42:09 GMT [4453]: [2-1] user=Secret,db=databasesecret,app=[unknown],client=[local] LOG:  connection authorized: user=Secret database=databasesecret application_name=pg_isready
2025-12-19 09:42:09 GMT [4453]: [3-1] user=Secret,db=databasesecret,app=pg_isready,client=[local] LOG:  disconnection: session time: 0:00:00.004 user=Secret database=databasesecret host=[local]
2025-12-19 09:42:20 GMT [4461]: [1-1] user=[unknown],db=[unknown],app=[unknown],client=[local] LOG:  connection received: host=[local]
2025-12-19 09:42:20 GMT [4461]: [2-1] user=Secret,db=databasesecret,app=[unknown],client=[local] LOG:  connection authorized: user=Secret database=databasesecret application_name=pg_isready
2025-12-19 09:42:20 GMT [4461]: [3-1] user=Secret,db=databasesecret,app=pg_isready,client=[local] LOG:  disconnection: session time: 0:00:00.002 user=Secret database=databasesecret host=[local]
2025-12-19 09:42:30 GMT [4470]: [1-1] user=[unknown],db=[unknown],app=[unknown],client=[local] LOG:  connection received: host=[local]
2025-12-19 09:42:30 GMT [4470]: [2-1] user=Secret,db=databasesecret,app=[unknown],client=[local] LOG:  connection authorized: user=Secret database=databasesecret application_name=pg_isready
2025-12-19 09:42:30 GMT [4470]: [3-1] user=Secret,db=databasesecret,app=pg_isready,client=[local] LOG:  disconnection: session time: 0:00:00.003 user=Secret database=databasesecret host=[local]
2025-12-19 09:42:40 GMT [4478]: [1-1] user=[unknown],db=[unknown],app=[unknown],client=[local] LOG:  connection received: host=[local]
2025-12-19 09:42:40 GMT [4478]: [2-1] user=Secret,db=databasesecret,app=[unknown],client=[local] LOG:  connection authorized: user=Secret database=databasesecret application_name=pg_isready
2025-12-19 09:42:40 GMT [4478]: [3-1] user=Secret,db=databasesecret,app=pg_isready,client=[local] LOG:  disconnection: session time: 0:00:00.002 user=Secret database=databasesecret host=[local]
2025-12-19 09:42:51 GMT [4486]: [1-1] user=[unknown],db=[unknown],app=[unknown],client=[local] LOG:  connection received: host=[local]
2025-12-19 09:42:51 GMT [4486]: [2-1] user=Secret,db=databasesecret,app=[unknown],client=[local] LOG:  connection authorized: user=Secret database=databasesecret application_name=pg_isready
2025-12-19 09:42:51 GMT [4486]: [3-1] user=Secret,db=databasesecret,app=pg_isready,client=[local] LOG:  disconnection: session time: 0:00:00.002 user=Secret database=databasesecret host=[local]
2025-12-19 09:43:01 GMT [4495]: [1-1] user=[unknown],db=[unknown],app=[unknown],client=[local] LOG:  connection received: host=[local]
2025-12-19 09:43:01 GMT [4495]: [2-1] user=Secret,db=databasesecret,app=[unknown],client=[local] LOG:  connection authorized: user=Secret database=databasesecret application_name=pg_isready
2025-12-19 09:43:01 GMT [4495]: [3-1] user=Secret,db=databasesecret,app=pg_isready,client=[local] LOG:  disconnection: session time: 0:00:00.002 user=Secret database=databasesecret host=[local]
2025-12-19 09:43:11 GMT [4503]: [1-1] user=[unknown],db=[unknown],app=[unknown],client=[local] LOG:  connection received: host=[local]
2025-12-19 09:43:11 GMT [4503]: [2-1] user=Secret,db=databasesecret,app=[unknown],client=[local] LOG:  connection authorized: user=Secret database=databasesecret application_name=pg_isready
2025-12-19 09:43:11 GMT [4503]: [3-1] user=Secret,db=databasesecret,app=pg_isready,client=[local] LOG:  disconnection: session time: 0:00:00.002 user=Secret database=databasesecret host=[local]
2025-12-19 09:43:22 GMT [4511]: [1-1] user=[unknown],db=[unknown],app=[unknown],client=[local] LOG:  connection received: host=[local]
2025-12-19 09:43:22 GMT [4511]: [2-1] user=Secret,db=databasesecret,app=[unknown],client=[local] LOG:  connection authorized: user=Secret database=databasesecret application_name=pg_isready
2025-12-19 09:43:22 GMT [4511]: [3-1] user=Secret,db=databasesecret,app=pg_isready,client=[local] LOG:  disconnection: session time: 0:00:00.004 user=Secret database=databasesecret host=[local]
2025-12-19 09:43:33 GMT [4520]: [1-1] user=[unknown],db=[unknown],app=[unknown],client=[local] LOG:  connection received: host=[local]
2025-12-19 09:43:33 GMT [4520]: [2-1] user=Secret,db=databasesecret,app=[unknown],client=[local] LOG:  connection authorized: user=Secret database=databasesecret application_name=pg_isready
2025-12-19 09:43:33 GMT [4520]: [3-1] user=Secret,db=databasesecret,app=pg_isready,client=[local] LOG:  disconnection: session time: 0:00:00.002 user=Secret database=databasesecret host=[local]
2025-12-19 09:43:43 GMT [4528]: [1-1] user=[unknown],db=[unknown],app=[unknown],client=[local] LOG:  connection received: host=[local]
2025-12-19 09:43:43 GMT [4528]: [2-1] user=Secret,db=databasesecret,app=[unknown],client=[local] LOG:  connection authorized: user=Secret database=databasesecret application_name=pg_isready
2025-12-19 09:43:43 GMT [4528]: [3-1] user=Secret,db=databasesecret,app=pg_isready,client=[local] LOG:  disconnection: session time: 0:00:00.002 user=Secret database=databasesecret host=[local]
2025-12-19 09:43:54 GMT [4536]: [1-1] user=[unknown],db=[unknown],app=[unknown],client=[local] LOG:  connection received: host=[local]
2025-12-19 09:43:54 GMT [4536]: [2-1] user=Secret,db=databasesecret,app=[unknown],client=[local] LOG:  connection authorized: user=Secret database=databasesecret application_name=pg_isready
2025-12-19 09:43:54 GMT [4536]: [3-1] user=Secret,db=databasesecret,app=pg_isready,client=[local] LOG:  disconnection: session time: 0:00:00.002 user=Secret database=databasesecret host=[local]
2025-12-19 09:44:04 GMT [4544]: [1-1] user=[unknown],db=[unknown],app=[unknown],client=[local] LOG:  connection received: host=[local]
2025-12-19 09:44:04 GMT [4544]: [2-1] user=Secret,db=databasesecret,app=[unknown],client=[local] LOG:  connection authorized: user=Secret database=databasesecret application_name=pg_isready
2025-12-19 09:44:04 GMT [4544]: [3-1] user=Secret,db=databasesecret,app=pg_isready,client=[local] LOG:  disconnection: session time: 0:00:00.002 user=Secret database=databasesecret host=[local]
2025-12-19 09:44:15 GMT [4552]: [1-1] user=[unknown],db=[unknown],app=[unknown],client=[local] LOG:  connection received: host=[local]
2025-12-19 09:44:15 GMT [4552]: [2-1] user=Secret,db=databasesecret,app=[unknown],client=[local] LOG:  connection authorized: user=Secret database=databasesecret application_name=pg_isready
2025-12-19 09:44:15 GMT [4552]: [3-1] user=Secret,db=databasesecret,app=pg_isready,client=[local] LOG:  disconnection: session time: 0:00:00.002 user=Secret database=databasesecret host=[local]
2025-12-19 09:44:25 GMT [4560]: [1-1] user=[unknown],db=[unknown],app=[unknown],client=[local] LOG:  connection received: host=[local]
2025-12-19 09:44:25 GMT [4560]: [2-1] user=Secret,db=databasesecret,app=[unknown],client=[local] LOG:  connection authorized: user=Secret database=databasesecret application_name=pg_isready
2025-12-19 09:44:25 GMT [4560]: [3-1] user=Secret,db=databasesecret,app=pg_isready,client=[local] LOG:  disconnection: session time: 0:00:00.002 user=Secret database=databasesecret host=[local]
2025-12-19 09:44:36 GMT [4569]: [1-1] user=[unknown],db=[unknown],app=[unknown],client=[local] LOG:  connection received: host=[local]
2025-12-19 09:44:36 GMT [4569]: [2-1] user=Secret,db=databasesecret,app=[unknown],client=[local] LOG:  connection authorized: user=Secret database=databasesecret application_name=pg_isready
2025-12-19 09:44:36 GMT [4569]: [3-1] user=Secret,db=databasesecret,app=pg_isready,client=[local] LOG:  disconnection: session time: 0:00:00.001 user=Secret database=databasesecret host=[local]
2025-12-19 09:44:47 GMT [4577]: [1-1] user=[unknown],db=[unknown],app=[unknown],client=[local] LOG:  connection received: host=[local]
2025-12-19 09:44:47 GMT [4577]: [2-1] user=Secret,db=databasesecret,app=[unknown],client=[local] LOG:  connection authorized: user=Secret database=databasesecret application_name=pg_isready
2025-12-19 09:44:47 GMT [4577]: [3-1] user=Secret,db=databasesecret,app=pg_isready,client=[local] LOG:  disconnection: session time: 0:00:00.005 user=Secret database=databasesecret host=[local]
2025-12-19 09:44:57 GMT [4585]: [1-1] user=[unknown],db=[unknown],app=[unknown],client=[local] LOG:  connection received: host=[local]
2025-12-19 09:44:57 GMT [4585]: [2-1] user=Secret,db=databasesecret,app=[unknown],client=[local] LOG:  connection authorized: user=Secret database=databasesecret application_name=pg_isready
2025-12-19 09:44:57 GMT [4585]: [3-1] user=Secret,db=databasesecret,app=pg_isready,client=[local] LOG:  disconnection: session time: 0:00:00.005 user=Secret database=databasesecret host=[local]
2025-12-19 09:45:07 GMT [4593]: [1-1] user=[unknown],db=[unknown],app=[unknown],client=[local] LOG:  connection received: host=[local]
2025-12-19 09:45:07 GMT [4593]: [2-1] user=Secret,db=databasesecret,app=[unknown],client=[local] LOG:  connection authorized: user=Secret database=databasesecret application_name=pg_isready
2025-12-19 09:45:07 GMT [4593]: [3-1] user=Secret,db=databasesecret,app=pg_isready,client=[local] LOG:  disconnection: session time: 0:00:00.003 user=Secret database=databasesecret host=[local]
2025-12-19 09:45:18 GMT [4601]: [1-1] user=[unknown],db=[unknown],app=[unknown],client=[local] LOG:  connection received: host=[local]
2025-12-19 09:45:18 GMT [4601]: [2-1] user=Secret,db=databasesecret,app=[unknown],client=[local] LOG:  connection authorized: user=Secret database=databasesecret application_name=pg_isready
2025-12-19 09:45:18 GMT [4601]: [3-1] user=Secret,db=databasesecret,app=pg_isready,client=[local] LOG:  disconnection: session time: 0:00:00.003 user=Secret database=databasesecret host=[local]
2025-12-19 09:45:28 GMT [4609]: [1-1] user=[unknown],db=[unknown],app=[unknown],client=[local] LOG:  connection received: host=[local]
2025-12-19 09:45:28 GMT [4609]: [2-1] user=Secret,db=databasesecret,app=[unknown],client=[local] LOG:  connection authorized: user=Secret database=databasesecret application_name=pg_isready
2025-12-19 09:45:28 GMT [4609]: [3-1] user=Secret,db=databasesecret,app=pg_isready,client=[local] LOG:  disconnection: session time: 0:00:00.003 user=Secret database=databasesecret host=[local]
2025-12-19 09:45:38 GMT [4618]: [1-1] user=[unknown],db=[unknown],app=[unknown],client=[local] LOG:  connection received: host=[local]
2025-12-19 09:45:38 GMT [4618]: [2-1] user=Secret,db=databasesecret,app=[unknown],client=[local] LOG:  connection authorized: user=Secret database=databasesecret application_name=pg_isready
2025-12-19 09:45:38 GMT [4618]: [3-1] user=Secret,db=databasesecret,app=pg_isready,client=[local] LOG:  disconnection: session time: 0:00:00.009 user=Secret database=databasesecret host=[local]
2025-12-19 09:45:49 GMT [4626]: [1-1] user=[unknown],db=[unknown],app=[unknown],client=[local] LOG:  connection received: host=[local]
2025-12-19 09:45:49 GMT [4626]: [2-1] user=Secret,db=databasesecret,app=[unknown],client=[local] LOG:  connection authorized: user=Secret database=databasesecret application_name=pg_isready
2025-12-19 09:45:49 GMT [4626]: [3-1] user=Secret,db=databasesecret,app=pg_isready,client=[local] LOG:  disconnection: session time: 0:00:00.003 user=Secret database=databasesecret host=[local]
2025-12-19 09:46:00 GMT [4634]: [1-1] user=[unknown],db=[unknown],app=[unknown],client=[local] LOG:  connection received: host=[local]
2025-12-19 09:46:00 GMT [4634]: [2-1] user=Secret,db=databasesecret,app=[unknown],client=[local] LOG:  connection authorized: user=Secret database=databasesecret application_name=pg_isready
2025-12-19 09:46:00 GMT [4634]: [3-1] user=Secret,db=databasesecret,app=pg_isready,client=[local] LOG:  disconnection: session time: 0:00:00.003 user=Secret database=databasesecret host=[local]
2025-12-19 09:46:10 GMT [4642]: [1-1] user=[unknown],db=[unknown],app=[unknown],client=[local] LOG:  connection received: host=[local]
2025-12-19 09:46:10 GMT [4642]: [2-1] user=Secret,db=databasesecret,app=[unknown],client=[local] LOG:  connection authorized: user=Secret database=databasesecret application_name=pg_isready
2025-12-19 09:46:10 GMT [4642]: [3-1] user=Secret,db=databasesecret,app=pg_isready,client=[local] LOG:  disconnection: session time: 0:00:00.003 user=Secret database=databasesecret host=[local]
2025-12-19 09:46:21 GMT [4650]: [1-1] user=[unknown],db=[unknown],app=[unknown],client=[local] LOG:  connection received: host=[local]
2025-12-19 09:46:21 GMT [4650]: [2-1] user=Secret,db=databasesecret,app=[unknown],client=[local] LOG:  connection authorized: user=Secret database=databasesecret application_name=pg_isready
2025-12-19 09:46:21 GMT [4650]: [3-1] user=Secret,db=databasesecret,app=pg_isready,client=[local] LOG:  disconnection: session time: 0:00:00.004 user=Secret database=databasesecret host=[local]
2025-12-19 09:46:31 GMT [4659]: [1-1] user=[unknown],db=[unknown],app=[unknown],client=[local] LOG:  connection received: host=[local]
2025-12-19 09:46:31 GMT [4659]: [2-1] user=Secret,db=databasesecret,app=[unknown],client=[local] LOG:  connection authorized: user=Secret database=databasesecret application_name=pg_isready
2025-12-19 09:46:31 GMT [4659]: [3-1] user=Secret,db=databasesecret,app=pg_isready,client=[local] LOG:  disconnection: session time: 0:00:00.002 user=Secret database=databasesecret host=[local]
2025-12-19 09:46:41 GMT [4667]: [1-1] user=[unknown],db=[unknown],app=[unknown],client=[local] LOG:  connection received: host=[local]
2025-12-19 09:46:41 GMT [4667]: [2-1] user=Secret,db=databasesecret,app=[unknown],client=[local] LOG:  connection authorized: user=Secret database=databasesecret application_name=pg_isready
2025-12-19 09:46:41 GMT [4667]: [3-1] user=Secret,db=databasesecret,app=pg_isready,client=[local] LOG:  disconnection: session time: 0:00:00.001 user=Secret database=databasesecret host=[local]
2025-12-19 09:46:52 GMT [4675]: [1-1] user=[unknown],db=[unknown],app=[unknown],client=[local] LOG:  connection received: host=[local]
2025-12-19 09:46:52 GMT [4675]: [2-1] user=Secret,db=databasesecret,app=[unknown],client=[local] LOG:  connection authorized: user=Secret database=databasesecret application_name=pg_isready
2025-12-19 09:46:52 GMT [4675]: [3-1] user=Secret,db=databasesecret,app=pg_isready,client=[local] LOG:  disconnection: session time: 0:00:00.002 user=Secret database=databasesecret host=[local]
2025-12-19 09:47:02 GMT [4683]: [1-1] user=[unknown],db=[unknown],app=[unknown],client=[local] LOG:  connection received: host=[local]
2025-12-19 09:47:02 GMT [4683]: [2-1] user=Secret,db=databasesecret,app=[unknown],client=[local] LOG:  connection authorized: user=Secret database=databasesecret application_name=pg_isready
2025-12-19 09:47:02 GMT [4683]: [3-1] user=Secret,db=databasesecret,app=pg_isready,client=[local] LOG:  disconnection: session time: 0:00:00.002 user=Secret database=databasesecret host=[local]
2025-12-19 09:47:13 GMT [4691]: [1-1] user=[unknown],db=[unknown],app=[unknown],client=[local] LOG:  connection received: host=[local]
2025-12-19 09:47:13 GMT [4691]: [2-1] user=Secret,db=databasesecret,app=[unknown],client=[local] LOG:  connection authorized: user=Secret database=databasesecret application_name=pg_isready
2025-12-19 09:47:13 GMT [4691]: [3-1] user=Secret,db=databasesecret,app=pg_isready,client=[local] LOG:  disconnection: session time: 0:00:00.004 user=Secret database=databasesecret host=[local]
2025-12-19 09:47:24 GMT [4699]: [1-1] user=[unknown],db=[unknown],app=[unknown],client=[local] LOG:  connection received: host=[local]
2025-12-19 09:47:24 GMT [4699]: [2-1] user=Secret,db=databasesecret,app=[unknown],client=[local] LOG:  connection authorized: user=Secret database=databasesecret application_name=pg_isready
2025-12-19 09:47:24 GMT [4699]: [3-1] user=Secret,db=databasesecret,app=pg_isready,client=[local] LOG:  disconnection: session time: 0:00:00.003 user=Secret database=databasesecret host=[local]
2025-12-19 09:47:34 GMT [4708]: [1-1] user=[unknown],db=[unknown],app=[unknown],client=[local] LOG:  connection received: host=[local]
2025-12-19 09:47:34 GMT [4708]: [2-1] user=Secret,db=databasesecret,app=[unknown],client=[local] LOG:  connection authorized: user=Secret database=databasesecret application_name=pg_isready
2025-12-19 09:47:34 GMT [4708]: [3-1] user=Secret,db=databasesecret,app=pg_isready,client=[local] LOG:  disconnection: session time: 0:00:00.002 user=Secret database=databasesecret host=[local]
2025-12-19 09:47:44 GMT [4716]: [1-1] user=[unknown],db=[unknown],app=[unknown],client=[local] LOG:  connection received: host=[local]
2025-12-19 09:47:44 GMT [4716]: [2-1] user=Secret,db=databasesecret,app=[unknown],client=[local] LOG:  connection authorized: user=Secret database=databasesecret application_name=pg_isready
2025-12-19 09:47:44 GMT [4716]: [3-1] user=Secret,db=databasesecret,app=pg_isready,client=[local] LOG:  disconnection: session time: 0:00:00.002 user=Secret database=databasesecret host=[local]
2025-12-19 09:47:55 GMT [4724]: [1-1] user=[unknown],db=[unknown],app=[unknown],client=[local] LOG:  connection received: host=[local]
2025-12-19 09:47:55 GMT [4724]: [2-1] user=Secret,db=databasesecret,app=[unknown],client=[local] LOG:  connection authorized: user=Secret database=databasesecret application_name=pg_isready
2025-12-19 09:47:55 GMT [4724]: [3-1] user=Secret,db=databasesecret,app=pg_isready,client=[local] LOG:  disconnection: session time: 0:00:00.002 user=Secret database=databasesecret host=[local]
2025-12-19 09:48:05 GMT [4732]: [1-1] user=[unknown],db=[unknown],app=[unknown],client=[local] LOG:  connection received: host=[local]
2025-12-19 09:48:05 GMT [4732]: [2-1] user=Secret,db=databasesecret,app=[unknown],client=[local] LOG:  connection authorized: user=Secret database=databasesecret application_name=pg_isready
2025-12-19 09:48:05 GMT [4732]: [3-1] user=Secret,db=databasesecret,app=pg_isready,client=[local] LOG:  disconnection: session time: 0:00:00.002 user=Secret database=databasesecret host=[local]
2025-12-19 09:48:16 GMT [4740]: [1-1] user=[unknown],db=[unknown],app=[unknown],client=[local] LOG:  connection received: host=[local]
2025-12-19 09:48:16 GMT [4740]: [2-1] user=Secret,db=databasesecret,app=[unknown],client=[local] LOG:  connection authorized: user=Secret database=databasesecret application_name=pg_isready
2025-12-19 09:48:16 GMT [4740]: [3-1] user=Secret,db=databasesecret,app=pg_isready,client=[local] LOG:  disconnection: session time: 0:00:00.002 user=Secret database=databasesecret host=[local]
2025-12-19 09:48:27 GMT [4748]: [1-1] user=[unknown],db=[unknown],app=[unknown],client=[local] LOG:  connection received: host=[local]
2025-12-19 09:48:27 GMT [4748]: [2-1] user=Secret,db=databasesecret,app=[unknown],client=[local] LOG:  connection authorized: user=Secret database=databasesecret application_name=pg_isready
2025-12-19 09:48:27 GMT [4748]: [3-1] user=Secret,db=databasesecret,app=pg_isready,client=[local] LOG:  disconnection: session time: 0:00:00.002 user=Secret database=databasesecret host=[local]
2025-12-19 09:48:37 GMT [4757]: [1-1] user=[unknown],db=[unknown],app=[unknown],client=[local] LOG:  connection received: host=[local]
2025-12-19 09:48:37 GMT [4757]: [2-1] user=Secret,db=databasesecret,app=[unknown],client=[local] LOG:  connection authorized: user=Secret database=databasesecret application_name=pg_isready
2025-12-19 09:48:37 GMT [4757]: [3-1] user=Secret,db=databasesecret,app=pg_isready,client=[local] LOG:  disconnection: session time: 0:00:00.001 user=Secret database=databasesecret host=[local]
2025-12-19 09:48:47 GMT [4765]: [1-1] user=[unknown],db=[unknown],app=[unknown],client=[local] LOG:  connection received: host=[local]
2025-12-19 09:48:47 GMT [4765]: [2-1] user=Secret,db=databasesecret,app=[unknown],client=[local] LOG:  connection authorized: user=Secret database=databasesecret application_name=pg_isready
2025-12-19 09:48:47 GMT [4765]: [3-1] user=Secret,db=databasesecret,app=pg_isready,client=[local] LOG:  disconnection: session time: 0:00:00.002 user=Secret database=databasesecret host=[local]
2025-12-19 09:48:58 GMT [4773]: [1-1] user=[unknown],db=[unknown],app=[unknown],client=[local] LOG:  connection received: host=[local]
2025-12-19 09:48:58 GMT [4773]: [2-1] user=Secret,db=databasesecret,app=[unknown],client=[local] LOG:  connection authorized: user=Secret database=databasesecret application_name=pg_isready
2025-12-19 09:48:58 GMT [4773]: [3-1] user=Secret,db=databasesecret,app=pg_isready,client=[local] LOG:  disconnection: session time: 0:00:00.002 user=Secret database=databasesecret host=[local]
2025-12-19 09:49:08 GMT [4781]: [1-1] user=[unknown],db=[unknown],app=[unknown],client=[local] LOG:  connection received: host=[local]
2025-12-19 09:49:08 GMT [4781]: [2-1] user=Secret,db=databasesecret,app=[unknown],client=[local] LOG:  connection authorized: user=Secret database=databasesecret application_name=pg_isready
2025-12-19 09:49:08 GMT [4781]: [3-1] user=Secret,db=databasesecret,app=pg_isready,client=[local] LOG:  disconnection: session time: 0:00:00.001 user=Secret database=databasesecret host=[local]
2025-12-19 09:49:18 GMT [4789]: [1-1] user=[unknown],db=[unknown],app=[unknown],client=[local] LOG:  connection received: host=[local]
2025-12-19 09:49:18 GMT [4789]: [2-1] user=Secret,db=databasesecret,app=[unknown],client=[local] LOG:  connection authorized: user=Secret database=databasesecret application_name=pg_isready
2025-12-19 09:49:18 GMT [4789]: [3-1] user=Secret,db=databasesecret,app=pg_isready,client=[local] LOG:  disconnection: session time: 0:00:00.002 user=Secret database=databasesecret host=[local]
2025-12-19 09:49:29 GMT [4797]: [1-1] user=[unknown],db=[unknown],app=[unknown],client=[local] LOG:  connection received: host=[local]
2025-12-19 09:49:29 GMT [4797]: [2-1] user=Secret,db=databasesecret,app=[unknown],client=[local] LOG:  connection authorized: user=Secret database=databasesecret application_name=pg_isready
2025-12-19 09:49:29 GMT [4797]: [3-1] user=Secret,db=databasesecret,app=pg_isready,client=[local] LOG:  disconnection: session time: 0:00:00.003 user=Secret database=databasesecret host=[local]
2025-12-19 09:49:40 GMT [4806]: [1-1] user=[unknown],db=[unknown],app=[unknown],client=[local] LOG:  connection received: host=[local]
2025-12-19 09:49:40 GMT [4806]: [2-1] user=Secret,db=databasesecret,app=[unknown],client=[local] LOG:  connection authorized: user=Secret database=databasesecret application_name=pg_isready
2025-12-19 09:49:40 GMT [4806]: [3-1] user=Secret,db=databasesecret,app=pg_isready,client=[local] LOG:  disconnection: session time: 0:00:00.003 user=Secret database=databasesecret host=[local]
2025-12-19 09:49:50 GMT [4814]: [1-1] user=[unknown],db=[unknown],app=[unknown],client=[local] LOG:  connection received: host=[local]
2025-12-19 09:49:50 GMT [4814]: [2-1] user=Secret,db=databasesecret,app=[unknown],client=[local] LOG:  connection authorized: user=Secret database=databasesecret application_name=pg_isready
2025-12-19 09:49:50 GMT [4814]: [3-1] user=Secret,db=databasesecret,app=pg_isready,client=[local] LOG:  disconnection: session time: 0:00:00.002 user=Secret database=databasesecret host=[local]
2025-12-19 09:50:01 GMT [4823]: [1-1] user=[unknown],db=[unknown],app=[unknown],client=[local] LOG:  connection received: host=[local]
2025-12-19 09:50:01 GMT [4823]: [2-1] user=Secret,db=databasesecret,app=[unknown],client=[local] LOG:  connection authorized: user=Secret database=databasesecret application_name=pg_isready
2025-12-19 09:50:01 GMT [4823]: [3-1] user=Secret,db=databasesecret,app=pg_isready,client=[local] LOG:  disconnection: session time: 0:00:00.002 user=Secret database=databasesecret host=[local]
2025-12-19 09:50:11 GMT [4831]: [1-1] user=[unknown],db=[unknown],app=[unknown],client=[local] LOG:  connection received: host=[local]
2025-12-19 09:50:11 GMT [4831]: [2-1] user=Secret,db=databasesecret,app=[unknown],client=[local] LOG:  connection authorized: user=Secret database=databasesecret application_name=pg_isready
2025-12-19 09:50:11 GMT [4831]: [3-1] user=Secret,db=databasesecret,app=pg_isready,client=[local] LOG:  disconnection: session time: 0:00:00.002 user=Secret database=databasesecret host=[local]
2025-12-19 09:50:21 GMT [4839]: [1-1] user=[unknown],db=[unknown],app=[unknown],client=[local] LOG:  connection received: host=[local]
2025-12-19 09:50:21 GMT [4839]: [2-1] user=Secret,db=databasesecret,app=[unknown],client=[local] LOG:  connection authorized: user=Secret database=databasesecret application_name=pg_isready
2025-12-19 09:50:21 GMT [4839]: [3-1] user=Secret,db=databasesecret,app=pg_isready,client=[local] LOG:  disconnection: session time: 0:00:00.002 user=Secret database=databasesecret host=[local]
2025-12-19 09:50:32 GMT [4847]: [1-1] user=[unknown],db=[unknown],app=[unknown],client=[local] LOG:  connection received: host=[local]
2025-12-19 09:50:32 GMT [4847]: [2-1] user=Secret,db=databasesecret,app=[unknown],client=[local] LOG:  connection authorized: user=Secret database=databasesecret application_name=pg_isready
2025-12-19 09:50:32 GMT [4847]: [3-1] user=Secret,db=databasesecret,app=pg_isready,client=[local] LOG:  disconnection: session time: 0:00:00.003 user=Secret database=databasesecret host=[local]
2025-12-19 09:50:42 GMT [4857]: [1-1] user=[unknown],db=[unknown],app=[unknown],client=[local] LOG:  connection received: host=[local]
2025-12-19 09:50:42 GMT [4857]: [2-1] user=Secret,db=databasesecret,app=[unknown],client=[local] LOG:  connection authorized: user=Secret database=databasesecret application_name=pg_isready
2025-12-19 09:50:42 GMT [4857]: [3-1] user=Secret,db=databasesecret,app=pg_isready,client=[local] LOG:  disconnection: session time: 0:00:00.001 user=Secret database=databasesecret host=[local]
2025-12-19 09:50:53 GMT [4865]: [1-1] user=[unknown],db=[unknown],app=[unknown],client=[local] LOG:  connection received: host=[local]
2025-12-19 09:50:53 GMT [4865]: [2-1] user=Secret,db=databasesecret,app=[unknown],client=[local] LOG:  connection authorized: user=Secret database=databasesecret application_name=pg_isready
2025-12-19 09:50:53 GMT [4865]: [3-1] user=Secret,db=databasesecret,app=pg_isready,client=[local] LOG:  disconnection: session time: 0:00:00.002 user=Secret database=databasesecret host=[local]
2025-12-19 09:51:04 GMT [4873]: [1-1] user=[unknown],db=[unknown],app=[unknown],client=[local] LOG:  connection received: host=[local]
2025-12-19 09:51:04 GMT [4873]: [2-1] user=Secret,db=databasesecret,app=[unknown],client=[local] LOG:  connection authorized: user=Secret database=databasesecret application_name=pg_isready
2025-12-19 09:51:04 GMT [4873]: [3-1] user=Secret,db=databasesecret,app=pg_isready,client=[local] LOG:  disconnection: session time: 0:00:00.003 user=Secret database=databasesecret host=[local]
2025-12-19 09:51:14 GMT [4881]: [1-1] user=[unknown],db=[unknown],app=[unknown],client=[local] LOG:  connection received: host=[local]
2025-12-19 09:51:14 GMT [4881]: [2-1] user=Secret,db=databasesecret,app=[unknown],client=[local] LOG:  connection authorized: user=Secret database=databasesecret application_name=pg_isready
2025-12-19 09:51:14 GMT [4881]: [3-1] user=Secret,db=databasesecret,app=pg_isready,client=[local] LOG:  disconnection: session time: 0:00:00.003 user=Secret database=databasesecret host=[local]
2025-12-19 09:51:24 GMT [4889]: [1-1] user=[unknown],db=[unknown],app=[unknown],client=[local] LOG:  connection received: host=[local]
2025-12-19 09:51:24 GMT [4889]: [2-1] user=Secret,db=databasesecret,app=[unknown],client=[local] LOG:  connection authorized: user=Secret database=databasesecret application_name=pg_isready
2025-12-19 09:51:24 GMT [4889]: [3-1] user=Secret,db=databasesecret,app=pg_isready,client=[local] LOG:  disconnection: session time: 0:00:00.002 user=Secret database=databasesecret host=[local]
2025-12-19 09:51:35 GMT [4897]: [1-1] user=[unknown],db=[unknown],app=[unknown],client=[local] LOG:  connection received: host=[local]
2025-12-19 09:51:35 GMT [4897]: [2-1] user=Secret,db=databasesecret,app=[unknown],client=[local] LOG:  connection authorized: user=Secret database=databasesecret application_name=pg_isready
2025-12-19 09:51:35 GMT [4897]: [3-1] user=Secret,db=databasesecret,app=pg_isready,client=[local] LOG:  disconnection: session time: 0:00:00.001 user=Secret database=databasesecret host=[local]
2025-12-19 09:51:45 GMT [4906]: [1-1] user=[unknown],db=[unknown],app=[unknown],client=[local] LOG:  connection received: host=[local]
2025-12-19 09:51:45 GMT [4906]: [2-1] user=Secret,db=databasesecret,app=[unknown],client=[local] LOG:  connection authorized: user=Secret database=databasesecret application_name=pg_isready
2025-12-19 09:51:45 GMT [4906]: [3-1] user=Secret,db=databasesecret,app=pg_isready,client=[local] LOG:  disconnection: session time: 0:00:00.003 user=Secret database=databasesecret host=[local]
2025-12-19 09:51:55 GMT [4914]: [1-1] user=[unknown],db=[unknown],app=[unknown],client=[local] LOG:  connection received: host=[local]
2025-12-19 09:51:55 GMT [4914]: [2-1] user=Secret,db=databasesecret,app=[unknown],client=[local] LOG:  connection authorized: user=Secret database=databasesecret application_name=pg_isready
2025-12-19 09:51:55 GMT [4914]: [3-1] user=Secret,db=databasesecret,app=pg_isready,client=[local] LOG:  disconnection: session time: 0:00:00.002 user=Secret database=databasesecret host=[local]
2025-12-19 09:52:06 GMT [4922]: [1-1] user=[unknown],db=[unknown],app=[unknown],client=[local] LOG:  connection received: host=[local]
2025-12-19 09:52:06 GMT [4922]: [2-1] user=Secret,db=databasesecret,app=[unknown],client=[local] LOG:  connection authorized: user=Secret database=databasesecret application_name=pg_isready
2025-12-19 09:52:06 GMT [4922]: [3-1] user=Secret,db=databasesecret,app=pg_isready,client=[local] LOG:  disconnection: session time: 0:00:00.003 user=Secret database=databasesecret host=[local]
2025-12-19 09:52:16 GMT [4930]: [1-1] user=[unknown],db=[unknown],app=[unknown],client=[local] LOG:  connection received: host=[local]
2025-12-19 09:52:16 GMT [4930]: [2-1] user=Secret,db=databasesecret,app=[unknown],client=[local] LOG:  connection authorized: user=Secret database=databasesecret application_name=pg_isready
2025-12-19 09:52:16 GMT [4930]: [3-1] user=Secret,db=databasesecret,app=pg_isready,client=[local] LOG:  disconnection: session time: 0:00:00.003 user=Secret database=databasesecret host=[local]
2025-12-19 09:52:27 GMT [4938]: [1-1] user=[unknown],db=[unknown],app=[unknown],client=[local] LOG:  connection received: host=[local]
2025-12-19 09:52:27 GMT [4938]: [2-1] user=Secret,db=databasesecret,app=[unknown],client=[local] LOG:  connection authorized: user=Secret database=databasesecret application_name=pg_isready
2025-12-19 09:52:27 GMT [4938]: [3-1] user=Secret,db=databasesecret,app=pg_isready,client=[local] LOG:  disconnection: session time: 0:00:00.003 user=Secret database=databasesecret host=[local]
2025-12-19 09:52:38 GMT [4946]: [1-1] user=[unknown],db=[unknown],app=[unknown],client=[local] LOG:  connection received: host=[local]
2025-12-19 09:52:38 GMT [4946]: [2-1] user=Secret,db=databasesecret,app=[unknown],client=[local] LOG:  connection authorized: user=Secret database=databasesecret application_name=pg_isready
2025-12-19 09:52:38 GMT [4946]: [3-1] user=Secret,db=databasesecret,app=pg_isready,client=[local] LOG:  disconnection: session time: 0:00:00.002 user=Secret database=databasesecret host=[local]
2025-12-19 09:52:48 GMT [4955]: [1-1] user=[unknown],db=[unknown],app=[unknown],client=[local] LOG:  connection received: host=[local]
2025-12-19 09:52:48 GMT [4955]: [2-1] user=Secret,db=databasesecret,app=[unknown],client=[local] LOG:  connection authorized: user=Secret database=databasesecret application_name=pg_isready
2025-12-19 09:52:48 GMT [4955]: [3-1] user=Secret,db=databasesecret,app=pg_isready,client=[local] LOG:  disconnection: session time: 0:00:00.003 user=Secret database=databasesecret host=[local]
2025-12-19 09:52:58 GMT [4963]: [1-1] user=[unknown],db=[unknown],app=[unknown],client=[local] LOG:  connection received: host=[local]
2025-12-19 09:52:58 GMT [4963]: [2-1] user=Secret,db=databasesecret,app=[unknown],client=[local] LOG:  connection authorized: user=Secret database=databasesecret application_name=pg_isready
2025-12-19 09:52:58 GMT [4963]: [3-1] user=Secret,db=databasesecret,app=pg_isready,client=[local] LOG:  disconnection: session time: 0:00:00.002 user=Secret database=databasesecret host=[local]
2025-12-19 09:53:09 GMT [4971]: [1-1] user=[unknown],db=[unknown],app=[unknown],client=[local] LOG:  connection received: host=[local]
2025-12-19 09:53:09 GMT [4971]: [2-1] user=Secret,db=databasesecret,app=[unknown],client=[local] LOG:  connection authorized: user=Secret database=databasesecret application_name=pg_isready
2025-12-19 09:53:09 GMT [4971]: [3-1] user=Secret,db=databasesecret,app=pg_isready,client=[local] LOG:  disconnection: session time: 0:00:00.002 user=Secret database=databasesecret host=[local]
2025-12-19 09:53:19 GMT [4979]: [1-1] user=[unknown],db=[unknown],app=[unknown],client=[local] LOG:  connection received: host=[local]
2025-12-19 09:53:19 GMT [4979]: [2-1] user=Secret,db=databasesecret,app=[unknown],client=[local] LOG:  connection authorized: user=Secret database=databasesecret application_name=pg_isready
2025-12-19 09:53:19 GMT [4979]: [3-1] user=Secret,db=databasesecret,app=pg_isready,client=[local] LOG:  disconnection: session time: 0:00:00.003 user=Secret database=databasesecret host=[local]
2025-12-19 09:53:29 GMT [4987]: [1-1] user=[unknown],db=[unknown],app=[unknown],client=[local] LOG:  connection received: host=[local]
2025-12-19 09:53:29 GMT [4987]: [2-1] user=Secret,db=databasesecret,app=[unknown],client=[local] LOG:  connection authorized: user=Secret database=databasesecret application_name=pg_isready
2025-12-19 09:53:29 GMT [4987]: [3-1] user=Secret,db=databasesecret,app=pg_isready,client=[local] LOG:  disconnection: session time: 0:00:00.002 user=Secret database=databasesecret host=[local]
2025-12-19 09:53:41 GMT [4995]: [1-1] user=[unknown],db=[unknown],app=[unknown],client=[local] LOG:  connection received: host=[local]
2025-12-19 09:53:41 GMT [4995]: [2-1] user=Secret,db=databasesecret,app=[unknown],client=[local] LOG:  connection authorized: user=Secret database=databasesecret application_name=pg_isready
2025-12-19 09:53:41 GMT [4995]: [3-1] user=Secret,db=databasesecret,app=pg_isready,client=[local] LOG:  disconnection: session time: 0:00:00.002 user=Secret database=databasesecret host=[local]
2025-12-19 09:53:51 GMT [5004]: [1-1] user=[unknown],db=[unknown],app=[unknown],client=[local] LOG:  connection received: host=[local]
2025-12-19 09:53:51 GMT [5004]: [2-1] user=Secret,db=databasesecret,app=[unknown],client=[local] LOG:  connection authorized: user=Secret database=databasesecret application_name=pg_isready
2025-12-19 09:53:51 GMT [5004]: [3-1] user=Secret,db=databasesecret,app=pg_isready,client=[local] LOG:  disconnection: session time: 0:00:00.003 user=Secret database=databasesecret host=[local]
2025-12-19 09:54:01 GMT [5012]: [1-1] user=[unknown],db=[unknown],app=[unknown],client=[local] LOG:  connection received: host=[local]
2025-12-19 09:54:01 GMT [5012]: [2-1] user=Secret,db=databasesecret,app=[unknown],client=[local] LOG:  connection authorized: user=Secret database=databasesecret application_name=pg_isready
2025-12-19 09:54:01 GMT [5012]: [3-1] user=Secret,db=databasesecret,app=pg_isready,client=[local] LOG:  disconnection: session time: 0:00:00.003 user=Secret database=databasesecret host=[local]
2025-12-19 09:54:12 GMT [5020]: [1-1] user=[unknown],db=[unknown],app=[unknown],client=[local] LOG:  connection received: host=[local]
2025-12-19 09:54:12 GMT [5020]: [2-1] user=Secret,db=databasesecret,app=[unknown],client=[local] LOG:  connection authorized: user=Secret database=databasesecret application_name=pg_isready
2025-12-19 09:54:12 GMT [5020]: [3-1] user=Secret,db=databasesecret,app=pg_isready,client=[local] LOG:  disconnection: session time: 0:00:00.003 user=Secret database=databasesecret host=[local]
2025-12-19 09:54:22 GMT [5028]: [1-1] user=[unknown],db=[unknown],app=[unknown],client=[local] LOG:  connection received: host=[local]
2025-12-19 09:54:22 GMT [5028]: [2-1] user=Secret,db=databasesecret,app=[unknown],client=[local] LOG:  connection authorized: user=Secret database=databasesecret application_name=pg_isready
2025-12-19 09:54:22 GMT [5028]: [3-1] user=Secret,db=databasesecret,app=pg_isready,client=[local] LOG:  disconnection: session time: 0:00:00.002 user=Secret database=databasesecret host=[local]
2025-12-19 09:54:33 GMT [5036]: [1-1] user=[unknown],db=[unknown],app=[unknown],client=[local] LOG:  connection received: host=[local]
2025-12-19 09:54:33 GMT [5036]: [2-1] user=Secret,db=databasesecret,app=[unknown],client=[local] LOG:  connection authorized: user=Secret database=databasesecret application_name=pg_isready
2025-12-19 09:54:33 GMT [5036]: [3-1] user=Secret,db=databasesecret,app=pg_isready,client=[local] LOG:  disconnection: session time: 0:00:00.004 user=Secret database=databasesecret host=[local]
2025-12-19 09:54:43 GMT [5044]: [1-1] user=[unknown],db=[unknown],app=[unknown],client=[local] LOG:  connection received: host=[local]
2025-12-19 09:54:43 GMT [5044]: [2-1] user=Secret,db=databasesecret,app=[unknown],client=[local] LOG:  connection authorized: user=Secret database=databasesecret application_name=pg_isready
2025-12-19 09:54:43 GMT [5044]: [3-1] user=Secret,db=databasesecret,app=pg_isready,client=[local] LOG:  disconnection: session time: 0:00:00.002 user=Secret database=databasesecret host=[local]
2025-12-19 09:54:54 GMT [5053]: [1-1] user=[unknown],db=[unknown],app=[unknown],client=[local] LOG:  connection received: host=[local]
2025-12-19 09:54:54 GMT [5053]: [2-1] user=Secret,db=databasesecret,app=[unknown],client=[local] LOG:  connection authorized: user=Secret database=databasesecret application_name=pg_isready
2025-12-19 09:54:54 GMT [5053]: [3-1] user=Secret,db=databasesecret,app=pg_isready,client=[local] LOG:  disconnection: session time: 0:00:00.003 user=Secret database=databasesecret host=[local]
2025-12-19 09:55:05 GMT [5061]: [1-1] user=[unknown],db=[unknown],app=[unknown],client=[local] LOG:  connection received: host=[local]
2025-12-19 09:55:05 GMT [5061]: [2-1] user=Secret,db=databasesecret,app=[unknown],client=[local] LOG:  connection authorized: user=Secret database=databasesecret application_name=pg_isready
2025-12-19 09:55:05 GMT [5061]: [3-1] user=Secret,db=databasesecret,app=pg_isready,client=[local] LOG:  disconnection: session time: 0:00:00.001 user=Secret database=databasesecret host=[local]
2025-12-19 09:55:15 GMT [5069]: [1-1] user=[unknown],db=[unknown],app=[unknown],client=[local] LOG:  connection received: host=[local]
2025-12-19 09:55:15 GMT [5069]: [2-1] user=Secret,db=databasesecret,app=[unknown],client=[local] LOG:  connection authorized: user=Secret database=databasesecret application_name=pg_isready
2025-12-19 09:55:15 GMT [5069]: [3-1] user=Secret,db=databasesecret,app=pg_isready,client=[local] LOG:  disconnection: session time: 0:00:00.002 user=Secret database=databasesecret host=[local]
2025-12-19 09:55:25 GMT [5077]: [1-1] user=[unknown],db=[unknown],app=[unknown],client=[local] LOG:  connection received: host=[local]
2025-12-19 09:55:25 GMT [5077]: [2-1] user=Secret,db=databasesecret,app=[unknown],client=[local] LOG:  connection authorized: user=Secret database=databasesecret application_name=pg_isready
2025-12-19 09:55:25 GMT [5077]: [3-1] user=Secret,db=databasesecret,app=pg_isready,client=[local] LOG:  disconnection: session time: 0:00:00.003 user=Secret database=databasesecret host=[local]
2025-12-19 09:55:36 GMT [5085]: [1-1] user=[unknown],db=[unknown],app=[unknown],client=[local] LOG:  connection received: host=[local]
2025-12-19 09:55:36 GMT [5085]: [2-1] user=Secret,db=databasesecret,app=[unknown],client=[local] LOG:  connection authorized: user=Secret database=databasesecret application_name=pg_isready
2025-12-19 09:55:36 GMT [5085]: [3-1] user=Secret,db=databasesecret,app=pg_isready,client=[local] LOG:  disconnection: session time: 0:00:00.003 user=Secret database=databasesecret host=[local]
2025-12-19 09:55:46 GMT [5093]: [1-1] user=[unknown],db=[unknown],app=[unknown],client=[local] LOG:  connection received: host=[local]
2025-12-19 09:55:46 GMT [5093]: [2-1] user=Secret,db=databasesecret,app=[unknown],client=[local] LOG:  connection authorized: user=Secret database=databasesecret application_name=pg_isready
2025-12-19 09:55:46 GMT [5093]: [3-1] user=Secret,db=databasesecret,app=pg_isready,client=[local] LOG:  disconnection: session time: 0:00:00.001 user=Secret database=databasesecret host=[local]
2025-12-19 09:55:56 GMT [5102]: [1-1] user=[unknown],db=[unknown],app=[unknown],client=[local] LOG:  connection received: host=[local]
2025-12-19 09:55:56 GMT [5102]: [2-1] user=Secret,db=databasesecret,app=[unknown],client=[local] LOG:  connection authorized: user=Secret database=databasesecret application_name=pg_isready
2025-12-19 09:55:56 GMT [5102]: [3-1] user=Secret,db=databasesecret,app=pg_isready,client=[local] LOG:  disconnection: session time: 0:00:00.002 user=Secret database=databasesecret host=[local]
2025-12-19 09:56:07 GMT [5110]: [1-1] user=[unknown],db=[unknown],app=[unknown],client=[local] LOG:  connection received: host=[local]
2025-12-19 09:56:07 GMT [5110]: [2-1] user=Secret,db=databasesecret,app=[unknown],client=[local] LOG:  connection authorized: user=Secret database=databasesecret application_name=pg_isready
2025-12-19 09:56:07 GMT [5110]: [3-1] user=Secret,db=databasesecret,app=pg_isready,client=[local] LOG:  disconnection: session time: 0:00:00.001 user=Secret database=databasesecret host=[local]
2025-12-19 09:56:18 GMT [5118]: [1-1] user=[unknown],db=[unknown],app=[unknown],client=[local] LOG:  connection received: host=[local]
2025-12-19 09:56:18 GMT [5118]: [2-1] user=Secret,db=databasesecret,app=[unknown],client=[local] LOG:  connection authorized: user=Secret database=databasesecret application_name=pg_isready
2025-12-19 09:56:18 GMT [5118]: [3-1] user=Secret,db=databasesecret,app=pg_isready,client=[local] LOG:  disconnection: session time: 0:00:00.001 user=Secret database=databasesecret host=[local]
2025-12-19 09:56:28 GMT [5126]: [1-1] user=[unknown],db=[unknown],app=[unknown],client=[local] LOG:  connection received: host=[local]
2025-12-19 09:56:28 GMT [5126]: [2-1] user=Secret,db=databasesecret,app=[unknown],client=[local] LOG:  connection authorized: user=Secret database=databasesecret application_name=pg_isready
2025-12-19 09:56:28 GMT [5126]: [3-1] user=Secret,db=databasesecret,app=pg_isready,client=[local] LOG:  disconnection: session time: 0:00:00.002 user=Secret database=databasesecret host=[local]
2025-12-19 09:56:39 GMT [5134]: [1-1] user=[unknown],db=[unknown],app=[unknown],client=[local] LOG:  connection received: host=[local]
2025-12-19 09:56:39 GMT [5134]: [2-1] user=Secret,db=databasesecret,app=[unknown],client=[local] LOG:  connection authorized: user=Secret database=databasesecret application_name=pg_isready
2025-12-19 09:56:39 GMT [5134]: [3-1] user=Secret,db=databasesecret,app=pg_isready,client=[local] LOG:  disconnection: session time: 0:00:00.003 user=Secret database=databasesecret host=[local]
2025-12-19 09:56:49 GMT [5143]: [1-1] user=[unknown],db=[unknown],app=[unknown],client=[local] LOG:  connection received: host=[local]
2025-12-19 09:56:49 GMT [5143]: [2-1] user=Secret,db=databasesecret,app=[unknown],client=[local] LOG:  connection authorized: user=Secret database=databasesecret application_name=pg_isready
2025-12-19 09:56:49 GMT [5143]: [3-1] user=Secret,db=databasesecret,app=pg_isready,client=[local] LOG:  disconnection: session time: 0:00:00.004 user=Secret database=databasesecret host=[local]
2025-12-19 09:56:59 GMT [5151]: [1-1] user=[unknown],db=[unknown],app=[unknown],client=[local] LOG:  connection received: host=[local]
2025-12-19 09:56:59 GMT [5151]: [2-1] user=Secret,db=databasesecret,app=[unknown],client=[local] LOG:  connection authorized: user=Secret database=databasesecret application_name=pg_isready
2025-12-19 09:56:59 GMT [5151]: [3-1] user=Secret,db=databasesecret,app=pg_isready,client=[local] LOG:  disconnection: session time: 0:00:00.003 user=Secret database=databasesecret host=[local]
2025-12-19 09:57:10 GMT [5159]: [1-1] user=[unknown],db=[unknown],app=[unknown],client=[local] LOG:  connection received: host=[local]
2025-12-19 09:57:10 GMT [5159]: [2-1] user=Secret,db=databasesecret,app=[unknown],client=[local] LOG:  connection authorized: user=Secret database=databasesecret application_name=pg_isready
2025-12-19 09:57:10 GMT [5159]: [3-1] user=Secret,db=databasesecret,app=pg_isready,client=[local] LOG:  disconnection: session time: 0:00:00.002 user=Secret database=databasesecret host=[local]
2025-12-19 09:57:20 GMT [5167]: [1-1] user=[unknown],db=[unknown],app=[unknown],client=[local] LOG:  connection received: host=[local]
2025-12-19 09:57:20 GMT [5167]: [2-1] user=Secret,db=databasesecret,app=[unknown],client=[local] LOG:  connection authorized: user=Secret database=databasesecret application_name=pg_isready
2025-12-19 09:57:20 GMT [5167]: [3-1] user=Secret,db=databasesecret,app=pg_isready,client=[local] LOG:  disconnection: session time: 0:00:00.004 user=Secret database=databasesecret host=[local]
2025-12-19 09:57:31 GMT [5176]: [1-1] user=[unknown],db=[unknown],app=[unknown],client=[local] LOG:  connection received: host=[local]
2025-12-19 09:57:31 GMT [5176]: [2-1] user=Secret,db=databasesecret,app=[unknown],client=[local] LOG:  connection authorized: user=Secret database=databasesecret application_name=pg_isready
2025-12-19 09:57:31 GMT [5176]: [3-1] user=Secret,db=databasesecret,app=pg_isready,client=[local] LOG:  disconnection: session time: 0:00:00.004 user=Secret database=databasesecret host=[local]
2025-12-19 09:57:42 GMT [5184]: [1-1] user=[unknown],db=[unknown],app=[unknown],client=[local] LOG:  connection received: host=[local]
2025-12-19 09:57:42 GMT [5184]: [2-1] user=Secret,db=databasesecret,app=[unknown],client=[local] LOG:  connection authorized: user=Secret database=databasesecret application_name=pg_isready
2025-12-19 09:57:42 GMT [5184]: [3-1] user=Secret,db=databasesecret,app=pg_isready,client=[local] LOG:  disconnection: session time: 0:00:00.003 user=Secret database=databasesecret host=[local]
2025-12-19 09:57:52 GMT [5193]: [1-1] user=[unknown],db=[unknown],app=[unknown],client=[local] LOG:  connection received: host=[local]
2025-12-19 09:57:52 GMT [5193]: [2-1] user=Secret,db=databasesecret,app=[unknown],client=[local] LOG:  connection authorized: user=Secret database=databasesecret application_name=pg_isready
2025-12-19 09:57:52 GMT [5193]: [3-1] user=Secret,db=databasesecret,app=pg_isready,client=[local] LOG:  disconnection: session time: 0:00:00.003 user=Secret database=databasesecret host=[local]
2025-12-19 09:58:02 GMT [5201]: [1-1] user=[unknown],db=[unknown],app=[unknown],client=[local] LOG:  connection received: host=[local]
2025-12-19 09:58:02 GMT [5201]: [2-1] user=Secret,db=databasesecret,app=[unknown],client=[local] LOG:  connection authorized: user=Secret database=databasesecret application_name=pg_isready
2025-12-19 09:58:02 GMT [5201]: [3-1] user=Secret,db=databasesecret,app=pg_isready,client=[local] LOG:  disconnection: session time: 0:00:00.001 user=Secret database=databasesecret host=[local]
2025-12-19 09:58:13 GMT [5209]: [1-1] user=[unknown],db=[unknown],app=[unknown],client=[local] LOG:  connection received: host=[local]
2025-12-19 09:58:13 GMT [5209]: [2-1] user=Secret,db=databasesecret,app=[unknown],client=[local] LOG:  connection authorized: user=Secret database=databasesecret application_name=pg_isready
2025-12-19 09:58:13 GMT [5209]: [3-1] user=Secret,db=databasesecret,app=pg_isready,client=[local] LOG:  disconnection: session time: 0:00:00.003 user=Secret database=databasesecret host=[local]
2025-12-19 09:58:23 GMT [5217]: [1-1] user=[unknown],db=[unknown],app=[unknown],client=[local] LOG:  connection received: host=[local]
2025-12-19 09:58:23 GMT [5217]: [2-1] user=Secret,db=databasesecret,app=[unknown],client=[local] LOG:  connection authorized: user=Secret database=databasesecret application_name=pg_isready
2025-12-19 09:58:23 GMT [5217]: [3-1] user=Secret,db=databasesecret,app=pg_isready,client=[local] LOG:  disconnection: session time: 0:00:00.002 user=Secret database=databasesecret host=[local]
2025-12-19 09:58:33 GMT [5226]: [1-1] user=[unknown],db=[unknown],app=[unknown],client=[local] LOG:  connection received: host=[local]
2025-12-19 09:58:33 GMT [5226]: [2-1] user=Secret,db=databasesecret,app=[unknown],client=[local] LOG:  connection authorized: user=Secret database=databasesecret application_name=pg_isready
2025-12-19 09:58:33 GMT [5226]: [3-1] user=Secret,db=databasesecret,app=pg_isready,client=[local] LOG:  disconnection: session time: 0:00:00.002 user=Secret database=databasesecret host=[local]
2025-12-19 09:58:45 GMT [5234]: [1-1] user=[unknown],db=[unknown],app=[unknown],client=[local] LOG:  connection received: host=[local]
2025-12-19 09:58:45 GMT [5234]: [2-1] user=Secret,db=databasesecret,app=[unknown],client=[local] LOG:  connection authorized: user=Secret database=databasesecret application_name=pg_isready
2025-12-19 09:58:45 GMT [5234]: [3-1] user=Secret,db=databasesecret,app=pg_isready,client=[local] LOG:  disconnection: session time: 0:00:00.002 user=Secret database=databasesecret host=[local]
2025-12-19 09:58:55 GMT [5243]: [1-1] user=[unknown],db=[unknown],app=[unknown],client=[local] LOG:  connection received: host=[local]
2025-12-19 09:58:55 GMT [5243]: [2-1] user=Secret,db=databasesecret,app=[unknown],client=[local] LOG:  connection authorized: user=Secret database=databasesecret application_name=pg_isready
2025-12-19 09:58:55 GMT [5243]: [3-1] user=Secret,db=databasesecret,app=pg_isready,client=[local] LOG:  disconnection: session time: 0:00:00.001 user=Secret database=databasesecret host=[local]
2025-12-19 09:59:05 GMT [5251]: [1-1] user=[unknown],db=[unknown],app=[unknown],client=[local] LOG:  connection received: host=[local]
2025-12-19 09:59:05 GMT [5251]: [2-1] user=Secret,db=databasesecret,app=[unknown],client=[local] LOG:  connection authorized: user=Secret database=databasesecret application_name=pg_isready
2025-12-19 09:59:05 GMT [5251]: [3-1] user=Secret,db=databasesecret,app=pg_isready,client=[local] LOG:  disconnection: session time: 0:00:00.001 user=Secret database=databasesecret host=[local]
2025-12-19 09:59:16 GMT [5259]: [1-1] user=[unknown],db=[unknown],app=[unknown],client=[local] LOG:  connection received: host=[local]
2025-12-19 09:59:16 GMT [5259]: [2-1] user=Secret,db=databasesecret,app=[unknown],client=[local] LOG:  connection authorized: user=Secret database=databasesecret application_name=pg_isready
2025-12-19 09:59:16 GMT [5259]: [3-1] user=Secret,db=databasesecret,app=pg_isready,client=[local] LOG:  disconnection: session time: 0:00:00.001 user=Secret database=databasesecret host=[local]
2025-12-19 09:59:26 GMT [5267]: [1-1] user=[unknown],db=[unknown],app=[unknown],client=[local] LOG:  connection received: host=[local]
2025-12-19 09:59:26 GMT [5267]: [2-1] user=Secret,db=databasesecret,app=[unknown],client=[local] LOG:  connection authorized: user=Secret database=databasesecret application_name=pg_isready
2025-12-19 09:59:26 GMT [5267]: [3-1] user=Secret,db=databasesecret,app=pg_isready,client=[local] LOG:  disconnection: session time: 0:00:00.002 user=Secret database=databasesecret host=[local]
2025-12-19 09:59:36 GMT [5275]: [1-1] user=[unknown],db=[unknown],app=[unknown],client=[local] LOG:  connection received: host=[local]
2025-12-19 09:59:36 GMT [5275]: [2-1] user=Secret,db=databasesecret,app=[unknown],client=[local] LOG:  connection authorized: user=Secret database=databasesecret application_name=pg_isready
2025-12-19 09:59:36 GMT [5275]: [3-1] user=Secret,db=databasesecret,app=pg_isready,client=[local] LOG:  disconnection: session time: 0:00:00.002 user=Secret database=databasesecret host=[local]
2025-12-19 09:59:47 GMT [5283]: [1-1] user=[unknown],db=[unknown],app=[unknown],client=[local] LOG:  connection received: host=[local]
2025-12-19 09:59:47 GMT [5283]: [2-1] user=Secret,db=databasesecret,app=[unknown],client=[local] LOG:  connection authorized: user=Secret database=databasesecret application_name=pg_isready
2025-12-19 09:59:47 GMT [5283]: [3-1] user=Secret,db=databasesecret,app=pg_isready,client=[local] LOG:  disconnection: session time: 0:00:00.001 user=Secret database=databasesecret host=[local]
2025-12-19 09:59:57 GMT [5292]: [1-1] user=[unknown],db=[unknown],app=[unknown],client=[local] LOG:  connection received: host=[local]
2025-12-19 09:59:57 GMT [5292]: [2-1] user=Secret,db=databasesecret,app=[unknown],client=[local] LOG:  connection authorized: user=Secret database=databasesecret application_name=pg_isready
2025-12-19 09:59:57 GMT [5292]: [3-1] user=Secret,db=databasesecret,app=pg_isready,client=[local] LOG:  disconnection: session time: 0:00:00.002 user=Secret database=databasesecret host=[local]
2025-12-19 10:00:08 GMT [5300]: [1-1] user=[unknown],db=[unknown],app=[unknown],client=[local] LOG:  connection received: host=[local]
2025-12-19 10:00:08 GMT [5300]: [2-1] user=Secret,db=databasesecret,app=[unknown],client=[local] LOG:  connection authorized: user=Secret database=databasesecret application_name=pg_isready
2025-12-19 10:00:08 GMT [5300]: [3-1] user=Secret,db=databasesecret,app=pg_isready,client=[local] LOG:  disconnection: session time: 0:00:00.002 user=Secret database=databasesecret host=[local]
2025-12-19 10:00:19 GMT [5308]: [1-1] user=[unknown],db=[unknown],app=[unknown],client=[local] LOG:  connection received: host=[local]
2025-12-19 10:00:19 GMT [5308]: [2-1] user=Secret,db=databasesecret,app=[unknown],client=[local] LOG:  connection authorized: user=Secret database=databasesecret application_name=pg_isready
2025-12-19 10:00:19 GMT [5308]: [3-1] user=Secret,db=databasesecret,app=pg_isready,client=[local] LOG:  disconnection: session time: 0:00:00.002 user=Secret database=databasesecret host=[local]
2025-12-19 10:00:29 GMT [5316]: [1-1] user=[unknown],db=[unknown],app=[unknown],client=[local] LOG:  connection received: host=[local]
2025-12-19 10:00:29 GMT [5316]: [2-1] user=Secret,db=databasesecret,app=[unknown],client=[local] LOG:  connection authorized: user=Secret database=databasesecret application_name=pg_isready
2025-12-19 10:00:29 GMT [5316]: [3-1] user=Secret,db=databasesecret,app=pg_isready,client=[local] LOG:  disconnection: session time: 0:00:00.001 user=Secret database=databasesecret host=[local]
2025-12-19 10:00:39 GMT [5324]: [1-1] user=[unknown],db=[unknown],app=[unknown],client=[local] LOG:  connection received: host=[local]
2025-12-19 10:00:39 GMT [5324]: [2-1] user=Secret,db=databasesecret,app=[unknown],client=[local] LOG:  connection authorized: user=Secret database=databasesecret application_name=pg_isready
2025-12-19 10:00:39 GMT [5324]: [3-1] user=Secret,db=databasesecret,app=pg_isready,client=[local] LOG:  disconnection: session time: 0:00:00.002 user=Secret database=databasesecret host=[local]
2025-12-19 10:00:50 GMT [5332]: [1-1] user=[unknown],db=[unknown],app=[unknown],client=[local] LOG:  connection received: host=[local]
2025-12-19 10:00:50 GMT [5332]: [2-1] user=Secret,db=databasesecret,app=[unknown],client=[local] LOG:  connection authorized: user=Secret database=databasesecret application_name=pg_isready
2025-12-19 10:00:50 GMT [5332]: [3-1] user=Secret,db=databasesecret,app=pg_isready,client=[local] LOG:  disconnection: session time: 0:00:00.002 user=Secret database=databasesecret host=[local]
2025-12-19 10:01:00 GMT [5341]: [1-1] user=[unknown],db=[unknown],app=[unknown],client=[local] LOG:  connection received: host=[local]
2025-12-19 10:01:00 GMT [5341]: [2-1] user=Secret,db=databasesecret,app=[unknown],client=[local] LOG:  connection authorized: user=Secret database=databasesecret application_name=pg_isready
2025-12-19 10:01:00 GMT [5341]: [3-1] user=Secret,db=databasesecret,app=pg_isready,client=[local] LOG:  disconnection: session time: 0:00:00.003 user=Secret database=databasesecret host=[local]
2025-12-19 10:01:11 GMT [5349]: [1-1] user=[unknown],db=[unknown],app=[unknown],client=[local] LOG:  connection received: host=[local]
2025-12-19 10:01:11 GMT [5349]: [2-1] user=Secret,db=databasesecret,app=[unknown],client=[local] LOG:  connection authorized: user=Secret database=databasesecret application_name=pg_isready
2025-12-19 10:01:11 GMT [5349]: [3-1] user=Secret,db=databasesecret,app=pg_isready,client=[local] LOG:  disconnection: session time: 0:00:00.001 user=Secret database=databasesecret host=[local]
2025-12-19 10:01:22 GMT [5357]: [1-1] user=[unknown],db=[unknown],app=[unknown],client=[local] LOG:  connection received: host=[local]
2025-12-19 10:01:22 GMT [5357]: [2-1] user=Secret,db=databasesecret,app=[unknown],client=[local] LOG:  connection authorized: user=Secret database=databasesecret application_name=pg_isready
2025-12-19 10:01:22 GMT [5357]: [3-1] user=Secret,db=databasesecret,app=pg_isready,client=[local] LOG:  disconnection: session time: 0:00:00.002 user=Secret database=databasesecret host=[local]
2025-12-19 10:01:32 GMT [5366]: [1-1] user=[unknown],db=[unknown],app=[unknown],client=[local] LOG:  connection received: host=[local]
2025-12-19 10:01:32 GMT [5366]: [2-1] user=Secret,db=databasesecret,app=[unknown],client=[local] LOG:  connection authorized: user=Secret database=databasesecret application_name=pg_isready
2025-12-19 10:01:32 GMT [5366]: [3-1] user=Secret,db=databasesecret,app=pg_isready,client=[local] LOG:  disconnection: session time: 0:00:00.002 user=Secret database=databasesecret host=[local]
2025-12-19 10:01:42 GMT [5374]: [1-1] user=[unknown],db=[unknown],app=[unknown],client=[local] LOG:  connection received: host=[local]
2025-12-19 10:01:42 GMT [5374]: [2-1] user=Secret,db=databasesecret,app=[unknown],client=[local] LOG:  connection authorized: user=Secret database=databasesecret application_name=pg_isready
2025-12-19 10:01:42 GMT [5374]: [3-1] user=Secret,db=databasesecret,app=pg_isready,client=[local] LOG:  disconnection: session time: 0:00:00.002 user=Secret database=databasesecret host=[local]
2025-12-19 10:01:53 GMT [5382]: [1-1] user=[unknown],db=[unknown],app=[unknown],client=[local] LOG:  connection received: host=[local]
2025-12-19 10:01:53 GMT [5382]: [2-1] user=Secret,db=databasesecret,app=[unknown],client=[local] LOG:  connection authorized: user=Secret database=databasesecret application_name=pg_isready
2025-12-19 10:01:53 GMT [5382]: [3-1] user=Secret,db=databasesecret,app=pg_isready,client=[local] LOG:  disconnection: session time: 0:00:00.003 user=Secret database=databasesecret host=[local]
2025-12-19 10:02:03 GMT [5391]: [1-1] user=[unknown],db=[unknown],app=[unknown],client=[local] LOG:  connection received: host=[local]
2025-12-19 10:02:03 GMT [5391]: [2-1] user=Secret,db=databasesecret,app=[unknown],client=[local] LOG:  connection authorized: user=Secret database=databasesecret application_name=pg_isready
2025-12-19 10:02:03 GMT [5391]: [3-1] user=Secret,db=databasesecret,app=pg_isready,client=[local] LOG:  disconnection: session time: 0:00:00.003 user=Secret database=databasesecret host=[local]
2025-12-19 10:02:13 GMT [5399]: [1-1] user=[unknown],db=[unknown],app=[unknown],client=[local] LOG:  connection received: host=[local]
2025-12-19 10:02:13 GMT [5399]: [2-1] user=Secret,db=databasesecret,app=[unknown],client=[local] LOG:  connection authorized: user=Secret database=databasesecret application_name=pg_isready
2025-12-19 10:02:13 GMT [5399]: [3-1] user=Secret,db=databasesecret,app=pg_isready,client=[local] LOG:  disconnection: session time: 0:00:00.003 user=Secret database=databasesecret host=[local]
2025-12-19 10:02:24 GMT [5407]: [1-1] user=[unknown],db=[unknown],app=[unknown],client=[local] LOG:  connection received: host=[local]
2025-12-19 10:02:24 GMT [5407]: [2-1] user=Secret,db=databasesecret,app=[unknown],client=[local] LOG:  connection authorized: user=Secret database=databasesecret application_name=pg_isready
2025-12-19 10:02:24 GMT [5407]: [3-1] user=Secret,db=databasesecret,app=pg_isready,client=[local] LOG:  disconnection: session time: 0:00:00.002 user=Secret database=databasesecret host=[local]
2025-12-19 10:02:34 GMT [5415]: [1-1] user=[unknown],db=[unknown],app=[unknown],client=[local] LOG:  connection received: host=[local]
2025-12-19 10:02:34 GMT [5415]: [2-1] user=Secret,db=databasesecret,app=[unknown],client=[local] LOG:  connection authorized: user=Secret database=databasesecret application_name=pg_isready
2025-12-19 10:02:34 GMT [5415]: [3-1] user=Secret,db=databasesecret,app=pg_isready,client=[local] LOG:  disconnection: session time: 0:00:00.002 user=Secret database=databasesecret host=[local]
2025-12-19 10:02:45 GMT [5423]: [1-1] user=[unknown],db=[unknown],app=[unknown],client=[local] LOG:  connection received: host=[local]
2025-12-19 10:02:45 GMT [5423]: [2-1] user=Secret,db=databasesecret,app=[unknown],client=[local] LOG:  connection authorized: user=Secret database=databasesecret application_name=pg_isready
2025-12-19 10:02:45 GMT [5423]: [3-1] user=Secret,db=databasesecret,app=pg_isready,client=[local] LOG:  disconnection: session time: 0:00:00.004 user=Secret database=databasesecret host=[local]
2025-12-19 10:02:56 GMT [5431]: [1-1] user=[unknown],db=[unknown],app=[unknown],client=[local] LOG:  connection received: host=[local]
2025-12-19 10:02:56 GMT [5431]: [2-1] user=Secret,db=databasesecret,app=[unknown],client=[local] LOG:  connection authorized: user=Secret database=databasesecret application_name=pg_isready
2025-12-19 10:02:56 GMT [5431]: [3-1] user=Secret,db=databasesecret,app=pg_isready,client=[local] LOG:  disconnection: session time: 0:00:00.003 user=Secret database=databasesecret host=[local]
2025-12-19 10:03:06 GMT [5440]: [1-1] user=[unknown],db=[unknown],app=[unknown],client=[local] LOG:  connection received: host=[local]
2025-12-19 10:03:06 GMT [5440]: [2-1] user=Secret,db=databasesecret,app=[unknown],client=[local] LOG:  connection authorized: user=Secret database=databasesecret application_name=pg_isready
2025-12-19 10:03:06 GMT [5440]: [3-1] user=Secret,db=databasesecret,app=pg_isready,client=[local] LOG:  disconnection: session time: 0:00:00.002 user=Secret database=databasesecret host=[local]
2025-12-19 10:03:16 GMT [5448]: [1-1] user=[unknown],db=[unknown],app=[unknown],client=[local] LOG:  connection received: host=[local]
2025-12-19 10:03:16 GMT [5448]: [2-1] user=Secret,db=databasesecret,app=[unknown],client=[local] LOG:  connection authorized: user=Secret database=databasesecret application_name=pg_isready
2025-12-19 10:03:16 GMT [5448]: [3-1] user=Secret,db=databasesecret,app=pg_isready,client=[local] LOG:  disconnection: session time: 0:00:00.003 user=Secret database=databasesecret host=[local]
2025-12-19 10:03:27 GMT [5456]: [1-1] user=[unknown],db=[unknown],app=[unknown],client=[local] LOG:  connection received: host=[local]
2025-12-19 10:03:27 GMT [5456]: [2-1] user=Secret,db=databasesecret,app=[unknown],client=[local] LOG:  connection authorized: user=Secret database=databasesecret application_name=pg_isready
2025-12-19 10:03:27 GMT [5456]: [3-1] user=Secret,db=databasesecret,app=pg_isready,client=[local] LOG:  disconnection: session time: 0:00:00.002 user=Secret database=databasesecret host=[local]
2025-12-19 10:03:37 GMT [5464]: [1-1] user=[unknown],db=[unknown],app=[unknown],client=[local] LOG:  connection received: host=[local]
2025-12-19 10:03:37 GMT [5464]: [2-1] user=Secret,db=databasesecret,app=[unknown],client=[local] LOG:  connection authorized: user=Secret database=databasesecret application_name=pg_isready
2025-12-19 10:03:37 GMT [5464]: [3-1] user=Secret,db=databasesecret,app=pg_isready,client=[local] LOG:  disconnection: session time: 0:00:00.002 user=Secret database=databasesecret host=[local]
2025-12-19 10:03:47 GMT [5472]: [1-1] user=[unknown],db=[unknown],app=[unknown],client=[local] LOG:  connection received: host=[local]
2025-12-19 10:03:47 GMT [5472]: [2-1] user=Secret,db=databasesecret,app=[unknown],client=[local] LOG:  connection authorized: user=Secret database=databasesecret application_name=pg_isready
2025-12-19 10:03:47 GMT [5472]: [3-1] user=Secret,db=databasesecret,app=pg_isready,client=[local] LOG:  disconnection: session time: 0:00:00.002 user=Secret database=databasesecret host=[local]
2025-12-19 10:03:58 GMT [5480]: [1-1] user=[unknown],db=[unknown],app=[unknown],client=[local] LOG:  connection received: host=[local]
2025-12-19 10:03:58 GMT [5480]: [2-1] user=Secret,db=databasesecret,app=[unknown],client=[local] LOG:  connection authorized: user=Secret database=databasesecret application_name=pg_isready
2025-12-19 10:03:58 GMT [5480]: [3-1] user=Secret,db=databasesecret,app=pg_isready,client=[local] LOG:  disconnection: session time: 0:00:00.001 user=Secret database=databasesecret host=[local]
2025-12-19 10:04:08 GMT [5489]: [1-1] user=[unknown],db=[unknown],app=[unknown],client=[local] LOG:  connection received: host=[local]
2025-12-19 10:04:08 GMT [5489]: [2-1] user=Secret,db=databasesecret,app=[unknown],client=[local] LOG:  connection authorized: user=Secret database=databasesecret application_name=pg_isready
2025-12-19 10:04:08 GMT [5489]: [3-1] user=Secret,db=databasesecret,app=pg_isready,client=[local] LOG:  disconnection: session time: 0:00:00.002 user=Secret database=databasesecret host=[local]
2025-12-19 10:04:18 GMT [5497]: [1-1] user=[unknown],db=[unknown],app=[unknown],client=[local] LOG:  connection received: host=[local]
2025-12-19 10:04:18 GMT [5497]: [2-1] user=Secret,db=databasesecret,app=[unknown],client=[local] LOG:  connection authorized: user=Secret database=databasesecret application_name=pg_isready
2025-12-19 10:04:18 GMT [5497]: [3-1] user=Secret,db=databasesecret,app=pg_isready,client=[local] LOG:  disconnection: session time: 0:00:00.001 user=Secret database=databasesecret host=[local]
2025-12-19 10:04:30 GMT [5506]: [1-1] user=[unknown],db=[unknown],app=[unknown],client=[local] LOG:  connection received: host=[local]
2025-12-19 10:04:30 GMT [5506]: [2-1] user=Secret,db=databasesecret,app=[unknown],client=[local] LOG:  connection authorized: user=Secret database=databasesecret application_name=pg_isready
2025-12-19 10:04:30 GMT [5506]: [3-1] user=Secret,db=databasesecret,app=pg_isready,client=[local] LOG:  disconnection: session time: 0:00:00.002 user=Secret database=databasesecret host=[local]
2025-12-19 10:04:40 GMT [5514]: [1-1] user=[unknown],db=[unknown],app=[unknown],client=[local] LOG:  connection received: host=[local]
2025-12-19 10:04:40 GMT [5514]: [2-1] user=Secret,db=databasesecret,app=[unknown],client=[local] LOG:  connection authorized: user=Secret database=databasesecret application_name=pg_isready
2025-12-19 10:04:40 GMT [5514]: [3-1] user=Secret,db=databasesecret,app=pg_isready,client=[local] LOG:  disconnection: session time: 0:00:00.002 user=Secret database=databasesecret host=[local]
2025-12-19 10:04:51 GMT [5522]: [1-1] user=[unknown],db=[unknown],app=[unknown],client=[local] LOG:  connection received: host=[local]
2025-12-19 10:04:51 GMT [5522]: [2-1] user=Secret,db=databasesecret,app=[unknown],client=[local] LOG:  connection authorized: user=Secret database=databasesecret application_name=pg_isready
2025-12-19 10:04:51 GMT [5522]: [3-1] user=Secret,db=databasesecret,app=pg_isready,client=[local] LOG:  disconnection: session time: 0:00:00.001 user=Secret database=databasesecret host=[local]
2025-12-19 10:05:01 GMT [5530]: [1-1] user=[unknown],db=[unknown],app=[unknown],client=[local] LOG:  connection received: host=[local]
2025-12-19 10:05:01 GMT [5530]: [2-1] user=Secret,db=databasesecret,app=[unknown],client=[local] LOG:  connection authorized: user=Secret database=databasesecret application_name=pg_isready
2025-12-19 10:05:01 GMT [5530]: [3-1] user=Secret,db=databasesecret,app=pg_isready,client=[local] LOG:  disconnection: session time: 0:00:00.002 user=Secret database=databasesecret host=[local]
2025-12-19 10:05:11 GMT [5539]: [1-1] user=[unknown],db=[unknown],app=[unknown],client=[local] LOG:  connection received: host=[local]
2025-12-19 10:05:11 GMT [5539]: [2-1] user=Secret,db=databasesecret,app=[unknown],client=[local] LOG:  connection authorized: user=Secret database=databasesecret application_name=pg_isready
2025-12-19 10:05:11 GMT [5539]: [3-1] user=Secret,db=databasesecret,app=pg_isready,client=[local] LOG:  disconnection: session time: 0:00:00.001 user=Secret database=databasesecret host=[local]
2025-12-19 10:05:22 GMT [5547]: [1-1] user=[unknown],db=[unknown],app=[unknown],client=[local] LOG:  connection received: host=[local]
2025-12-19 10:05:22 GMT [5547]: [2-1] user=Secret,db=databasesecret,app=[unknown],client=[local] LOG:  connection authorized: user=Secret database=databasesecret application_name=pg_isready
2025-12-19 10:05:22 GMT [5547]: [3-1] user=Secret,db=databasesecret,app=pg_isready,client=[local] LOG:  disconnection: session time: 0:00:00.002 user=Secret database=databasesecret host=[local]
2025-12-19 10:05:32 GMT [5556]: [1-1] user=[unknown],db=[unknown],app=[unknown],client=[local] LOG:  connection received: host=[local]
2025-12-19 10:05:32 GMT [5556]: [2-1] user=Secret,db=databasesecret,app=[unknown],client=[local] LOG:  connection authorized: user=Secret database=databasesecret application_name=pg_isready
2025-12-19 10:05:32 GMT [5556]: [3-1] user=Secret,db=databasesecret,app=pg_isready,client=[local] LOG:  disconnection: session time: 0:00:00.001 user=Secret database=databasesecret host=[local]
2025-12-19 10:05:42 GMT [5564]: [1-1] user=[unknown],db=[unknown],app=[unknown],client=[local] LOG:  connection received: host=[local]
2025-12-19 10:05:42 GMT [5564]: [2-1] user=Secret,db=databasesecret,app=[unknown],client=[local] LOG:  connection authorized: user=Secret database=databasesecret application_name=pg_isready
2025-12-19 10:05:42 GMT [5564]: [3-1] user=Secret,db=databasesecret,app=pg_isready,client=[local] LOG:  disconnection: session time: 0:00:00.002 user=Secret database=databasesecret host=[local]
2025-12-19 10:05:53 GMT [5572]: [1-1] user=[unknown],db=[unknown],app=[unknown],client=[local] LOG:  connection received: host=[local]
2025-12-19 10:05:53 GMT [5572]: [2-1] user=Secret,db=databasesecret,app=[unknown],client=[local] LOG:  connection authorized: user=Secret database=databasesecret application_name=pg_isready
2025-12-19 10:05:53 GMT [5572]: [3-1] user=Secret,db=databasesecret,app=pg_isready,client=[local] LOG:  disconnection: session time: 0:00:00.002 user=Secret database=databasesecret host=[local]
2025-12-19 10:06:03 GMT [5580]: [1-1] user=[unknown],db=[unknown],app=[unknown],client=[local] LOG:  connection received: host=[local]
2025-12-19 10:06:03 GMT [5580]: [2-1] user=Secret,db=databasesecret,app=[unknown],client=[local] LOG:  connection authorized: user=Secret database=databasesecret application_name=pg_isready
2025-12-19 10:06:03 GMT [5580]: [3-1] user=Secret,db=databasesecret,app=pg_isready,client=[local] LOG:  disconnection: session time: 0:00:00.001 user=Secret database=databasesecret host=[local]
2025-12-19 10:06:14 GMT [5589]: [1-1] user=[unknown],db=[unknown],app=[unknown],client=[local] LOG:  connection received: host=[local]
2025-12-19 10:06:14 GMT [5589]: [2-1] user=Secret,db=databasesecret,app=[unknown],client=[local] LOG:  connection authorized: user=Secret database=databasesecret application_name=pg_isready
2025-12-19 10:06:14 GMT [5589]: [3-1] user=Secret,db=databasesecret,app=pg_isready,client=[local] LOG:  disconnection: session time: 0:00:00.002 user=Secret database=databasesecret host=[local]
2025-12-19 10:06:25 GMT [5597]: [1-1] user=[unknown],db=[unknown],app=[unknown],client=[local] LOG:  connection received: host=[local]
2025-12-19 10:06:25 GMT [5597]: [2-1] user=Secret,db=databasesecret,app=[unknown],client=[local] LOG:  connection authorized: user=Secret database=databasesecret application_name=pg_isready
2025-12-19 10:06:25 GMT [5597]: [3-1] user=Secret,db=databasesecret,app=pg_isready,client=[local] LOG:  disconnection: session time: 0:00:00.003 user=Secret database=databasesecret host=[local]
2025-12-19 10:06:35 GMT [5605]: [1-1] user=[unknown],db=[unknown],app=[unknown],client=[local] LOG:  connection received: host=[local]
2025-12-19 10:06:35 GMT [5605]: [2-1] user=Secret,db=databasesecret,app=[unknown],client=[local] LOG:  connection authorized: user=Secret database=databasesecret application_name=pg_isready
2025-12-19 10:06:35 GMT [5605]: [3-1] user=Secret,db=databasesecret,app=pg_isready,client=[local] LOG:  disconnection: session time: 0:00:00.001 user=Secret database=databasesecret host=[local]
2025-12-19 10:06:45 GMT [5613]: [1-1] user=[unknown],db=[unknown],app=[unknown],client=[local] LOG:  connection received: host=[local]
2025-12-19 10:06:45 GMT [5613]: [2-1] user=Secret,db=databasesecret,app=[unknown],client=[local] LOG:  connection authorized: user=Secret database=databasesecret application_name=pg_isready
2025-12-19 10:06:45 GMT [5613]: [3-1] user=Secret,db=databasesecret,app=pg_isready,client=[local] LOG:  disconnection: session time: 0:00:00.002 user=Secret database=databasesecret host=[local]
2025-12-19 10:06:56 GMT [5621]: [1-1] user=[unknown],db=[unknown],app=[unknown],client=[local] LOG:  connection received: host=[local]
2025-12-19 10:06:56 GMT [5621]: [2-1] user=Secret,db=databasesecret,app=[unknown],client=[local] LOG:  connection authorized: user=Secret database=databasesecret application_name=pg_isready
2025-12-19 10:06:56 GMT [5621]: [3-1] user=Secret,db=databasesecret,app=pg_isready,client=[local] LOG:  disconnection: session time: 0:00:00.001 user=Secret database=databasesecret host=[local]
2025-12-19 10:07:06 GMT [5629]: [1-1] user=[unknown],db=[unknown],app=[unknown],client=[local] LOG:  connection received: host=[local]
2025-12-19 10:07:06 GMT [5629]: [2-1] user=Secret,db=databasesecret,app=[unknown],client=[local] LOG:  connection authorized: user=Secret database=databasesecret application_name=pg_isready
2025-12-19 10:07:06 GMT [5629]: [3-1] user=Secret,db=databasesecret,app=pg_isready,client=[local] LOG:  disconnection: session time: 0:00:00.002 user=Secret database=databasesecret host=[local]
2025-12-19 10:07:16 GMT [5638]: [1-1] user=[unknown],db=[unknown],app=[unknown],client=[local] LOG:  connection received: host=[local]
2025-12-19 10:07:16 GMT [5638]: [2-1] user=Secret,db=databasesecret,app=[unknown],client=[local] LOG:  connection authorized: user=Secret database=databasesecret application_name=pg_isready
2025-12-19 10:07:16 GMT [5638]: [3-1] user=Secret,db=databasesecret,app=pg_isready,client=[local] LOG:  disconnection: session time: 0:00:00.002 user=Secret database=databasesecret host=[local]
2025-12-19 10:07:27 GMT [5646]: [1-1] user=[unknown],db=[unknown],app=[unknown],client=[local] LOG:  connection received: host=[local]
2025-12-19 10:07:27 GMT [5646]: [2-1] user=Secret,db=databasesecret,app=[unknown],client=[local] LOG:  connection authorized: user=Secret database=databasesecret application_name=pg_isready
2025-12-19 10:07:27 GMT [5646]: [3-1] user=Secret,db=databasesecret,app=pg_isready,client=[local] LOG:  disconnection: session time: 0:00:00.001 user=Secret database=databasesecret host=[local]
2025-12-19 10:07:37 GMT [5654]: [1-1] user=[unknown],db=[unknown],app=[unknown],client=[local] LOG:  connection received: host=[local]
2025-12-19 10:07:37 GMT [5654]: [2-1] user=Secret,db=databasesecret,app=[unknown],client=[local] LOG:  connection authorized: user=Secret database=databasesecret application_name=pg_isready
2025-12-19 10:07:37 GMT [5654]: [3-1] user=Secret,db=databasesecret,app=pg_isready,client=[local] LOG:  disconnection: session time: 0:00:00.002 user=Secret database=databasesecret host=[local]
2025-12-19 10:07:47 GMT [5662]: [1-1] user=[unknown],db=[unknown],app=[unknown],client=[local] LOG:  connection received: host=[local]
2025-12-19 10:07:47 GMT [5662]: [2-1] user=Secret,db=databasesecret,app=[unknown],client=[local] LOG:  connection authorized: user=Secret database=databasesecret application_name=pg_isready
2025-12-19 10:07:47 GMT [5662]: [3-1] user=Secret,db=databasesecret,app=pg_isready,client=[local] LOG:  disconnection: session time: 0:00:00.002 user=Secret database=databasesecret host=[local]
2025-12-19 10:07:58 GMT [5670]: [1-1] user=[unknown],db=[unknown],app=[unknown],client=[local] LOG:  connection received: host=[local]
2025-12-19 10:07:58 GMT [5670]: [2-1] user=Secret,db=databasesecret,app=[unknown],client=[local] LOG:  connection authorized: user=Secret database=databasesecret application_name=pg_isready
2025-12-19 10:07:58 GMT [5670]: [3-1] user=Secret,db=databasesecret,app=pg_isready,client=[local] LOG:  disconnection: session time: 0:00:00.003 user=Secret database=databasesecret host=[local]
2025-12-19 10:08:08 GMT [5679]: [1-1] user=[unknown],db=[unknown],app=[unknown],client=[local] LOG:  connection received: host=[local]
2025-12-19 10:08:08 GMT [5679]: [2-1] user=Secret,db=databasesecret,app=[unknown],client=[local] LOG:  connection authorized: user=Secret database=databasesecret application_name=pg_isready
2025-12-19 10:08:08 GMT [5679]: [3-1] user=Secret,db=databasesecret,app=pg_isready,client=[local] LOG:  disconnection: session time: 0:00:00.002 user=Secret database=databasesecret host=[local]
2025-12-19 10:08:19 GMT [5687]: [1-1] user=[unknown],db=[unknown],app=[unknown],client=[local] LOG:  connection received: host=[local]
2025-12-19 10:08:19 GMT [5687]: [2-1] user=Secret,db=databasesecret,app=[unknown],client=[local] LOG:  connection authorized: user=Secret database=databasesecret application_name=pg_isready
2025-12-19 10:08:19 GMT [5687]: [3-1] user=Secret,db=databasesecret,app=pg_isready,client=[local] LOG:  disconnection: session time: 0:00:00.001 user=Secret database=databasesecret host=[local]
2025-12-19 10:08:30 GMT [5695]: [1-1] user=[unknown],db=[unknown],app=[unknown],client=[local] LOG:  connection received: host=[local]
2025-12-19 10:08:30 GMT [5695]: [2-1] user=Secret,db=databasesecret,app=[unknown],client=[local] LOG:  connection authorized: user=Secret database=databasesecret application_name=pg_isready
2025-12-19 10:08:30 GMT [5695]: [3-1] user=Secret,db=databasesecret,app=pg_isready,client=[local] LOG:  disconnection: session time: 0:00:00.002 user=Secret database=databasesecret host=[local]
2025-12-19 10:08:40 GMT [5703]: [1-1] user=[unknown],db=[unknown],app=[unknown],client=[local] LOG:  connection received: host=[local]
2025-12-19 10:08:40 GMT [5703]: [2-1] user=Secret,db=databasesecret,app=[unknown],client=[local] LOG:  connection authorized: user=Secret database=databasesecret application_name=pg_isready
2025-12-19 10:08:40 GMT [5703]: [3-1] user=Secret,db=databasesecret,app=pg_isready,client=[local] LOG:  disconnection: session time: 0:00:00.001 user=Secret database=databasesecret host=[local]
2025-12-19 10:08:50 GMT [5711]: [1-1] user=[unknown],db=[unknown],app=[unknown],client=[local] LOG:  connection received: host=[local]
2025-12-19 10:08:50 GMT [5711]: [2-1] user=Secret,db=databasesecret,app=[unknown],client=[local] LOG:  connection authorized: user=Secret database=databasesecret application_name=pg_isready
2025-12-19 10:08:50 GMT [5711]: [3-1] user=Secret,db=databasesecret,app=pg_isready,client=[local] LOG:  disconnection: session time: 0:00:00.002 user=Secret database=databasesecret host=[local]
2025-12-19 10:09:01 GMT [5719]: [1-1] user=[unknown],db=[unknown],app=[unknown],client=[local] LOG:  connection received: host=[local]
2025-12-19 10:09:01 GMT [5719]: [2-1] user=Secret,db=databasesecret,app=[unknown],client=[local] LOG:  connection authorized: user=Secret database=databasesecret application_name=pg_isready
2025-12-19 10:09:01 GMT [5719]: [3-1] user=Secret,db=databasesecret,app=pg_isready,client=[local] LOG:  disconnection: session time: 0:00:00.002 user=Secret database=databasesecret host=[local]
2025-12-19 10:09:11 GMT [5728]: [1-1] user=[unknown],db=[unknown],app=[unknown],client=[local] LOG:  connection received: host=[local]
2025-12-19 10:09:11 GMT [5728]: [2-1] user=Secret,db=databasesecret,app=[unknown],client=[local] LOG:  connection authorized: user=Secret database=databasesecret application_name=pg_isready
2025-12-19 10:09:11 GMT [5728]: [3-1] user=Secret,db=databasesecret,app=pg_isready,client=[local] LOG:  disconnection: session time: 0:00:00.002 user=Secret database=databasesecret host=[local]
2025-12-19 10:09:21 GMT [5736]: [1-1] user=[unknown],db=[unknown],app=[unknown],client=[local] LOG:  connection received: host=[local]
2025-12-19 10:09:21 GMT [5736]: [2-1] user=Secret,db=databasesecret,app=[unknown],client=[local] LOG:  connection authorized: user=Secret database=databasesecret application_name=pg_isready
2025-12-19 10:09:21 GMT [5736]: [3-1] user=Secret,db=databasesecret,app=pg_isready,client=[local] LOG:  disconnection: session time: 0:00:00.003 user=Secret database=databasesecret host=[local]
2025-12-19 10:09:32 GMT [5744]: [1-1] user=[unknown],db=[unknown],app=[unknown],client=[local] LOG:  connection received: host=[local]
2025-12-19 10:09:32 GMT [5744]: [2-1] user=Secret,db=databasesecret,app=[unknown],client=[local] LOG:  connection authorized: user=Secret database=databasesecret application_name=pg_isready
2025-12-19 10:09:32 GMT [5744]: [3-1] user=Secret,db=databasesecret,app=pg_isready,client=[local] LOG:  disconnection: session time: 0:00:00.001 user=Secret database=databasesecret host=[local]
2025-12-19 10:09:42 GMT [5752]: [1-1] user=[unknown],db=[unknown],app=[unknown],client=[local] LOG:  connection received: host=[local]
2025-12-19 10:09:42 GMT [5752]: [2-1] user=Secret,db=databasesecret,app=[unknown],client=[local] LOG:  connection authorized: user=Secret database=databasesecret application_name=pg_isready
2025-12-19 10:09:42 GMT [5752]: [3-1] user=Secret,db=databasesecret,app=pg_isready,client=[local] LOG:  disconnection: session time: 0:00:00.002 user=Secret database=databasesecret host=[local]
2025-12-19 10:09:53 GMT [5760]: [1-1] user=[unknown],db=[unknown],app=[unknown],client=[local] LOG:  connection received: host=[local]
2025-12-19 10:09:53 GMT [5760]: [2-1] user=Secret,db=databasesecret,app=[unknown],client=[local] LOG:  connection authorized: user=Secret database=databasesecret application_name=pg_isready
2025-12-19 10:09:53 GMT [5760]: [3-1] user=Secret,db=databasesecret,app=pg_isready,client=[local] LOG:  disconnection: session time: 0:00:00.002 user=Secret database=databasesecret host=[local]
2025-12-19 10:10:04 GMT [5768]: [1-1] user=[unknown],db=[unknown],app=[unknown],client=[local] LOG:  connection received: host=[local]
2025-12-19 10:10:04 GMT [5768]: [2-1] user=Secret,db=databasesecret,app=[unknown],client=[local] LOG:  connection authorized: user=Secret database=databasesecret application_name=pg_isready
2025-12-19 10:10:04 GMT [5768]: [3-1] user=Secret,db=databasesecret,app=pg_isready,client=[local] LOG:  disconnection: session time: 0:00:00.002 user=Secret database=databasesecret host=[local]
2025-12-19 10:10:14 GMT [5777]: [1-1] user=[unknown],db=[unknown],app=[unknown],client=[local] LOG:  connection received: host=[local]
2025-12-19 10:10:14 GMT [5777]: [2-1] user=Secret,db=databasesecret,app=[unknown],client=[local] LOG:  connection authorized: user=Secret database=databasesecret application_name=pg_isready
2025-12-19 10:10:14 GMT [5777]: [3-1] user=Secret,db=databasesecret,app=pg_isready,client=[local] LOG:  disconnection: session time: 0:00:00.001 user=Secret database=databasesecret host=[local]
2025-12-19 10:10:24 GMT [5785]: [1-1] user=[unknown],db=[unknown],app=[unknown],client=[local] LOG:  connection received: host=[local]
2025-12-19 10:10:24 GMT [5785]: [2-1] user=Secret,db=databasesecret,app=[unknown],client=[local] LOG:  connection authorized: user=Secret database=databasesecret application_name=pg_isready
2025-12-19 10:10:24 GMT [5785]: [3-1] user=Secret,db=databasesecret,app=pg_isready,client=[local] LOG:  disconnection: session time: 0:00:00.001 user=Secret database=databasesecret host=[local]
2025-12-19 10:10:35 GMT [5793]: [1-1] user=[unknown],db=[unknown],app=[unknown],client=[local] LOG:  connection received: host=[local]
2025-12-19 10:10:35 GMT [5793]: [2-1] user=Secret,db=databasesecret,app=[unknown],client=[local] LOG:  connection authorized: user=Secret database=databasesecret application_name=pg_isready
2025-12-19 10:10:35 GMT [5793]: [3-1] user=Secret,db=databasesecret,app=pg_isready,client=[local] LOG:  disconnection: session time: 0:00:00.002 user=Secret database=databasesecret host=[local]
2025-12-19 10:10:45 GMT [5801]: [1-1] user=[unknown],db=[unknown],app=[unknown],client=[local] LOG:  connection received: host=[local]
2025-12-19 10:10:45 GMT [5801]: [2-1] user=Secret,db=databasesecret,app=[unknown],client=[local] LOG:  connection authorized: user=Secret database=databasesecret application_name=pg_isready
2025-12-19 10:10:45 GMT [5801]: [3-1] user=Secret,db=databasesecret,app=pg_isready,client=[local] LOG:  disconnection: session time: 0:00:00.003 user=Secret database=databasesecret host=[local]
2025-12-19 10:10:55 GMT [5809]: [1-1] user=[unknown],db=[unknown],app=[unknown],client=[local] LOG:  connection received: host=[local]
2025-12-19 10:10:55 GMT [5809]: [2-1] user=Secret,db=databasesecret,app=[unknown],client=[local] LOG:  connection authorized: user=Secret database=databasesecret application_name=pg_isready
2025-12-19 10:10:55 GMT [5809]: [3-1] user=Secret,db=databasesecret,app=pg_isready,client=[local] LOG:  disconnection: session time: 0:00:00.001 user=Secret database=databasesecret host=[local]
2025-12-19 10:11:06 GMT [5817]: [1-1] user=[unknown],db=[unknown],app=[unknown],client=[local] LOG:  connection received: host=[local]
2025-12-19 10:11:06 GMT [5817]: [2-1] user=Secret,db=databasesecret,app=[unknown],client=[local] LOG:  connection authorized: user=Secret database=databasesecret application_name=pg_isready
2025-12-19 10:11:06 GMT [5817]: [3-1] user=Secret,db=databasesecret,app=pg_isready,client=[local] LOG:  disconnection: session time: 0:00:00.001 user=Secret database=databasesecret host=[local]
2025-12-19 10:11:16 GMT [5826]: [1-1] user=[unknown],db=[unknown],app=[unknown],client=[local] LOG:  connection received: host=[local]
2025-12-19 10:11:16 GMT [5826]: [2-1] user=Secret,db=databasesecret,app=[unknown],client=[local] LOG:  connection authorized: user=Secret database=databasesecret application_name=pg_isready
2025-12-19 10:11:16 GMT [5826]: [3-1] user=Secret,db=databasesecret,app=pg_isready,client=[local] LOG:  disconnection: session time: 0:00:00.001 user=Secret database=databasesecret host=[local]
2025-12-19 10:11:27 GMT [5834]: [1-1] user=[unknown],db=[unknown],app=[unknown],client=[local] LOG:  connection received: host=[local]
2025-12-19 10:11:27 GMT [5834]: [2-1] user=Secret,db=databasesecret,app=[unknown],client=[local] LOG:  connection authorized: user=Secret database=databasesecret application_name=pg_isready
2025-12-19 10:11:27 GMT [5834]: [3-1] user=Secret,db=databasesecret,app=pg_isready,client=[local] LOG:  disconnection: session time: 0:00:00.001 user=Secret database=databasesecret host=[local]
2025-12-19 10:11:38 GMT [5842]: [1-1] user=[unknown],db=[unknown],app=[unknown],client=[local] LOG:  connection received: host=[local]
2025-12-19 10:11:38 GMT [5842]: [2-1] user=Secret,db=databasesecret,app=[unknown],client=[local] LOG:  connection authorized: user=Secret database=databasesecret application_name=pg_isready
2025-12-19 10:11:38 GMT [5842]: [3-1] user=Secret,db=databasesecret,app=pg_isready,client=[local] LOG:  disconnection: session time: 0:00:00.003 user=Secret database=databasesecret host=[local]
2025-12-19 10:11:48 GMT [5850]: [1-1] user=[unknown],db=[unknown],app=[unknown],client=[local] LOG:  connection received: host=[local]
2025-12-19 10:11:48 GMT [5850]: [2-1] user=Secret,db=databasesecret,app=[unknown],client=[local] LOG:  connection authorized: user=Secret database=databasesecret application_name=pg_isready
2025-12-19 10:11:48 GMT [5850]: [3-1] user=Secret,db=databasesecret,app=pg_isready,client=[local] LOG:  disconnection: session time: 0:00:00.002 user=Secret database=databasesecret host=[local]
2025-12-19 10:11:58 GMT [5858]: [1-1] user=[unknown],db=[unknown],app=[unknown],client=[local] LOG:  connection received: host=[local]
2025-12-19 10:11:58 GMT [5858]: [2-1] user=Secret,db=databasesecret,app=[unknown],client=[local] LOG:  connection authorized: user=Secret database=databasesecret application_name=pg_isready
2025-12-19 10:11:58 GMT [5858]: [3-1] user=Secret,db=databasesecret,app=pg_isready,client=[local] LOG:  disconnection: session time: 0:00:00.002 user=Secret database=databasesecret host=[local]
2025-12-19 10:12:09 GMT [5866]: [1-1] user=[unknown],db=[unknown],app=[unknown],client=[local] LOG:  connection received: host=[local]
2025-12-19 10:12:09 GMT [5866]: [2-1] user=Secret,db=databasesecret,app=[unknown],client=[local] LOG:  connection authorized: user=Secret database=databasesecret application_name=pg_isready
2025-12-19 10:12:09 GMT [5866]: [3-1] user=Secret,db=databasesecret,app=pg_isready,client=[local] LOG:  disconnection: session time: 0:00:00.002 user=Secret database=databasesecret host=[local]
2025-12-19 10:12:19 GMT [5875]: [1-1] user=[unknown],db=[unknown],app=[unknown],client=[local] LOG:  connection received: host=[local]
2025-12-19 10:12:19 GMT [5875]: [2-1] user=Secret,db=databasesecret,app=[unknown],client=[local] LOG:  connection authorized: user=Secret database=databasesecret application_name=pg_isready
2025-12-19 10:12:19 GMT [5875]: [3-1] user=Secret,db=databasesecret,app=pg_isready,client=[local] LOG:  disconnection: session time: 0:00:00.001 user=Secret database=databasesecret host=[local]
2025-12-19 10:12:29 GMT [5883]: [1-1] user=[unknown],db=[unknown],app=[unknown],client=[local] LOG:  connection received: host=[local]
2025-12-19 10:12:29 GMT [5883]: [2-1] user=Secret,db=databasesecret,app=[unknown],client=[local] LOG:  connection authorized: user=Secret database=databasesecret application_name=pg_isready
2025-12-19 10:12:29 GMT [5883]: [3-1] user=Secret,db=databasesecret,app=pg_isready,client=[local] LOG:  disconnection: session time: 0:00:00.004 user=Secret database=databasesecret host=[local]
2025-12-19 10:12:40 GMT [5891]: [1-1] user=[unknown],db=[unknown],app=[unknown],client=[local] LOG:  connection received: host=[local]
2025-12-19 10:12:40 GMT [5891]: [2-1] user=Secret,db=databasesecret,app=[unknown],client=[local] LOG:  connection authorized: user=Secret database=databasesecret application_name=pg_isready
2025-12-19 10:12:40 GMT [5891]: [3-1] user=Secret,db=databasesecret,app=pg_isready,client=[local] LOG:  disconnection: session time: 0:00:00.001 user=Secret database=databasesecret host=[local]
2025-12-19 10:12:51 GMT [5899]: [1-1] user=[unknown],db=[unknown],app=[unknown],client=[local] LOG:  connection received: host=[local]
2025-12-19 10:12:51 GMT [5899]: [2-1] user=Secret,db=databasesecret,app=[unknown],client=[local] LOG:  connection authorized: user=Secret database=databasesecret application_name=pg_isready
2025-12-19 10:12:51 GMT [5899]: [3-1] user=Secret,db=databasesecret,app=pg_isready,client=[local] LOG:  disconnection: session time: 0:00:00.002 user=Secret database=databasesecret host=[local]
2025-12-19 10:13:01 GMT [5907]: [1-1] user=[unknown],db=[unknown],app=[unknown],client=[local] LOG:  connection received: host=[local]
2025-12-19 10:13:01 GMT [5907]: [2-1] user=Secret,db=databasesecret,app=[unknown],client=[local] LOG:  connection authorized: user=Secret database=databasesecret application_name=pg_isready
2025-12-19 10:13:01 GMT [5907]: [3-1] user=Secret,db=databasesecret,app=pg_isready,client=[local] LOG:  disconnection: session time: 0:00:00.001 user=Secret database=databasesecret host=[local]
2025-12-19 10:13:12 GMT [5916]: [1-1] user=[unknown],db=[unknown],app=[unknown],client=[local] LOG:  connection received: host=[local]
2025-12-19 10:13:12 GMT [5916]: [2-1] user=Secret,db=databasesecret,app=[unknown],client=[local] LOG:  connection authorized: user=Secret database=databasesecret application_name=pg_isready
2025-12-19 10:13:12 GMT [5916]: [3-1] user=Secret,db=databasesecret,app=pg_isready,client=[local] LOG:  disconnection: session time: 0:00:00.002 user=Secret database=databasesecret host=[local]
2025-12-19 10:13:22 GMT [5925]: [1-1] user=[unknown],db=[unknown],app=[unknown],client=[local] LOG:  connection received: host=[local]
2025-12-19 10:13:22 GMT [5925]: [2-1] user=Secret,db=databasesecret,app=[unknown],client=[local] LOG:  connection authorized: user=Secret database=databasesecret application_name=pg_isready
2025-12-19 10:13:22 GMT [5925]: [3-1] user=Secret,db=databasesecret,app=pg_isready,client=[local] LOG:  disconnection: session time: 0:00:00.002 user=Secret database=databasesecret host=[local]
2025-12-19 10:13:32 GMT [5934]: [1-1] user=[unknown],db=[unknown],app=[unknown],client=[local] LOG:  connection received: host=[local]
2025-12-19 10:13:32 GMT [5934]: [2-1] user=Secret,db=databasesecret,app=[unknown],client=[local] LOG:  connection authorized: user=Secret database=databasesecret application_name=pg_isready
2025-12-19 10:13:32 GMT [5934]: [3-1] user=Secret,db=databasesecret,app=pg_isready,client=[local] LOG:  disconnection: session time: 0:00:00.002 user=Secret database=databasesecret host=[local]
2025-12-19 10:13:43 GMT [5942]: [1-1] user=[unknown],db=[unknown],app=[unknown],client=[local] LOG:  connection received: host=[local]
2025-12-19 10:13:43 GMT [5942]: [2-1] user=Secret,db=databasesecret,app=[unknown],client=[local] LOG:  connection authorized: user=Secret database=databasesecret application_name=pg_isready
2025-12-19 10:13:43 GMT [5942]: [3-1] user=Secret,db=databasesecret,app=pg_isready,client=[local] LOG:  disconnection: session time: 0:00:00.002 user=Secret database=databasesecret host=[local]
2025-12-19 10:13:53 GMT [5950]: [1-1] user=[unknown],db=[unknown],app=[unknown],client=[local] LOG:  connection received: host=[local]
2025-12-19 10:13:53 GMT [5950]: [2-1] user=Secret,db=databasesecret,app=[unknown],client=[local] LOG:  connection authorized: user=Secret database=databasesecret application_name=pg_isready
2025-12-19 10:13:53 GMT [5950]: [3-1] user=Secret,db=databasesecret,app=pg_isready,client=[local] LOG:  disconnection: session time: 0:00:00.002 user=Secret database=databasesecret host=[local]
2025-12-19 10:14:03 GMT [5958]: [1-1] user=[unknown],db=[unknown],app=[unknown],client=[local] LOG:  connection received: host=[local]
2025-12-19 10:14:03 GMT [5958]: [2-1] user=Secret,db=databasesecret,app=[unknown],client=[local] LOG:  connection authorized: user=Secret database=databasesecret application_name=pg_isready
2025-12-19 10:14:03 GMT [5958]: [3-1] user=Secret,db=databasesecret,app=pg_isready,client=[local] LOG:  disconnection: session time: 0:00:00.001 user=Secret database=databasesecret host=[local]
2025-12-19 10:14:14 GMT [5966]: [1-1] user=[unknown],db=[unknown],app=[unknown],client=[local] LOG:  connection received: host=[local]
2025-12-19 10:14:14 GMT [5966]: [2-1] user=Secret,db=databasesecret,app=[unknown],client=[local] LOG:  connection authorized: user=Secret database=databasesecret application_name=pg_isready
2025-12-19 10:14:14 GMT [5966]: [3-1] user=Secret,db=databasesecret,app=pg_isready,client=[local] LOG:  disconnection: session time: 0:00:00.003 user=Secret database=databasesecret host=[local]
2025-12-19 10:14:25 GMT [5975]: [1-1] user=[unknown],db=[unknown],app=[unknown],client=[local] LOG:  connection received: host=[local]
2025-12-19 10:14:25 GMT [5975]: [2-1] user=Secret,db=databasesecret,app=[unknown],client=[local] LOG:  connection authorized: user=Secret database=databasesecret application_name=pg_isready
2025-12-19 10:14:25 GMT [5975]: [3-1] user=Secret,db=databasesecret,app=pg_isready,client=[local] LOG:  disconnection: session time: 0:00:00.002 user=Secret database=databasesecret host=[local]
2025-12-19 10:14:35 GMT [5983]: [1-1] user=[unknown],db=[unknown],app=[unknown],client=[local] LOG:  connection received: host=[local]
2025-12-19 10:14:35 GMT [5983]: [2-1] user=Secret,db=databasesecret,app=[unknown],client=[local] LOG:  connection authorized: user=Secret database=databasesecret application_name=pg_isready
2025-12-19 10:14:35 GMT [5983]: [3-1] user=Secret,db=databasesecret,app=pg_isready,client=[local] LOG:  disconnection: session time: 0:00:00.001 user=Secret database=databasesecret host=[local]
2025-12-19 10:14:46 GMT [5991]: [1-1] user=[unknown],db=[unknown],app=[unknown],client=[local] LOG:  connection received: host=[local]
2025-12-19 10:14:46 GMT [5991]: [2-1] user=Secret,db=databasesecret,app=[unknown],client=[local] LOG:  connection authorized: user=Secret database=databasesecret application_name=pg_isready
2025-12-19 10:14:46 GMT [5991]: [3-1] user=Secret,db=databasesecret,app=pg_isready,client=[local] LOG:  disconnection: session time: 0:00:00.002 user=Secret database=databasesecret host=[local]
2025-12-19 10:14:56 GMT [5999]: [1-1] user=[unknown],db=[unknown],app=[unknown],client=[local] LOG:  connection received: host=[local]
2025-12-19 10:14:56 GMT [5999]: [2-1] user=Secret,db=databasesecret,app=[unknown],client=[local] LOG:  connection authorized: user=Secret database=databasesecret application_name=pg_isready
2025-12-19 10:14:56 GMT [5999]: [3-1] user=Secret,db=databasesecret,app=pg_isready,client=[local] LOG:  disconnection: session time: 0:00:00.002 user=Secret database=databasesecret host=[local]
2025-12-19 10:15:06 GMT [6008]: [1-1] user=[unknown],db=[unknown],app=[unknown],client=[local] LOG:  connection received: host=[local]
2025-12-19 10:15:06 GMT [6008]: [2-1] user=Secret,db=databasesecret,app=[unknown],client=[local] LOG:  connection authorized: user=Secret database=databasesecret application_name=pg_isready
2025-12-19 10:15:06 GMT [6008]: [3-1] user=Secret,db=databasesecret,app=pg_isready,client=[local] LOG:  disconnection: session time: 0:00:00.003 user=Secret database=databasesecret host=[local]
2025-12-19 10:15:17 GMT [6016]: [1-1] user=[unknown],db=[unknown],app=[unknown],client=[local] LOG:  connection received: host=[local]
2025-12-19 10:15:17 GMT [6016]: [2-1] user=Secret,db=databasesecret,app=[unknown],client=[local] LOG:  connection authorized: user=Secret database=databasesecret application_name=pg_isready
2025-12-19 10:15:17 GMT [6016]: [3-1] user=Secret,db=databasesecret,app=pg_isready,client=[local] LOG:  disconnection: session time: 0:00:00.002 user=Secret database=databasesecret host=[local]
2025-12-19 10:15:27 GMT [6025]: [1-1] user=[unknown],db=[unknown],app=[unknown],client=[local] LOG:  connection received: host=[local]
2025-12-19 10:15:27 GMT [6025]: [2-1] user=Secret,db=databasesecret,app=[unknown],client=[local] LOG:  connection authorized: user=Secret database=databasesecret application_name=pg_isready
2025-12-19 10:15:27 GMT [6025]: [3-1] user=Secret,db=databasesecret,app=pg_isready,client=[local] LOG:  disconnection: session time: 0:00:00.003 user=Secret database=databasesecret host=[local]
2025-12-19 10:15:37 GMT [6033]: [1-1] user=[unknown],db=[unknown],app=[unknown],client=[local] LOG:  connection received: host=[local]
2025-12-19 10:15:37 GMT [6033]: [2-1] user=Secret,db=databasesecret,app=[unknown],client=[local] LOG:  connection authorized: user=Secret database=databasesecret application_name=pg_isready
2025-12-19 10:15:37 GMT [6033]: [3-1] user=Secret,db=databasesecret,app=pg_isready,client=[local] LOG:  disconnection: session time: 0:00:00.001 user=Secret database=databasesecret host=[local]
2025-12-19 10:15:49 GMT [6041]: [1-1] user=[unknown],db=[unknown],app=[unknown],client=[local] LOG:  connection received: host=[local]
2025-12-19 10:15:49 GMT [6041]: [2-1] user=Secret,db=databasesecret,app=[unknown],client=[local] LOG:  connection authorized: user=Secret database=databasesecret application_name=pg_isready
2025-12-19 10:15:49 GMT [6041]: [3-1] user=Secret,db=databasesecret,app=pg_isready,client=[local] LOG:  disconnection: session time: 0:00:00.002 user=Secret database=databasesecret host=[local]
2025-12-19 10:15:59 GMT [6049]: [1-1] user=[unknown],db=[unknown],app=[unknown],client=[local] LOG:  connection received: host=[local]
2025-12-19 10:15:59 GMT [6049]: [2-1] user=Secret,db=databasesecret,app=[unknown],client=[local] LOG:  connection authorized: user=Secret database=databasesecret application_name=pg_isready
2025-12-19 10:15:59 GMT [6049]: [3-1] user=Secret,db=databasesecret,app=pg_isready,client=[local] LOG:  disconnection: session time: 0:00:00.002 user=Secret database=databasesecret host=[local]
2025-12-19 10:16:09 GMT [6057]: [1-1] user=[unknown],db=[unknown],app=[unknown],client=[local] LOG:  connection received: host=[local]
2025-12-19 10:16:09 GMT [6057]: [2-1] user=Secret,db=databasesecret,app=[unknown],client=[local] LOG:  connection authorized: user=Secret database=databasesecret application_name=pg_isready
2025-12-19 10:16:09 GMT [6057]: [3-1] user=Secret,db=databasesecret,app=pg_isready,client=[local] LOG:  disconnection: session time: 0:00:00.002 user=Secret database=databasesecret host=[local]
2025-12-19 10:16:19 GMT [6066]: [1-1] user=[unknown],db=[unknown],app=[unknown],client=[local] LOG:  connection received: host=[local]
2025-12-19 10:16:19 GMT [6066]: [2-1] user=Secret,db=databasesecret,app=[unknown],client=[local] LOG:  connection authorized: user=Secret database=databasesecret application_name=pg_isready
2025-12-19 10:16:19 GMT [6066]: [3-1] user=Secret,db=databasesecret,app=pg_isready,client=[local] LOG:  disconnection: session time: 0:00:00.002 user=Secret database=databasesecret host=[local]
2025-12-19 10:16:30 GMT [6075]: [1-1] user=[unknown],db=[unknown],app=[unknown],client=[local] LOG:  connection received: host=[local]
2025-12-19 10:16:30 GMT [6075]: [2-1] user=Secret,db=databasesecret,app=[unknown],client=[local] LOG:  connection authorized: user=Secret database=databasesecret application_name=pg_isready
2025-12-19 10:16:30 GMT [6075]: [3-1] user=Secret,db=databasesecret,app=pg_isready,client=[local] LOG:  disconnection: session time: 0:00:00.002 user=Secret database=databasesecret host=[local]
2025-12-19 10:16:41 GMT [6083]: [1-1] user=[unknown],db=[unknown],app=[unknown],client=[local] LOG:  connection received: host=[local]
2025-12-19 10:16:41 GMT [6083]: [2-1] user=Secret,db=databasesecret,app=[unknown],client=[local] LOG:  connection authorized: user=Secret database=databasesecret application_name=pg_isready
2025-12-19 10:16:41 GMT [6083]: [3-1] user=Secret,db=databasesecret,app=pg_isready,client=[local] LOG:  disconnection: session time: 0:00:00.002 user=Secret database=databasesecret host=[local]
2025-12-19 10:16:51 GMT [6091]: [1-1] user=[unknown],db=[unknown],app=[unknown],client=[local] LOG:  connection received: host=[local]
2025-12-19 10:16:51 GMT [6091]: [2-1] user=Secret,db=databasesecret,app=[unknown],client=[local] LOG:  connection authorized: user=Secret database=databasesecret application_name=pg_isready
2025-12-19 10:16:51 GMT [6091]: [3-1] user=Secret,db=databasesecret,app=pg_isready,client=[local] LOG:  disconnection: session time: 0:00:00.001 user=Secret database=databasesecret host=[local]
2025-12-19 10:17:01 GMT [6099]: [1-1] user=[unknown],db=[unknown],app=[unknown],client=[local] LOG:  connection received: host=[local]
2025-12-19 10:17:01 GMT [6099]: [2-1] user=Secret,db=databasesecret,app=[unknown],client=[local] LOG:  connection authorized: user=Secret database=databasesecret application_name=pg_isready
2025-12-19 10:17:01 GMT [6099]: [3-1] user=Secret,db=databasesecret,app=pg_isready,client=[local] LOG:  disconnection: session time: 0:00:00.002 user=Secret database=databasesecret host=[local]
2025-12-19 10:17:12 GMT [6107]: [1-1] user=[unknown],db=[unknown],app=[unknown],client=[local] LOG:  connection received: host=[local]
2025-12-19 10:17:12 GMT [6107]: [2-1] user=Secret,db=databasesecret,app=[unknown],client=[local] LOG:  connection authorized: user=Secret database=databasesecret application_name=pg_isready
2025-12-19 10:17:12 GMT [6107]: [3-1] user=Secret,db=databasesecret,app=pg_isready,client=[local] LOG:  disconnection: session time: 0:00:00.002 user=Secret database=databasesecret host=[local]
2025-12-19 10:17:22 GMT [6115]: [1-1] user=[unknown],db=[unknown],app=[unknown],client=[local] LOG:  connection received: host=[local]
2025-12-19 10:17:22 GMT [6115]: [2-1] user=Secret,db=databasesecret,app=[unknown],client=[local] LOG:  connection authorized: user=Secret database=databasesecret application_name=pg_isready
2025-12-19 10:17:22 GMT [6115]: [3-1] user=Secret,db=databasesecret,app=pg_isready,client=[local] LOG:  disconnection: session time: 0:00:00.002 user=Secret database=databasesecret host=[local]
2025-12-19 10:17:32 GMT [6125]: [1-1] user=[unknown],db=[unknown],app=[unknown],client=[local] LOG:  connection received: host=[local]
2025-12-19 10:17:32 GMT [6125]: [2-1] user=Secret,db=databasesecret,app=[unknown],client=[local] LOG:  connection authorized: user=Secret database=databasesecret application_name=pg_isready
2025-12-19 10:17:32 GMT [6125]: [3-1] user=Secret,db=databasesecret,app=pg_isready,client=[local] LOG:  disconnection: session time: 0:00:00.001 user=Secret database=databasesecret host=[local]
2025-12-19 10:17:43 GMT [6133]: [1-1] user=[unknown],db=[unknown],app=[unknown],client=[local] LOG:  connection received: host=[local]
2025-12-19 10:17:43 GMT [6133]: [2-1] user=Secret,db=databasesecret,app=[unknown],client=[local] LOG:  connection authorized: user=Secret database=databasesecret application_name=pg_isready
2025-12-19 10:17:43 GMT [6133]: [3-1] user=Secret,db=databasesecret,app=pg_isready,client=[local] LOG:  disconnection: session time: 0:00:00.002 user=Secret database=databasesecret host=[local]
2025-12-19 10:17:53 GMT [6141]: [1-1] user=[unknown],db=[unknown],app=[unknown],client=[local] LOG:  connection received: host=[local]
2025-12-19 10:17:53 GMT [6141]: [2-1] user=Secret,db=databasesecret,app=[unknown],client=[local] LOG:  connection authorized: user=Secret database=databasesecret application_name=pg_isready
2025-12-19 10:17:53 GMT [6141]: [3-1] user=Secret,db=databasesecret,app=pg_isready,client=[local] LOG:  disconnection: session time: 0:00:00.002 user=Secret database=databasesecret host=[local]
2025-12-19 10:18:04 GMT [6149]: [1-1] user=[unknown],db=[unknown],app=[unknown],client=[local] LOG:  connection received: host=[local]
2025-12-19 10:18:04 GMT [6149]: [2-1] user=Secret,db=databasesecret,app=[unknown],client=[local] LOG:  connection authorized: user=Secret database=databasesecret application_name=pg_isready
2025-12-19 10:18:04 GMT [6149]: [3-1] user=Secret,db=databasesecret,app=pg_isready,client=[local] LOG:  disconnection: session time: 0:00:00.002 user=Secret database=databasesecret host=[local]
2025-12-19 10:18:15 GMT [6157]: [1-1] user=[unknown],db=[unknown],app=[unknown],client=[local] LOG:  connection received: host=[local]
2025-12-19 10:18:15 GMT [6157]: [2-1] user=Secret,db=databasesecret,app=[unknown],client=[local] LOG:  connection authorized: user=Secret database=databasesecret application_name=pg_isready
2025-12-19 10:18:15 GMT [6157]: [3-1] user=Secret,db=databasesecret,app=pg_isready,client=[local] LOG:  disconnection: session time: 0:00:00.002 user=Secret database=databasesecret host=[local]
2025-12-19 10:18:25 GMT [6165]: [1-1] user=[unknown],db=[unknown],app=[unknown],client=[local] LOG:  connection received: host=[local]
2025-12-19 10:18:25 GMT [6165]: [2-1] user=Secret,db=databasesecret,app=[unknown],client=[local] LOG:  connection authorized: user=Secret database=databasesecret application_name=pg_isready
2025-12-19 10:18:25 GMT [6165]: [3-1] user=Secret,db=databasesecret,app=pg_isready,client=[local] LOG:  disconnection: session time: 0:00:00.002 user=Secret database=databasesecret host=[local]
2025-12-19 10:18:35 GMT [6174]: [1-1] user=[unknown],db=[unknown],app=[unknown],client=[local] LOG:  connection received: host=[local]
2025-12-19 10:18:35 GMT [6174]: [2-1] user=Secret,db=databasesecret,app=[unknown],client=[local] LOG:  connection authorized: user=Secret database=databasesecret application_name=pg_isready
2025-12-19 10:18:35 GMT [6174]: [3-1] user=Secret,db=databasesecret,app=pg_isready,client=[local] LOG:  disconnection: session time: 0:00:00.003 user=Secret database=databasesecret host=[local]
2025-12-19 10:18:46 GMT [6182]: [1-1] user=[unknown],db=[unknown],app=[unknown],client=[local] LOG:  connection received: host=[local]
2025-12-19 10:18:46 GMT [6182]: [2-1] user=Secret,db=databasesecret,app=[unknown],client=[local] LOG:  connection authorized: user=Secret database=databasesecret application_name=pg_isready
2025-12-19 10:18:46 GMT [6182]: [3-1] user=Secret,db=databasesecret,app=pg_isready,client=[local] LOG:  disconnection: session time: 0:00:00.001 user=Secret database=databasesecret host=[local]
2025-12-19 10:18:56 GMT [6190]: [1-1] user=[unknown],db=[unknown],app=[unknown],client=[local] LOG:  connection received: host=[local]
2025-12-19 10:18:56 GMT [6190]: [2-1] user=Secret,db=databasesecret,app=[unknown],client=[local] LOG:  connection authorized: user=Secret database=databasesecret application_name=pg_isready
2025-12-19 10:18:56 GMT [6190]: [3-1] user=Secret,db=databasesecret,app=pg_isready,client=[local] LOG:  disconnection: session time: 0:00:00.002 user=Secret database=databasesecret host=[local]
2025-12-19 10:19:06 GMT [6199]: [1-1] user=[unknown],db=[unknown],app=[unknown],client=[local] LOG:  connection received: host=[local]
2025-12-19 10:19:06 GMT [6199]: [2-1] user=Secret,db=databasesecret,app=[unknown],client=[local] LOG:  connection authorized: user=Secret database=databasesecret application_name=pg_isready
2025-12-19 10:19:06 GMT [6199]: [3-1] user=Secret,db=databasesecret,app=pg_isready,client=[local] LOG:  disconnection: session time: 0:00:00.003 user=Secret database=databasesecret host=[local]
2025-12-19 10:19:17 GMT [6207]: [1-1] user=[unknown],db=[unknown],app=[unknown],client=[local] LOG:  connection received: host=[local]
2025-12-19 10:19:17 GMT [6207]: [2-1] user=Secret,db=databasesecret,app=[unknown],client=[local] LOG:  connection authorized: user=Secret database=databasesecret application_name=pg_isready
2025-12-19 10:19:17 GMT [6207]: [3-1] user=Secret,db=databasesecret,app=pg_isready,client=[local] LOG:  disconnection: session time: 0:00:00.002 user=Secret database=databasesecret host=[local]
2025-12-19 10:19:27 GMT [6216]: [1-1] user=[unknown],db=[unknown],app=[unknown],client=[local] LOG:  connection received: host=[local]
2025-12-19 10:19:27 GMT [6216]: [2-1] user=Secret,db=databasesecret,app=[unknown],client=[local] LOG:  connection authorized: user=Secret database=databasesecret application_name=pg_isready
2025-12-19 10:19:27 GMT [6216]: [3-1] user=Secret,db=databasesecret,app=pg_isready,client=[local] LOG:  disconnection: session time: 0:00:00.001 user=Secret database=databasesecret host=[local]
2025-12-19 10:19:38 GMT [6224]: [1-1] user=[unknown],db=[unknown],app=[unknown],client=[local] LOG:  connection received: host=[local]
2025-12-19 10:19:38 GMT [6224]: [2-1] user=Secret,db=databasesecret,app=[unknown],client=[local] LOG:  connection authorized: user=Secret database=databasesecret application_name=pg_isready
2025-12-19 10:19:38 GMT [6224]: [3-1] user=Secret,db=databasesecret,app=pg_isready,client=[local] LOG:  disconnection: session time: 0:00:00.002 user=Secret database=databasesecret host=[local]
2025-12-19 10:19:49 GMT [6232]: [1-1] user=[unknown],db=[unknown],app=[unknown],client=[local] LOG:  connection received: host=[local]
2025-12-19 10:19:49 GMT [6232]: [2-1] user=Secret,db=databasesecret,app=[unknown],client=[local] LOG:  connection authorized: user=Secret database=databasesecret application_name=pg_isready
2025-12-19 10:19:49 GMT [6232]: [3-1] user=Secret,db=databasesecret,app=pg_isready,client=[local] LOG:  disconnection: session time: 0:00:00.002 user=Secret database=databasesecret host=[local]
2025-12-19 10:19:59 GMT [6240]: [1-1] user=[unknown],db=[unknown],app=[unknown],client=[local] LOG:  connection received: host=[local]
2025-12-19 10:19:59 GMT [6240]: [2-1] user=Secret,db=databasesecret,app=[unknown],client=[local] LOG:  connection authorized: user=Secret database=databasesecret application_name=pg_isready
2025-12-19 10:19:59 GMT [6240]: [3-1] user=Secret,db=databasesecret,app=pg_isready,client=[local] LOG:  disconnection: session time: 0:00:00.001 user=Secret database=databasesecret host=[local]
2025-12-19 10:20:09 GMT [6248]: [1-1] user=[unknown],db=[unknown],app=[unknown],client=[local] LOG:  connection received: host=[local]
2025-12-19 10:20:09 GMT [6248]: [2-1] user=Secret,db=databasesecret,app=[unknown],client=[local] LOG:  connection authorized: user=Secret database=databasesecret application_name=pg_isready
2025-12-19 10:20:09 GMT [6248]: [3-1] user=Secret,db=databasesecret,app=pg_isready,client=[local] LOG:  disconnection: session time: 0:00:00.002 user=Secret database=databasesecret host=[local]
2025-12-19 10:20:20 GMT [6256]: [1-1] user=[unknown],db=[unknown],app=[unknown],client=[local] LOG:  connection received: host=[local]
2025-12-19 10:20:20 GMT [6256]: [2-1] user=Secret,db=databasesecret,app=[unknown],client=[local] LOG:  connection authorized: user=Secret database=databasesecret application_name=pg_isready
2025-12-19 10:20:20 GMT [6256]: [3-1] user=Secret,db=databasesecret,app=pg_isready,client=[local] LOG:  disconnection: session time: 0:00:00.002 user=Secret database=databasesecret host=[local]
2025-12-19 10:20:30 GMT [6265]: [1-1] user=[unknown],db=[unknown],app=[unknown],client=[local] LOG:  connection received: host=[local]
2025-12-19 10:20:30 GMT [6265]: [2-1] user=Secret,db=databasesecret,app=[unknown],client=[local] LOG:  connection authorized: user=Secret database=databasesecret application_name=pg_isready
2025-12-19 10:20:30 GMT [6265]: [3-1] user=Secret,db=databasesecret,app=pg_isready,client=[local] LOG:  disconnection: session time: 0:00:00.002 user=Secret database=databasesecret host=[local]
2025-12-19 10:20:40 GMT [6273]: [1-1] user=[unknown],db=[unknown],app=[unknown],client=[local] LOG:  connection received: host=[local]
2025-12-19 10:20:40 GMT [6273]: [2-1] user=Secret,db=databasesecret,app=[unknown],client=[local] LOG:  connection authorized: user=Secret database=databasesecret application_name=pg_isready
2025-12-19 10:20:40 GMT [6273]: [3-1] user=Secret,db=databasesecret,app=pg_isready,client=[local] LOG:  disconnection: session time: 0:00:00.003 user=Secret database=databasesecret host=[local]
2025-12-19 10:20:51 GMT [6281]: [1-1] user=[unknown],db=[unknown],app=[unknown],client=[local] LOG:  connection received: host=[local]
2025-12-19 10:20:51 GMT [6281]: [2-1] user=Secret,db=databasesecret,app=[unknown],client=[local] LOG:  connection authorized: user=Secret database=databasesecret application_name=pg_isready
2025-12-19 10:20:51 GMT [6281]: [3-1] user=Secret,db=databasesecret,app=pg_isready,client=[local] LOG:  disconnection: session time: 0:00:00.001 user=Secret database=databasesecret host=[local]
2025-12-19 10:21:02 GMT [6289]: [1-1] user=[unknown],db=[unknown],app=[unknown],client=[local] LOG:  connection received: host=[local]
2025-12-19 10:21:02 GMT [6289]: [2-1] user=Secret,db=databasesecret,app=[unknown],client=[local] LOG:  connection authorized: user=Secret database=databasesecret application_name=pg_isready
2025-12-19 10:21:02 GMT [6289]: [3-1] user=Secret,db=databasesecret,app=pg_isready,client=[local] LOG:  disconnection: session time: 0:00:00.002 user=Secret database=databasesecret host=[local]
2025-12-19 10:21:12 GMT [6297]: [1-1] user=[unknown],db=[unknown],app=[unknown],client=[local] LOG:  connection received: host=[local]
2025-12-19 10:21:12 GMT [6297]: [2-1] user=Secret,db=databasesecret,app=[unknown],client=[local] LOG:  connection authorized: user=Secret database=databasesecret application_name=pg_isready
2025-12-19 10:21:12 GMT [6297]: [3-1] user=Secret,db=databasesecret,app=pg_isready,client=[local] LOG:  disconnection: session time: 0:00:00.002 user=Secret database=databasesecret host=[local]
2025-12-19 10:21:23 GMT [6305]: [1-1] user=[unknown],db=[unknown],app=[unknown],client=[local] LOG:  connection received: host=[local]
2025-12-19 10:21:23 GMT [6305]: [2-1] user=Secret,db=databasesecret,app=[unknown],client=[local] LOG:  connection authorized: user=Secret database=databasesecret application_name=pg_isready
2025-12-19 10:21:23 GMT [6305]: [3-1] user=Secret,db=databasesecret,app=pg_isready,client=[local] LOG:  disconnection: session time: 0:00:00.001 user=Secret database=databasesecret host=[local]
2025-12-19 10:21:33 GMT [6315]: [1-1] user=[unknown],db=[unknown],app=[unknown],client=[local] LOG:  connection received: host=[local]
2025-12-19 10:21:33 GMT [6315]: [2-1] user=Secret,db=databasesecret,app=[unknown],client=[local] LOG:  connection authorized: user=Secret database=databasesecret application_name=pg_isready
2025-12-19 10:21:33 GMT [6315]: [3-1] user=Secret,db=databasesecret,app=pg_isready,client=[local] LOG:  disconnection: session time: 0:00:00.002 user=Secret database=databasesecret host=[local]
2025-12-19 10:21:43 GMT [6323]: [1-1] user=[unknown],db=[unknown],app=[unknown],client=[local] LOG:  connection received: host=[local]
2025-12-19 10:21:43 GMT [6323]: [2-1] user=Secret,db=databasesecret,app=[unknown],client=[local] LOG:  connection authorized: user=Secret database=databasesecret application_name=pg_isready
2025-12-19 10:21:43 GMT [6323]: [3-1] user=Secret,db=databasesecret,app=pg_isready,client=[local] LOG:  disconnection: session time: 0:00:00.002 user=Secret database=databasesecret host=[local]
2025-12-19 10:21:54 GMT [6331]: [1-1] user=[unknown],db=[unknown],app=[unknown],client=[local] LOG:  connection received: host=[local]
2025-12-19 10:21:54 GMT [6331]: [2-1] user=Secret,db=databasesecret,app=[unknown],client=[local] LOG:  connection authorized: user=Secret database=databasesecret application_name=pg_isready
2025-12-19 10:21:54 GMT [6331]: [3-1] user=Secret,db=databasesecret,app=pg_isready,client=[local] LOG:  disconnection: session time: 0:00:00.002 user=Secret database=databasesecret host=[local]
2025-12-19 10:22:04 GMT [6339]: [1-1] user=[unknown],db=[unknown],app=[unknown],client=[local] LOG:  connection received: host=[local]
2025-12-19 10:22:04 GMT [6339]: [2-1] user=Secret,db=databasesecret,app=[unknown],client=[local] LOG:  connection authorized: user=Secret database=databasesecret application_name=pg_isready
2025-12-19 10:22:04 GMT [6339]: [3-1] user=Secret,db=databasesecret,app=pg_isready,client=[local] LOG:  disconnection: session time: 0:00:00.002 user=Secret database=databasesecret host=[local]
2025-12-19 10:22:14 GMT [6347]: [1-1] user=[unknown],db=[unknown],app=[unknown],client=[local] LOG:  connection received: host=[local]
2025-12-19 10:22:14 GMT [6347]: [2-1] user=Secret,db=databasesecret,app=[unknown],client=[local] LOG:  connection authorized: user=Secret database=databasesecret application_name=pg_isready
2025-12-19 10:22:14 GMT [6347]: [3-1] user=Secret,db=databasesecret,app=pg_isready,client=[local] LOG:  disconnection: session time: 0:00:00.002 user=Secret database=databasesecret host=[local]
2025-12-19 10:22:25 GMT [6355]: [1-1] user=[unknown],db=[unknown],app=[unknown],client=[local] LOG:  connection received: host=[local]
2025-12-19 10:22:25 GMT [6355]: [2-1] user=Secret,db=databasesecret,app=[unknown],client=[local] LOG:  connection authorized: user=Secret database=databasesecret application_name=pg_isready
2025-12-19 10:22:25 GMT [6355]: [3-1] user=Secret,db=databasesecret,app=pg_isready,client=[local] LOG:  disconnection: session time: 0:00:00.002 user=Secret database=databasesecret host=[local]
2025-12-19 10:22:35 GMT [6364]: [1-1] user=[unknown],db=[unknown],app=[unknown],client=[local] LOG:  connection received: host=[local]
2025-12-19 10:22:35 GMT [6364]: [2-1] user=Secret,db=databasesecret,app=[unknown],client=[local] LOG:  connection authorized: user=Secret database=databasesecret application_name=pg_isready
2025-12-19 10:22:35 GMT [6364]: [3-1] user=Secret,db=databasesecret,app=pg_isready,client=[local] LOG:  disconnection: session time: 0:00:00.002 user=Secret database=databasesecret host=[local]
2025-12-19 10:22:46 GMT [6372]: [1-1] user=[unknown],db=[unknown],app=[unknown],client=[local] LOG:  connection received: host=[local]
2025-12-19 10:22:46 GMT [6372]: [2-1] user=Secret,db=databasesecret,app=[unknown],client=[local] LOG:  connection authorized: user=Secret database=databasesecret application_name=pg_isready
2025-12-19 10:22:46 GMT [6372]: [3-1] user=Secret,db=databasesecret,app=pg_isready,client=[local] LOG:  disconnection: session time: 0:00:00.003 user=Secret database=databasesecret host=[local]
2025-12-19 10:22:57 GMT [6381]: [1-1] user=[unknown],db=[unknown],app=[unknown],client=[local] LOG:  connection received: host=[local]
2025-12-19 10:22:57 GMT [6381]: [2-1] user=Secret,db=databasesecret,app=[unknown],client=[local] LOG:  connection authorized: user=Secret database=databasesecret application_name=pg_isready
2025-12-19 10:22:57 GMT [6381]: [3-1] user=Secret,db=databasesecret,app=pg_isready,client=[local] LOG:  disconnection: session time: 0:00:00.002 user=Secret database=databasesecret host=[local]
2025-12-19 10:23:07 GMT [6389]: [1-1] user=[unknown],db=[unknown],app=[unknown],client=[local] LOG:  connection received: host=[local]
2025-12-19 10:23:07 GMT [6389]: [2-1] user=Secret,db=databasesecret,app=[unknown],client=[local] LOG:  connection authorized: user=Secret database=databasesecret application_name=pg_isready
2025-12-19 10:23:07 GMT [6389]: [3-1] user=Secret,db=databasesecret,app=pg_isready,client=[local] LOG:  disconnection: session time: 0:00:00.002 user=Secret database=databasesecret host=[local]
2025-12-19 10:23:17 GMT [6397]: [1-1] user=[unknown],db=[unknown],app=[unknown],client=[local] LOG:  connection received: host=[local]
2025-12-19 10:23:17 GMT [6397]: [2-1] user=Secret,db=databasesecret,app=[unknown],client=[local] LOG:  connection authorized: user=Secret database=databasesecret application_name=pg_isready
2025-12-19 10:23:17 GMT [6397]: [3-1] user=Secret,db=databasesecret,app=pg_isready,client=[local] LOG:  disconnection: session time: 0:00:00.003 user=Secret database=databasesecret host=[local]
2025-12-19 10:29:31 GMT [6405]: [1-1] user=[unknown],db=[unknown],app=[unknown],client=[local] LOG:  connection received: host=[local]
2025-12-19 10:29:31 GMT [6405]: [2-1] user=Secret,db=databasesecret,app=[unknown],client=[local] LOG:  connection authorized: user=Secret database=databasesecret application_name=pg_isready
2025-12-19 10:29:31 GMT [6405]: [3-1] user=Secret,db=databasesecret,app=pg_isready,client=[local] LOG:  disconnection: session time: 0:00:00.007 user=Secret database=databasesecret host=[local]
2025-12-19 10:29:41 GMT [6415]: [1-1] user=[unknown],db=[unknown],app=[unknown],client=[local] LOG:  connection received: host=[local]
2025-12-19 10:29:41 GMT [6415]: [2-1] user=Secret,db=databasesecret,app=[unknown],client=[local] LOG:  connection authorized: user=Secret database=databasesecret application_name=pg_isready
2025-12-19 10:29:41 GMT [6415]: [3-1] user=Secret,db=databasesecret,app=pg_isready,client=[local] LOG:  disconnection: session time: 0:00:00.001 user=Secret database=databasesecret host=[local]
2025-12-19 10:29:51 GMT [6423]: [1-1] user=[unknown],db=[unknown],app=[unknown],client=[local] LOG:  connection received: host=[local]
2025-12-19 10:29:51 GMT [6423]: [2-1] user=Secret,db=databasesecret,app=[unknown],client=[local] LOG:  connection authorized: user=Secret database=databasesecret application_name=pg_isready
2025-12-19 10:29:51 GMT [6423]: [3-1] user=Secret,db=databasesecret,app=pg_isready,client=[local] LOG:  disconnection: session time: 0:00:00.001 user=Secret database=databasesecret host=[local]
2025-12-19 10:30:02 GMT [6431]: [1-1] user=[unknown],db=[unknown],app=[unknown],client=[local] LOG:  connection received: host=[local]
2025-12-19 10:30:02 GMT [6431]: [2-1] user=Secret,db=databasesecret,app=[unknown],client=[local] LOG:  connection authorized: user=Secret database=databasesecret application_name=pg_isready
2025-12-19 10:30:02 GMT [6431]: [3-1] user=Secret,db=databasesecret,app=pg_isready,client=[local] LOG:  disconnection: session time: 0:00:00.001 user=Secret database=databasesecret host=[local]
2025-12-19 10:30:12 GMT [6439]: [1-1] user=[unknown],db=[unknown],app=[unknown],client=[local] LOG:  connection received: host=[local]
2025-12-19 10:30:12 GMT [6439]: [2-1] user=Secret,db=databasesecret,app=[unknown],client=[local] LOG:  connection authorized: user=Secret database=databasesecret application_name=pg_isready
2025-12-19 10:30:12 GMT [6439]: [3-1] user=Secret,db=databasesecret,app=pg_isready,client=[local] LOG:  disconnection: session time: 0:00:00.001 user=Secret database=databasesecret host=[local]
2025-12-19 10:30:23 GMT [6447]: [1-1] user=[unknown],db=[unknown],app=[unknown],client=[local] LOG:  connection received: host=[local]
2025-12-19 10:30:23 GMT [6447]: [2-1] user=Secret,db=databasesecret,app=[unknown],client=[local] LOG:  connection authorized: user=Secret database=databasesecret application_name=pg_isready
2025-12-19 10:30:23 GMT [6447]: [3-1] user=Secret,db=databasesecret,app=pg_isready,client=[local] LOG:  disconnection: session time: 0:00:00.001 user=Secret database=databasesecret host=[local]
2025-12-19 10:30:33 GMT [6455]: [1-1] user=[unknown],db=[unknown],app=[unknown],client=[local] LOG:  connection received: host=[local]
2025-12-19 10:30:33 GMT [6455]: [2-1] user=Secret,db=databasesecret,app=[unknown],client=[local] LOG:  connection authorized: user=Secret database=databasesecret application_name=pg_isready
2025-12-19 10:30:33 GMT [6455]: [3-1] user=Secret,db=databasesecret,app=pg_isready,client=[local] LOG:  disconnection: session time: 0:00:00.001 user=Secret database=databasesecret host=[local]
2025-12-19 10:30:44 GMT [6464]: [1-1] user=[unknown],db=[unknown],app=[unknown],client=[local] LOG:  connection received: host=[local]
2025-12-19 10:30:44 GMT [6464]: [2-1] user=Secret,db=databasesecret,app=[unknown],client=[local] LOG:  connection authorized: user=Secret database=databasesecret application_name=pg_isready
2025-12-19 10:30:44 GMT [6464]: [3-1] user=Secret,db=databasesecret,app=pg_isready,client=[local] LOG:  disconnection: session time: 0:00:00.001 user=Secret database=databasesecret host=[local]
2025-12-19 10:35:46 GMT [6473]: [1-1] user=[unknown],db=[unknown],app=[unknown],client=[local] LOG:  connection received: host=[local]
2025-12-19 10:35:46 GMT [6473]: [2-1] user=Secret,db=databasesecret,app=[unknown],client=[local] LOG:  connection authorized: user=Secret database=databasesecret application_name=pg_isready
2025-12-19 10:35:46 GMT [6473]: [3-1] user=Secret,db=databasesecret,app=pg_isready,client=[local] LOG:  disconnection: session time: 0:00:00.004 user=Secret database=databasesecret host=[local]
2025-12-19 10:37:47 GMT [6481]: [1-1] user=[unknown],db=[unknown],app=[unknown],client=[local] LOG:  connection received: host=[local]
2025-12-19 10:37:47 GMT [6481]: [2-1] user=Secret,db=databasesecret,app=[unknown],client=[local] LOG:  connection authorized: user=Secret database=databasesecret application_name=pg_isready
2025-12-19 10:37:47 GMT [6481]: [3-1] user=Secret,db=databasesecret,app=pg_isready,client=[local] LOG:  disconnection: session time: 0:00:00.176 user=Secret database=databasesecret host=[local]
2025-12-19 10:37:58 GMT [6489]: [1-1] user=[unknown],db=[unknown],app=[unknown],client=[local] LOG:  connection received: host=[local]
2025-12-19 10:37:58 GMT [6489]: [2-1] user=Secret,db=databasesecret,app=[unknown],client=[local] LOG:  connection authorized: user=Secret database=databasesecret application_name=pg_isready
2025-12-19 10:37:58 GMT [6489]: [3-1] user=Secret,db=databasesecret,app=pg_isready,client=[local] LOG:  disconnection: session time: 0:00:00.001 user=Secret database=databasesecret host=[local]
2025-12-19 10:38:10 GMT [6497]: [1-1] user=[unknown],db=[unknown],app=[unknown],client=[local] LOG:  connection received: host=[local]
2025-12-19 10:38:10 GMT [6497]: [2-1] user=Secret,db=databasesecret,app=[unknown],client=[local] LOG:  connection authorized: user=Secret database=databasesecret application_name=pg_isready
2025-12-19 10:38:10 GMT [6497]: [3-1] user=Secret,db=databasesecret,app=pg_isready,client=[local] LOG:  disconnection: session time: 0:00:00.001 user=Secret database=databasesecret host=[local]
2025-12-19 10:38:19 GMT [6506]: [1-1] user=[unknown],db=[unknown],app=[unknown],client=[local] LOG:  connection received: host=[local]
2025-12-19 10:38:19 GMT [6506]: [2-1] user=Secret,db=databasesecret,app=[unknown],client=[local] LOG:  connection authorized: user=Secret database=databasesecret application_name=pg_isready
2025-12-19 10:38:19 GMT [6506]: [3-1] user=Secret,db=databasesecret,app=pg_isready,client=[local] LOG:  disconnection: session time: 0:00:00.002 user=Secret database=databasesecret host=[local]
2025-12-19 10:38:29 GMT [6515]: [1-1] user=[unknown],db=[unknown],app=[unknown],client=[local] LOG:  connection received: host=[local]
2025-12-19 10:38:29 GMT [6515]: [2-1] user=Secret,db=databasesecret,app=[unknown],client=[local] LOG:  connection authorized: user=Secret database=databasesecret application_name=pg_isready
2025-12-19 10:38:29 GMT [6515]: [3-1] user=Secret,db=databasesecret,app=pg_isready,client=[local] LOG:  disconnection: session time: 0:00:00.002 user=Secret database=databasesecret host=[local]
2025-12-19 10:38:41 GMT [6523]: [1-1] user=[unknown],db=[unknown],app=[unknown],client=[local] LOG:  connection received: host=[local]
2025-12-19 10:38:41 GMT [6523]: [2-1] user=Secret,db=databasesecret,app=[unknown],client=[local] LOG:  connection authorized: user=Secret database=databasesecret application_name=pg_isready
2025-12-19 10:38:41 GMT [6523]: [3-1] user=Secret,db=databasesecret,app=pg_isready,client=[local] LOG:  disconnection: session time: 0:00:00.002 user=Secret database=databasesecret host=[local]
2025-12-19 10:38:51 GMT [6531]: [1-1] user=[unknown],db=[unknown],app=[unknown],client=[local] LOG:  connection received: host=[local]
2025-12-19 10:38:51 GMT [6531]: [2-1] user=Secret,db=databasesecret,app=[unknown],client=[local] LOG:  connection authorized: user=Secret database=databasesecret application_name=pg_isready
2025-12-19 10:38:51 GMT [6531]: [3-1] user=Secret,db=databasesecret,app=pg_isready,client=[local] LOG:  disconnection: session time: 0:00:00.008 user=Secret database=databasesecret host=[local]
2025-12-19 10:39:02 GMT [6539]: [1-1] user=[unknown],db=[unknown],app=[unknown],client=[local] LOG:  connection received: host=[local]
2025-12-19 10:39:02 GMT [6539]: [2-1] user=Secret,db=databasesecret,app=[unknown],client=[local] LOG:  connection authorized: user=Secret database=databasesecret application_name=pg_isready
2025-12-19 10:39:02 GMT [6539]: [3-1] user=Secret,db=databasesecret,app=pg_isready,client=[local] LOG:  disconnection: session time: 0:00:00.001 user=Secret database=databasesecret host=[local]
2025-12-19 10:39:13 GMT [6547]: [1-1] user=[unknown],db=[unknown],app=[unknown],client=[local] LOG:  connection received: host=[local]
2025-12-19 10:39:13 GMT [6547]: [2-1] user=Secret,db=databasesecret,app=[unknown],client=[local] LOG:  connection authorized: user=Secret database=databasesecret application_name=pg_isready
2025-12-19 10:39:13 GMT [6547]: [3-1] user=Secret,db=databasesecret,app=pg_isready,client=[local] LOG:  disconnection: session time: 0:00:00.001 user=Secret database=databasesecret host=[local]
2025-12-19 10:39:23 GMT [6555]: [1-1] user=[unknown],db=[unknown],app=[unknown],client=[local] LOG:  connection received: host=[local]
2025-12-19 10:39:23 GMT [6555]: [2-1] user=Secret,db=databasesecret,app=[unknown],client=[local] LOG:  connection authorized: user=Secret database=databasesecret application_name=pg_isready
2025-12-19 10:39:23 GMT [6555]: [3-1] user=Secret,db=databasesecret,app=pg_isready,client=[local] LOG:  disconnection: session time: 0:00:00.001 user=Secret database=databasesecret host=[local]
2025-12-19 10:39:34 GMT [6564]: [1-1] user=[unknown],db=[unknown],app=[unknown],client=[local] LOG:  connection received: host=[local]
2025-12-19 10:39:34 GMT [6564]: [2-1] user=Secret,db=databasesecret,app=[unknown],client=[local] LOG:  connection authorized: user=Secret database=databasesecret application_name=pg_isready
2025-12-19 10:39:34 GMT [6564]: [3-1] user=Secret,db=databasesecret,app=pg_isready,client=[local] LOG:  disconnection: session time: 0:00:00.003 user=Secret database=databasesecret host=[local]
2025-12-19 10:39:46 GMT [6572]: [1-1] user=[unknown],db=[unknown],app=[unknown],client=[local] LOG:  connection received: host=[local]
2025-12-19 10:39:46 GMT [6572]: [2-1] user=Secret,db=databasesecret,app=[unknown],client=[local] LOG:  connection authorized: user=Secret database=databasesecret application_name=pg_isready
2025-12-19 10:39:46 GMT [6572]: [3-1] user=Secret,db=databasesecret,app=pg_isready,client=[local] LOG:  disconnection: session time: 0:00:00.001 user=Secret database=databasesecret host=[local]
2025-12-19 10:39:56 GMT [6580]: [1-1] user=[unknown],db=[unknown],app=[unknown],client=[local] LOG:  connection received: host=[local]
2025-12-19 10:39:56 GMT [6580]: [2-1] user=Secret,db=databasesecret,app=[unknown],client=[local] LOG:  connection authorized: user=Secret database=databasesecret application_name=pg_isready
2025-12-19 10:39:56 GMT [6580]: [3-1] user=Secret,db=databasesecret,app=pg_isready,client=[local] LOG:  disconnection: session time: 0:00:00.001 user=Secret database=databasesecret host=[local]
2025-12-19 10:40:06 GMT [6588]: [1-1] user=[unknown],db=[unknown],app=[unknown],client=[local] LOG:  connection received: host=[local]
2025-12-19 10:40:06 GMT [6588]: [2-1] user=Secret,db=databasesecret,app=[unknown],client=[local] LOG:  connection authorized: user=Secret database=databasesecret application_name=pg_isready
2025-12-19 10:40:06 GMT [6588]: [3-1] user=Secret,db=databasesecret,app=pg_isready,client=[local] LOG:  disconnection: session time: 0:00:00.001 user=Secret database=databasesecret host=[local]
2025-12-19 10:40:17 GMT [6596]: [1-1] user=[unknown],db=[unknown],app=[unknown],client=[local] LOG:  connection received: host=[local]
2025-12-19 10:40:17 GMT [6596]: [2-1] user=Secret,db=databasesecret,app=[unknown],client=[local] LOG:  connection authorized: user=Secret database=databasesecret application_name=pg_isready
2025-12-19 10:40:17 GMT [6596]: [3-1] user=Secret,db=databasesecret,app=pg_isready,client=[local] LOG:  disconnection: session time: 0:00:00.002 user=Secret database=databasesecret host=[local]
2025-12-19 10:40:28 GMT [6604]: [1-1] user=[unknown],db=[unknown],app=[unknown],client=[local] LOG:  connection received: host=[local]
2025-12-19 10:40:28 GMT [6604]: [2-1] user=Secret,db=databasesecret,app=[unknown],client=[local] LOG:  connection authorized: user=Secret database=databasesecret application_name=pg_isready
2025-12-19 10:40:28 GMT [6604]: [3-1] user=Secret,db=databasesecret,app=pg_isready,client=[local] LOG:  disconnection: session time: 0:00:00.001 user=Secret database=databasesecret host=[local]
2025-12-19 10:40:38 GMT [6613]: [1-1] user=[unknown],db=[unknown],app=[unknown],client=[local] LOG:  connection received: host=[local]
2025-12-19 10:40:38 GMT [6613]: [2-1] user=Secret,db=databasesecret,app=[unknown],client=[local] LOG:  connection authorized: user=Secret database=databasesecret application_name=pg_isready
2025-12-19 10:40:38 GMT [6613]: [3-1] user=Secret,db=databasesecret,app=pg_isready,client=[local] LOG:  disconnection: session time: 0:00:00.001 user=Secret database=databasesecret host=[local]
2025-12-19 10:40:50 GMT [6621]: [1-1] user=[unknown],db=[unknown],app=[unknown],client=[local] LOG:  connection received: host=[local]
2025-12-19 10:40:50 GMT [6621]: [2-1] user=Secret,db=databasesecret,app=[unknown],client=[local] LOG:  connection authorized: user=Secret database=databasesecret application_name=pg_isready
2025-12-19 10:40:50 GMT [6621]: [3-1] user=Secret,db=databasesecret,app=pg_isready,client=[local] LOG:  disconnection: session time: 0:00:00.001 user=Secret database=databasesecret host=[local]
2025-12-19 10:41:00 GMT [6629]: [1-1] user=[unknown],db=[unknown],app=[unknown],client=[local] LOG:  connection received: host=[local]
2025-12-19 10:41:00 GMT [6629]: [2-1] user=Secret,db=databasesecret,app=[unknown],client=[local] LOG:  connection authorized: user=Secret database=databasesecret application_name=pg_isready
2025-12-19 10:41:00 GMT [6629]: [3-1] user=Secret,db=databasesecret,app=pg_isready,client=[local] LOG:  disconnection: session time: 0:00:00.001 user=Secret database=databasesecret host=[local]
2025-12-19 10:41:10 GMT [6637]: [1-1] user=[unknown],db=[unknown],app=[unknown],client=[local] LOG:  connection received: host=[local]
2025-12-19 10:41:10 GMT [6637]: [2-1] user=Secret,db=databasesecret,app=[unknown],client=[local] LOG:  connection authorized: user=Secret database=databasesecret application_name=pg_isready
2025-12-19 10:41:10 GMT [6637]: [3-1] user=Secret,db=databasesecret,app=pg_isready,client=[local] LOG:  disconnection: session time: 0:00:00.002 user=Secret database=databasesecret host=[local]
2025-12-19 10:41:22 GMT [6645]: [1-1] user=[unknown],db=[unknown],app=[unknown],client=[local] LOG:  connection received: host=[local]
2025-12-19 10:41:22 GMT [6645]: [2-1] user=Secret,db=databasesecret,app=[unknown],client=[local] LOG:  connection authorized: user=Secret database=databasesecret application_name=pg_isready
2025-12-19 10:41:22 GMT [6645]: [3-1] user=Secret,db=databasesecret,app=pg_isready,client=[local] LOG:  disconnection: session time: 0:00:00.001 user=Secret database=databasesecret host=[local]
2025-12-19 10:41:32 GMT [6653]: [1-1] user=[unknown],db=[unknown],app=[unknown],client=[local] LOG:  connection received: host=[local]
2025-12-19 10:41:32 GMT [6653]: [2-1] user=Secret,db=databasesecret,app=[unknown],client=[local] LOG:  connection authorized: user=Secret database=databasesecret application_name=pg_isready
2025-12-19 10:41:32 GMT [6653]: [3-1] user=Secret,db=databasesecret,app=pg_isready,client=[local] LOG:  disconnection: session time: 0:00:00.001 user=Secret database=databasesecret host=[local]
2025-12-19 10:41:42 GMT [6662]: [1-1] user=[unknown],db=[unknown],app=[unknown],client=[local] LOG:  connection received: host=[local]
2025-12-19 10:41:42 GMT [6662]: [2-1] user=Secret,db=databasesecret,app=[unknown],client=[local] LOG:  connection authorized: user=Secret database=databasesecret application_name=pg_isready
2025-12-19 10:41:42 GMT [6662]: [3-1] user=Secret,db=databasesecret,app=pg_isready,client=[local] LOG:  disconnection: session time: 0:00:00.001 user=Secret database=databasesecret host=[local]
2025-12-19 10:41:53 GMT [6670]: [1-1] user=[unknown],db=[unknown],app=[unknown],client=[local] LOG:  connection received: host=[local]
2025-12-19 10:41:53 GMT [6670]: [2-1] user=Secret,db=databasesecret,app=[unknown],client=[local] LOG:  connection authorized: user=Secret database=databasesecret application_name=pg_isready
2025-12-19 10:41:53 GMT [6670]: [3-1] user=Secret,db=databasesecret,app=pg_isready,client=[local] LOG:  disconnection: session time: 0:00:00.002 user=Secret database=databasesecret host=[local]
2025-12-19 10:42:04 GMT [6678]: [1-1] user=[unknown],db=[unknown],app=[unknown],client=[local] LOG:  connection received: host=[local]
2025-12-19 10:42:04 GMT [6678]: [2-1] user=Secret,db=databasesecret,app=[unknown],client=[local] LOG:  connection authorized: user=Secret database=databasesecret application_name=pg_isready
2025-12-19 10:42:04 GMT [6678]: [3-1] user=Secret,db=databasesecret,app=pg_isready,client=[local] LOG:  disconnection: session time: 0:00:00.001 user=Secret database=databasesecret host=[local]
2025-12-19 10:42:14 GMT [6686]: [1-1] user=[unknown],db=[unknown],app=[unknown],client=[local] LOG:  connection received: host=[local]
2025-12-19 10:42:14 GMT [6686]: [2-1] user=Secret,db=databasesecret,app=[unknown],client=[local] LOG:  connection authorized: user=Secret database=databasesecret application_name=pg_isready
2025-12-19 10:42:14 GMT [6686]: [3-1] user=Secret,db=databasesecret,app=pg_isready,client=[local] LOG:  disconnection: session time: 0:00:00.001 user=Secret database=databasesecret host=[local]
2025-12-19 10:42:26 GMT [6694]: [1-1] user=[unknown],db=[unknown],app=[unknown],client=[local] LOG:  connection received: host=[local]
2025-12-19 10:42:26 GMT [6694]: [2-1] user=Secret,db=databasesecret,app=[unknown],client=[local] LOG:  connection authorized: user=Secret database=databasesecret application_name=pg_isready
2025-12-19 10:42:26 GMT [6694]: [3-1] user=Secret,db=databasesecret,app=pg_isready,client=[local] LOG:  disconnection: session time: 0:00:00.003 user=Secret database=databasesecret host=[local]
2025-12-19 10:42:36 GMT [6702]: [1-1] user=[unknown],db=[unknown],app=[unknown],client=[local] LOG:  connection received: host=[local]
2025-12-19 10:42:36 GMT [6702]: [2-1] user=Secret,db=databasesecret,app=[unknown],client=[local] LOG:  connection authorized: user=Secret database=databasesecret application_name=pg_isready
2025-12-19 10:42:36 GMT [6702]: [3-1] user=Secret,db=databasesecret,app=pg_isready,client=[local] LOG:  disconnection: session time: 0:00:00.001 user=Secret database=databasesecret host=[local]
2025-12-19 10:42:46 GMT [6711]: [1-1] user=[unknown],db=[unknown],app=[unknown],client=[local] LOG:  connection received: host=[local]
2025-12-19 10:42:46 GMT [6711]: [2-1] user=Secret,db=databasesecret,app=[unknown],client=[local] LOG:  connection authorized: user=Secret database=databasesecret application_name=pg_isready
2025-12-19 10:42:46 GMT [6711]: [3-1] user=Secret,db=databasesecret,app=pg_isready,client=[local] LOG:  disconnection: session time: 0:00:00.001 user=Secret database=databasesecret host=[local]
2025-12-19 10:42:56 GMT [6719]: [1-1] user=[unknown],db=[unknown],app=[unknown],client=[local] LOG:  connection received: host=[local]
2025-12-19 10:42:56 GMT [6719]: [2-1] user=Secret,db=databasesecret,app=[unknown],client=[local] LOG:  connection authorized: user=Secret database=databasesecret application_name=pg_isready
2025-12-19 10:42:56 GMT [6719]: [3-1] user=Secret,db=databasesecret,app=pg_isready,client=[local] LOG:  disconnection: session time: 0:00:00.002 user=Secret database=databasesecret host=[local]
2025-12-19 10:43:07 GMT [6728]: [1-1] user=[unknown],db=[unknown],app=[unknown],client=[local] LOG:  connection received: host=[local]
2025-12-19 10:43:07 GMT [6728]: [2-1] user=Secret,db=databasesecret,app=[unknown],client=[local] LOG:  connection authorized: user=Secret database=databasesecret application_name=pg_isready
2025-12-19 10:43:07 GMT [6728]: [3-1] user=Secret,db=databasesecret,app=pg_isready,client=[local] LOG:  disconnection: session time: 0:00:00.002 user=Secret database=databasesecret host=[local]
2025-12-19 10:43:20 GMT [6736]: [1-1] user=[unknown],db=[unknown],app=[unknown],client=[local] LOG:  connection received: host=[local]
2025-12-19 10:43:20 GMT [6736]: [2-1] user=Secret,db=databasesecret,app=[unknown],client=[local] LOG:  connection authorized: user=Secret database=databasesecret application_name=pg_isready
2025-12-19 10:43:20 GMT [6736]: [3-1] user=Secret,db=databasesecret,app=pg_isready,client=[local] LOG:  disconnection: session time: 0:00:00.001 user=Secret database=databasesecret host=[local]
2025-12-19 10:43:30 GMT [6745]: [1-1] user=[unknown],db=[unknown],app=[unknown],client=[local] LOG:  connection received: host=[local]
2025-12-19 10:43:30 GMT [6745]: [2-1] user=Secret,db=databasesecret,app=[unknown],client=[local] LOG:  connection authorized: user=Secret database=databasesecret application_name=pg_isready
2025-12-19 10:43:30 GMT [6745]: [3-1] user=Secret,db=databasesecret,app=pg_isready,client=[local] LOG:  disconnection: session time: 0:00:00.001 user=Secret database=databasesecret host=[local]
2025-12-19 10:43:40 GMT [6754]: [1-1] user=[unknown],db=[unknown],app=[unknown],client=[local] LOG:  connection received: host=[local]
2025-12-19 10:43:40 GMT [6754]: [2-1] user=Secret,db=databasesecret,app=[unknown],client=[local] LOG:  connection authorized: user=Secret database=databasesecret application_name=pg_isready
2025-12-19 10:43:40 GMT [6754]: [3-1] user=Secret,db=databasesecret,app=pg_isready,client=[local] LOG:  disconnection: session time: 0:00:00.001 user=Secret database=databasesecret host=[local]
2025-12-19 10:43:50 GMT [6762]: [1-1] user=[unknown],db=[unknown],app=[unknown],client=[local] LOG:  connection received: host=[local]
2025-12-19 10:43:50 GMT [6762]: [2-1] user=Secret,db=databasesecret,app=[unknown],client=[local] LOG:  connection authorized: user=Secret database=databasesecret application_name=pg_isready
2025-12-19 10:43:50 GMT [6762]: [3-1] user=Secret,db=databasesecret,app=pg_isready,client=[local] LOG:  disconnection: session time: 0:00:00.001 user=Secret database=databasesecret host=[local]
2025-12-19 10:44:02 GMT [6770]: [1-1] user=[unknown],db=[unknown],app=[unknown],client=[local] LOG:  connection received: host=[local]
2025-12-19 10:44:02 GMT [6770]: [2-1] user=Secret,db=databasesecret,app=[unknown],client=[local] LOG:  connection authorized: user=Secret database=databasesecret application_name=pg_isready
2025-12-19 10:44:02 GMT [6770]: [3-1] user=Secret,db=databasesecret,app=pg_isready,client=[local] LOG:  disconnection: session time: 0:00:00.001 user=Secret database=databasesecret host=[local]
2025-12-19 10:44:12 GMT [6778]: [1-1] user=[unknown],db=[unknown],app=[unknown],client=[local] LOG:  connection received: host=[local]
2025-12-19 10:44:12 GMT [6778]: [2-1] user=Secret,db=databasesecret,app=[unknown],client=[local] LOG:  connection authorized: user=Secret database=databasesecret application_name=pg_isready
2025-12-19 10:44:12 GMT [6778]: [3-1] user=Secret,db=databasesecret,app=pg_isready,client=[local] LOG:  disconnection: session time: 0:00:00.001 user=Secret database=databasesecret host=[local]
2025-12-19 10:44:23 GMT [6786]: [1-1] user=[unknown],db=[unknown],app=[unknown],client=[local] LOG:  connection received: host=[local]
2025-12-19 10:44:23 GMT [6786]: [2-1] user=Secret,db=databasesecret,app=[unknown],client=[local] LOG:  connection authorized: user=Secret database=databasesecret application_name=pg_isready
2025-12-19 10:44:23 GMT [6786]: [3-1] user=Secret,db=databasesecret,app=pg_isready,client=[local] LOG:  disconnection: session time: 0:00:00.002 user=Secret database=databasesecret host=[local]
2025-12-19 10:44:35 GMT [6794]: [1-1] user=[unknown],db=[unknown],app=[unknown],client=[local] LOG:  connection received: host=[local]
2025-12-19 10:44:35 GMT [6794]: [2-1] user=Secret,db=databasesecret,app=[unknown],client=[local] LOG:  connection authorized: user=Secret database=databasesecret application_name=pg_isready
2025-12-19 10:44:35 GMT [6794]: [3-1] user=Secret,db=databasesecret,app=pg_isready,client=[local] LOG:  disconnection: session time: 0:00:00.003 user=Secret database=databasesecret host=[local]
2025-12-19 10:44:45 GMT [6803]: [1-1] user=[unknown],db=[unknown],app=[unknown],client=[local] LOG:  connection received: host=[local]
2025-12-19 10:44:45 GMT [6803]: [2-1] user=Secret,db=databasesecret,app=[unknown],client=[local] LOG:  connection authorized: user=Secret database=databasesecret application_name=pg_isready
2025-12-19 10:44:45 GMT [6803]: [3-1] user=Secret,db=databasesecret,app=pg_isready,client=[local] LOG:  disconnection: session time: 0:00:00.002 user=Secret database=databasesecret host=[local]
2025-12-19 10:44:55 GMT [6812]: [1-1] user=[unknown],db=[unknown],app=[unknown],client=[local] LOG:  connection received: host=[local]
2025-12-19 10:44:55 GMT [6812]: [2-1] user=Secret,db=databasesecret,app=[unknown],client=[local] LOG:  connection authorized: user=Secret database=databasesecret application_name=pg_isready
2025-12-19 10:44:55 GMT [6812]: [3-1] user=Secret,db=databasesecret,app=pg_isready,client=[local] LOG:  disconnection: session time: 0:00:00.005 user=Secret database=databasesecret host=[local]
2025-12-19 10:45:07 GMT [6820]: [1-1] user=[unknown],db=[unknown],app=[unknown],client=[local] LOG:  connection received: host=[local]
2025-12-19 10:45:07 GMT [6820]: [2-1] user=Secret,db=databasesecret,app=[unknown],client=[local] LOG:  connection authorized: user=Secret database=databasesecret application_name=pg_isready
2025-12-19 10:45:07 GMT [6820]: [3-1] user=Secret,db=databasesecret,app=pg_isready,client=[local] LOG:  disconnection: session time: 0:00:00.001 user=Secret database=databasesecret host=[local]
2025-12-19 10:45:17 GMT [6828]: [1-1] user=[unknown],db=[unknown],app=[unknown],client=[local] LOG:  connection received: host=[local]
2025-12-19 10:45:17 GMT [6828]: [2-1] user=Secret,db=databasesecret,app=[unknown],client=[local] LOG:  connection authorized: user=Secret database=databasesecret application_name=pg_isready
2025-12-19 10:45:17 GMT [6828]: [3-1] user=Secret,db=databasesecret,app=pg_isready,client=[local] LOG:  disconnection: session time: 0:00:00.001 user=Secret database=databasesecret host=[local]
2025-12-19 10:45:28 GMT [6836]: [1-1] user=[unknown],db=[unknown],app=[unknown],client=[local] LOG:  connection received: host=[local]
2025-12-19 10:45:28 GMT [6836]: [2-1] user=Secret,db=databasesecret,app=[unknown],client=[local] LOG:  connection authorized: user=Secret database=databasesecret application_name=pg_isready
2025-12-19 10:45:28 GMT [6836]: [3-1] user=Secret,db=databasesecret,app=pg_isready,client=[local] LOG:  disconnection: session time: 0:00:00.001 user=Secret database=databasesecret host=[local]
2025-12-19 10:45:39 GMT [6844]: [1-1] user=[unknown],db=[unknown],app=[unknown],client=[local] LOG:  connection received: host=[local]
2025-12-19 10:45:39 GMT [6844]: [2-1] user=Secret,db=databasesecret,app=[unknown],client=[local] LOG:  connection authorized: user=Secret database=databasesecret application_name=pg_isready
2025-12-19 10:45:39 GMT [6844]: [3-1] user=Secret,db=databasesecret,app=pg_isready,client=[local] LOG:  disconnection: session time: 0:00:00.002 user=Secret database=databasesecret host=[local]
2025-12-19 10:45:50 GMT [6853]: [1-1] user=[unknown],db=[unknown],app=[unknown],client=[local] LOG:  connection received: host=[local]
2025-12-19 10:45:50 GMT [6853]: [2-1] user=Secret,db=databasesecret,app=[unknown],client=[local] LOG:  connection authorized: user=Secret database=databasesecret application_name=pg_isready
2025-12-19 10:45:50 GMT [6853]: [3-1] user=Secret,db=databasesecret,app=pg_isready,client=[local] LOG:  disconnection: session time: 0:00:00.001 user=Secret database=databasesecret host=[local]
2025-12-19 10:46:00 GMT [6862]: [1-1] user=[unknown],db=[unknown],app=[unknown],client=[local] LOG:  connection received: host=[local]
2025-12-19 10:46:00 GMT [6862]: [2-1] user=Secret,db=databasesecret,app=[unknown],client=[local] LOG:  connection authorized: user=Secret database=databasesecret application_name=pg_isready
2025-12-19 10:46:00 GMT [6862]: [3-1] user=Secret,db=databasesecret,app=pg_isready,client=[local] LOG:  disconnection: session time: 0:00:00.003 user=Secret database=databasesecret host=[local]
2025-12-19 10:46:10 GMT [6870]: [1-1] user=[unknown],db=[unknown],app=[unknown],client=[local] LOG:  connection received: host=[local]
2025-12-19 10:46:10 GMT [6870]: [2-1] user=Secret,db=databasesecret,app=[unknown],client=[local] LOG:  connection authorized: user=Secret database=databasesecret application_name=pg_isready
2025-12-19 10:46:10 GMT [6870]: [3-1] user=Secret,db=databasesecret,app=pg_isready,client=[local] LOG:  disconnection: session time: 0:00:00.002 user=Secret database=databasesecret host=[local]
2025-12-19 10:46:21 GMT [6879]: [1-1] user=[unknown],db=[unknown],app=[unknown],client=[local] LOG:  connection received: host=[local]
2025-12-19 10:46:21 GMT [6879]: [2-1] user=Secret,db=databasesecret,app=[unknown],client=[local] LOG:  connection authorized: user=Secret database=databasesecret application_name=pg_isready
2025-12-19 10:46:21 GMT [6879]: [3-1] user=Secret,db=databasesecret,app=pg_isready,client=[local] LOG:  disconnection: session time: 0:00:00.001 user=Secret database=databasesecret host=[local]
2025-12-19 10:46:33 GMT [6887]: [1-1] user=[unknown],db=[unknown],app=[unknown],client=[local] LOG:  connection received: host=[local]
2025-12-19 10:46:33 GMT [6887]: [2-1] user=Secret,db=databasesecret,app=[unknown],client=[local] LOG:  connection authorized: user=Secret database=databasesecret application_name=pg_isready
2025-12-19 10:46:33 GMT [6887]: [3-1] user=Secret,db=databasesecret,app=pg_isready,client=[local] LOG:  disconnection: session time: 0:00:00.002 user=Secret database=databasesecret host=[local]
2025-12-19 10:46:44 GMT [6895]: [1-1] user=[unknown],db=[unknown],app=[unknown],client=[local] LOG:  connection received: host=[local]
2025-12-19 10:46:44 GMT [6895]: [2-1] user=Secret,db=databasesecret,app=[unknown],client=[local] LOG:  connection authorized: user=Secret database=databasesecret application_name=pg_isready
2025-12-19 10:46:44 GMT [6895]: [3-1] user=Secret,db=databasesecret,app=pg_isready,client=[local] LOG:  disconnection: session time: 0:00:00.001 user=Secret database=databasesecret host=[local]
2025-12-19 10:46:54 GMT [6904]: [1-1] user=[unknown],db=[unknown],app=[unknown],client=[local] LOG:  connection received: host=[local]
2025-12-19 10:46:54 GMT [6904]: [2-1] user=Secret,db=databasesecret,app=[unknown],client=[local] LOG:  connection authorized: user=Secret database=databasesecret application_name=pg_isready
2025-12-19 10:46:54 GMT [6904]: [3-1] user=Secret,db=databasesecret,app=pg_isready,client=[local] LOG:  disconnection: session time: 0:00:00.001 user=Secret database=databasesecret host=[local]
2025-12-19 10:47:04 GMT [6912]: [1-1] user=[unknown],db=[unknown],app=[unknown],client=[local] LOG:  connection received: host=[local]
2025-12-19 10:47:04 GMT [6912]: [2-1] user=Secret,db=databasesecret,app=[unknown],client=[local] LOG:  connection authorized: user=Secret database=databasesecret application_name=pg_isready
2025-12-19 10:47:04 GMT [6912]: [3-1] user=Secret,db=databasesecret,app=pg_isready,client=[local] LOG:  disconnection: session time: 0:00:00.002 user=Secret database=databasesecret host=[local]
2025-12-19 10:47:16 GMT [6920]: [1-1] user=[unknown],db=[unknown],app=[unknown],client=[local] LOG:  connection received: host=[local]
2025-12-19 10:47:16 GMT [6920]: [2-1] user=Secret,db=databasesecret,app=[unknown],client=[local] LOG:  connection authorized: user=Secret database=databasesecret application_name=pg_isready
2025-12-19 10:47:16 GMT [6920]: [3-1] user=Secret,db=databasesecret,app=pg_isready,client=[local] LOG:  disconnection: session time: 0:00:00.001 user=Secret database=databasesecret host=[local]
2025-12-19 10:47:26 GMT [6928]: [1-1] user=[unknown],db=[unknown],app=[unknown],client=[local] LOG:  connection received: host=[local]
2025-12-19 10:47:26 GMT [6928]: [2-1] user=Secret,db=databasesecret,app=[unknown],client=[local] LOG:  connection authorized: user=Secret database=databasesecret application_name=pg_isready
2025-12-19 10:47:26 GMT [6928]: [3-1] user=Secret,db=databasesecret,app=pg_isready,client=[local] LOG:  disconnection: session time: 0:00:00.001 user=Secret database=databasesecret host=[local]
2025-12-19 10:47:36 GMT [6936]: [1-1] user=[unknown],db=[unknown],app=[unknown],client=[local] LOG:  connection received: host=[local]
2025-12-19 10:47:36 GMT [6936]: [2-1] user=Secret,db=databasesecret,app=[unknown],client=[local] LOG:  connection authorized: user=Secret database=databasesecret application_name=pg_isready
2025-12-19 10:47:36 GMT [6936]: [3-1] user=Secret,db=databasesecret,app=pg_isready,client=[local] LOG:  disconnection: session time: 0:00:00.001 user=Secret database=databasesecret host=[local]
2025-12-19 10:47:48 GMT [6944]: [1-1] user=[unknown],db=[unknown],app=[unknown],client=[local] LOG:  connection received: host=[local]
2025-12-19 10:47:48 GMT [6944]: [2-1] user=Secret,db=databasesecret,app=[unknown],client=[local] LOG:  connection authorized: user=Secret database=databasesecret application_name=pg_isready
2025-12-19 10:47:48 GMT [6944]: [3-1] user=Secret,db=databasesecret,app=pg_isready,client=[local] LOG:  disconnection: session time: 0:00:00.001 user=Secret database=databasesecret host=[local]
2025-12-19 10:47:58 GMT [6953]: [1-1] user=[unknown],db=[unknown],app=[unknown],client=[local] LOG:  connection received: host=[local]
2025-12-19 10:47:58 GMT [6953]: [2-1] user=Secret,db=databasesecret,app=[unknown],client=[local] LOG:  connection authorized: user=Secret database=databasesecret application_name=pg_isready
2025-12-19 10:47:58 GMT [6953]: [3-1] user=Secret,db=databasesecret,app=pg_isready,client=[local] LOG:  disconnection: session time: 0:00:00.001 user=Secret database=databasesecret host=[local]
2025-12-19 10:48:08 GMT [6961]: [1-1] user=[unknown],db=[unknown],app=[unknown],client=[local] LOG:  connection received: host=[local]
2025-12-19 10:48:08 GMT [6961]: [2-1] user=Secret,db=databasesecret,app=[unknown],client=[local] LOG:  connection authorized: user=Secret database=databasesecret application_name=pg_isready
2025-12-19 10:48:08 GMT [6961]: [3-1] user=Secret,db=databasesecret,app=pg_isready,client=[local] LOG:  disconnection: session time: 0:00:00.001 user=Secret database=databasesecret host=[local]
2025-12-19 10:48:21 GMT [6969]: [1-1] user=[unknown],db=[unknown],app=[unknown],client=[local] LOG:  connection received: host=[local]
2025-12-19 10:48:21 GMT [6969]: [2-1] user=Secret,db=databasesecret,app=[unknown],client=[local] LOG:  connection authorized: user=Secret database=databasesecret application_name=pg_isready
2025-12-19 10:48:21 GMT [6969]: [3-1] user=Secret,db=databasesecret,app=pg_isready,client=[local] LOG:  disconnection: session time: 0:00:00.001 user=Secret database=databasesecret host=[local]
2025-12-19 10:48:31 GMT [6977]: [1-1] user=[unknown],db=[unknown],app=[unknown],client=[local] LOG:  connection received: host=[local]
2025-12-19 10:48:31 GMT [6977]: [2-1] user=Secret,db=databasesecret,app=[unknown],client=[local] LOG:  connection authorized: user=Secret database=databasesecret application_name=pg_isready
2025-12-19 10:48:31 GMT [6977]: [3-1] user=Secret,db=databasesecret,app=pg_isready,client=[local] LOG:  disconnection: session time: 0:00:00.001 user=Secret database=databasesecret host=[local]
2025-12-19 10:48:41 GMT [6985]: [1-1] user=[unknown],db=[unknown],app=[unknown],client=[local] LOG:  connection received: host=[local]
2025-12-19 10:48:41 GMT [6985]: [2-1] user=Secret,db=databasesecret,app=[unknown],client=[local] LOG:  connection authorized: user=Secret database=databasesecret application_name=pg_isready
2025-12-19 10:48:41 GMT [6985]: [3-1] user=Secret,db=databasesecret,app=pg_isready,client=[local] LOG:  disconnection: session time: 0:00:00.002 user=Secret database=databasesecret host=[local]
2025-12-19 10:48:53 GMT [6993]: [1-1] user=[unknown],db=[unknown],app=[unknown],client=[local] LOG:  connection received: host=[local]
2025-12-19 10:48:53 GMT [6993]: [2-1] user=Secret,db=databasesecret,app=[unknown],client=[local] LOG:  connection authorized: user=Secret database=databasesecret application_name=pg_isready
2025-12-19 10:48:53 GMT [6993]: [3-1] user=Secret,db=databasesecret,app=pg_isready,client=[local] LOG:  disconnection: session time: 0:00:00.002 user=Secret database=databasesecret host=[local]
2025-12-19 10:49:03 GMT [7002]: [1-1] user=[unknown],db=[unknown],app=[unknown],client=[local] LOG:  connection received: host=[local]
2025-12-19 10:49:03 GMT [7002]: [2-1] user=Secret,db=databasesecret,app=[unknown],client=[local] LOG:  connection authorized: user=Secret database=databasesecret application_name=pg_isready
2025-12-19 10:49:03 GMT [7002]: [3-1] user=Secret,db=databasesecret,app=pg_isready,client=[local] LOG:  disconnection: session time: 0:00:00.001 user=Secret database=databasesecret host=[local]
2025-12-19 10:49:13 GMT [7010]: [1-1] user=[unknown],db=[unknown],app=[unknown],client=[local] LOG:  connection received: host=[local]
2025-12-19 10:49:13 GMT [7010]: [2-1] user=Secret,db=databasesecret,app=[unknown],client=[local] LOG:  connection authorized: user=Secret database=databasesecret application_name=pg_isready
2025-12-19 10:49:13 GMT [7010]: [3-1] user=Secret,db=databasesecret,app=pg_isready,client=[local] LOG:  disconnection: session time: 0:00:00.001 user=Secret database=databasesecret host=[local]
2025-12-19 10:49:25 GMT [7018]: [1-1] user=[unknown],db=[unknown],app=[unknown],client=[local] LOG:  connection received: host=[local]
2025-12-19 10:49:25 GMT [7018]: [2-1] user=Secret,db=databasesecret,app=[unknown],client=[local] LOG:  connection authorized: user=Secret database=databasesecret application_name=pg_isready
2025-12-19 10:49:25 GMT [7018]: [3-1] user=Secret,db=databasesecret,app=pg_isready,client=[local] LOG:  disconnection: session time: 0:00:00.001 user=Secret database=databasesecret host=[local]
2025-12-19 10:49:35 GMT [7026]: [1-1] user=[unknown],db=[unknown],app=[unknown],client=[local] LOG:  connection received: host=[local]
2025-12-19 10:49:35 GMT [7026]: [2-1] user=Secret,db=databasesecret,app=[unknown],client=[local] LOG:  connection authorized: user=Secret database=databasesecret application_name=pg_isready
2025-12-19 10:49:35 GMT [7026]: [3-1] user=Secret,db=databasesecret,app=pg_isready,client=[local] LOG:  disconnection: session time: 0:00:00.001 user=Secret database=databasesecret host=[local]
2025-12-19 10:49:45 GMT [7034]: [1-1] user=[unknown],db=[unknown],app=[unknown],client=[local] LOG:  connection received: host=[local]
2025-12-19 10:49:45 GMT [7034]: [2-1] user=Secret,db=databasesecret,app=[unknown],client=[local] LOG:  connection authorized: user=Secret database=databasesecret application_name=pg_isready
2025-12-19 10:49:45 GMT [7034]: [3-1] user=Secret,db=databasesecret,app=pg_isready,client=[local] LOG:  disconnection: session time: 0:00:00.002 user=Secret database=databasesecret host=[local]
2025-12-19 10:49:57 GMT [7042]: [1-1] user=[unknown],db=[unknown],app=[unknown],client=[local] LOG:  connection received: host=[local]
2025-12-19 10:49:57 GMT [7042]: [2-1] user=Secret,db=databasesecret,app=[unknown],client=[local] LOG:  connection authorized: user=Secret database=databasesecret application_name=pg_isready
2025-12-19 10:49:57 GMT [7042]: [3-1] user=Secret,db=databasesecret,app=pg_isready,client=[local] LOG:  disconnection: session time: 0:00:00.001 user=Secret database=databasesecret host=[local]
2025-12-19 10:50:07 GMT [7051]: [1-1] user=[unknown],db=[unknown],app=[unknown],client=[local] LOG:  connection received: host=[local]
2025-12-19 10:50:07 GMT [7051]: [2-1] user=Secret,db=databasesecret,app=[unknown],client=[local] LOG:  connection authorized: user=Secret database=databasesecret application_name=pg_isready
2025-12-19 10:50:07 GMT [7051]: [3-1] user=Secret,db=databasesecret,app=pg_isready,client=[local] LOG:  disconnection: session time: 0:00:00.001 user=Secret database=databasesecret host=[local]
2025-12-19 10:50:17 GMT [7059]: [1-1] user=[unknown],db=[unknown],app=[unknown],client=[local] LOG:  connection received: host=[local]
2025-12-19 10:50:17 GMT [7059]: [2-1] user=Secret,db=databasesecret,app=[unknown],client=[local] LOG:  connection authorized: user=Secret database=databasesecret application_name=pg_isready
2025-12-19 10:50:17 GMT [7059]: [3-1] user=Secret,db=databasesecret,app=pg_isready,client=[local] LOG:  disconnection: session time: 0:00:00.001 user=Secret database=databasesecret host=[local]
2025-12-19 10:50:30 GMT [7067]: [1-1] user=[unknown],db=[unknown],app=[unknown],client=[local] LOG:  connection received: host=[local]
2025-12-19 10:50:30 GMT [7067]: [2-1] user=Secret,db=databasesecret,app=[unknown],client=[local] LOG:  connection authorized: user=Secret database=databasesecret application_name=pg_isready
2025-12-19 10:50:30 GMT [7067]: [3-1] user=Secret,db=databasesecret,app=pg_isready,client=[local] LOG:  disconnection: session time: 0:00:00.001 user=Secret database=databasesecret host=[local]
2025-12-19 10:50:40 GMT [7075]: [1-1] user=[unknown],db=[unknown],app=[unknown],client=[local] LOG:  connection received: host=[local]
2025-12-19 10:50:40 GMT [7075]: [2-1] user=Secret,db=databasesecret,app=[unknown],client=[local] LOG:  connection authorized: user=Secret database=databasesecret application_name=pg_isready
2025-12-19 10:50:40 GMT [7075]: [3-1] user=Secret,db=databasesecret,app=pg_isready,client=[local] LOG:  disconnection: session time: 0:00:00.001 user=Secret database=databasesecret host=[local]
2025-12-19 10:50:50 GMT [7083]: [1-1] user=[unknown],db=[unknown],app=[unknown],client=[local] LOG:  connection received: host=[local]
2025-12-19 10:50:50 GMT [7083]: [2-1] user=Secret,db=databasesecret,app=[unknown],client=[local] LOG:  connection authorized: user=Secret database=databasesecret application_name=pg_isready
2025-12-19 10:50:50 GMT [7083]: [3-1] user=Secret,db=databasesecret,app=pg_isready,client=[local] LOG:  disconnection: session time: 0:00:00.002 user=Secret database=databasesecret host=[local]
2025-12-19 10:51:02 GMT [7091]: [1-1] user=[unknown],db=[unknown],app=[unknown],client=[local] LOG:  connection received: host=[local]
2025-12-19 10:51:02 GMT [7091]: [2-1] user=Secret,db=databasesecret,app=[unknown],client=[local] LOG:  connection authorized: user=Secret database=databasesecret application_name=pg_isready
2025-12-19 10:51:02 GMT [7091]: [3-1] user=Secret,db=databasesecret,app=pg_isready,client=[local] LOG:  disconnection: session time: 0:00:00.001 user=Secret database=databasesecret host=[local]
2025-12-19 10:51:12 GMT [7100]: [1-1] user=[unknown],db=[unknown],app=[unknown],client=[local] LOG:  connection received: host=[local]
2025-12-19 10:51:12 GMT [7100]: [2-1] user=Secret,db=databasesecret,app=[unknown],client=[local] LOG:  connection authorized: user=Secret database=databasesecret application_name=pg_isready
2025-12-19 10:51:12 GMT [7100]: [3-1] user=Secret,db=databasesecret,app=pg_isready,client=[local] LOG:  disconnection: session time: 0:00:00.001 user=Secret database=databasesecret host=[local]
2025-12-19 10:51:22 GMT [7108]: [1-1] user=[unknown],db=[unknown],app=[unknown],client=[local] LOG:  connection received: host=[local]
2025-12-19 10:51:22 GMT [7108]: [2-1] user=Secret,db=databasesecret,app=[unknown],client=[local] LOG:  connection authorized: user=Secret database=databasesecret application_name=pg_isready
2025-12-19 10:51:22 GMT [7108]: [3-1] user=Secret,db=databasesecret,app=pg_isready,client=[local] LOG:  disconnection: session time: 0:00:00.001 user=Secret database=databasesecret host=[local]
2025-12-19 10:51:34 GMT [7116]: [1-1] user=[unknown],db=[unknown],app=[unknown],client=[local] LOG:  connection received: host=[local]
2025-12-19 10:51:34 GMT [7116]: [2-1] user=Secret,db=databasesecret,app=[unknown],client=[local] LOG:  connection authorized: user=Secret database=databasesecret application_name=pg_isready
2025-12-19 10:51:34 GMT [7116]: [3-1] user=Secret,db=databasesecret,app=pg_isready,client=[local] LOG:  disconnection: session time: 0:00:00.001 user=Secret database=databasesecret host=[local]
2025-12-19 10:51:44 GMT [7124]: [1-1] user=[unknown],db=[unknown],app=[unknown],client=[local] LOG:  connection received: host=[local]
2025-12-19 10:51:44 GMT [7124]: [2-1] user=Secret,db=databasesecret,app=[unknown],client=[local] LOG:  connection authorized: user=Secret database=databasesecret application_name=pg_isready
2025-12-19 10:51:44 GMT [7124]: [3-1] user=Secret,db=databasesecret,app=pg_isready,client=[local] LOG:  disconnection: session time: 0:00:00.001 user=Secret database=databasesecret host=[local]
2025-12-19 10:51:54 GMT [7132]: [1-1] user=[unknown],db=[unknown],app=[unknown],client=[local] LOG:  connection received: host=[local]
2025-12-19 10:51:54 GMT [7132]: [2-1] user=Secret,db=databasesecret,app=[unknown],client=[local] LOG:  connection authorized: user=Secret database=databasesecret application_name=pg_isready
2025-12-19 10:51:54 GMT [7132]: [3-1] user=Secret,db=databasesecret,app=pg_isready,client=[local] LOG:  disconnection: session time: 0:00:00.001 user=Secret database=databasesecret host=[local]
2025-12-19 10:52:06 GMT [7140]: [1-1] user=[unknown],db=[unknown],app=[unknown],client=[local] LOG:  connection received: host=[local]
2025-12-19 10:52:06 GMT [7140]: [2-1] user=Secret,db=databasesecret,app=[unknown],client=[local] LOG:  connection authorized: user=Secret database=databasesecret application_name=pg_isready
2025-12-19 10:52:06 GMT [7140]: [3-1] user=Secret,db=databasesecret,app=pg_isready,client=[local] LOG:  disconnection: session time: 0:00:00.001 user=Secret database=databasesecret host=[local]
2025-12-19 10:52:16 GMT [7149]: [1-1] user=[unknown],db=[unknown],app=[unknown],client=[local] LOG:  connection received: host=[local]
2025-12-19 10:52:16 GMT [7149]: [2-1] user=Secret,db=databasesecret,app=[unknown],client=[local] LOG:  connection authorized: user=Secret database=databasesecret application_name=pg_isready
2025-12-19 10:52:16 GMT [7149]: [3-1] user=Secret,db=databasesecret,app=pg_isready,client=[local] LOG:  disconnection: session time: 0:00:00.001 user=Secret database=databasesecret host=[local]
2025-12-19 10:52:26 GMT [7157]: [1-1] user=[unknown],db=[unknown],app=[unknown],client=[local] LOG:  connection received: host=[local]
2025-12-19 10:52:26 GMT [7157]: [2-1] user=Secret,db=databasesecret,app=[unknown],client=[local] LOG:  connection authorized: user=Secret database=databasesecret application_name=pg_isready
2025-12-19 10:52:26 GMT [7157]: [3-1] user=Secret,db=databasesecret,app=pg_isready,client=[local] LOG:  disconnection: session time: 0:00:00.001 user=Secret database=databasesecret host=[local]
2025-12-19 10:52:37 GMT [7165]: [1-1] user=[unknown],db=[unknown],app=[unknown],client=[local] LOG:  connection received: host=[local]
2025-12-19 10:52:37 GMT [7165]: [2-1] user=Secret,db=databasesecret,app=[unknown],client=[local] LOG:  connection authorized: user=Secret database=databasesecret application_name=pg_isready
2025-12-19 10:52:37 GMT [7165]: [3-1] user=Secret,db=databasesecret,app=pg_isready,client=[local] LOG:  disconnection: session time: 0:00:00.001 user=Secret database=databasesecret host=[local]
2025-12-19 10:52:53 GMT [7173]: [1-1] user=[unknown],db=[unknown],app=[unknown],client=[local] LOG:  connection received: host=[local]
2025-12-19 10:52:53 GMT [7173]: [2-1] user=Secret,db=databasesecret,app=[unknown],client=[local] LOG:  connection authorized: user=Secret database=databasesecret application_name=pg_isready
2025-12-19 10:52:53 GMT [7173]: [3-1] user=Secret,db=databasesecret,app=pg_isready,client=[local] LOG:  disconnection: session time: 0:00:00.001 user=Secret database=databasesecret host=[local]
2025-12-19 10:53:03 GMT [7181]: [1-1] user=[unknown],db=[unknown],app=[unknown],client=[local] LOG:  connection received: host=[local]
2025-12-19 10:53:03 GMT [7181]: [2-1] user=Secret,db=databasesecret,app=[unknown],client=[local] LOG:  connection authorized: user=Secret database=databasesecret application_name=pg_isready
2025-12-19 10:53:03 GMT [7181]: [3-1] user=Secret,db=databasesecret,app=pg_isready,client=[local] LOG:  disconnection: session time: 0:00:00.002 user=Secret database=databasesecret host=[local]
2025-12-19 10:53:09 GMT [7189]: [1-1] user=[unknown],db=[unknown],app=[unknown],client=[local] LOG:  connection received: host=[local]
2025-12-19 10:53:09 GMT [7189]: [2-1] user=Secret,db=databasesecret,app=[unknown],client=[local] LOG:  connection authorized: user=Secret database=databasesecret application_name=pg_isready
2025-12-19 10:53:09 GMT [7189]: [3-1] user=Secret,db=databasesecret,app=pg_isready,client=[local] LOG:  disconnection: session time: 0:00:00.001 user=Secret database=databasesecret host=[local]
2025-12-19 10:53:19 GMT [7198]: [1-1] user=[unknown],db=[unknown],app=[unknown],client=[local] LOG:  connection received: host=[local]
2025-12-19 10:53:19 GMT [7198]: [2-1] user=Secret,db=databasesecret,app=[unknown],client=[local] LOG:  connection authorized: user=Secret database=databasesecret application_name=pg_isready
2025-12-19 10:53:19 GMT [7198]: [3-1] user=Secret,db=databasesecret,app=pg_isready,client=[local] LOG:  disconnection: session time: 0:00:00.001 user=Secret database=databasesecret host=[local]
2025-12-19 10:53:29 GMT [7206]: [1-1] user=[unknown],db=[unknown],app=[unknown],client=[local] LOG:  connection received: host=[local]
2025-12-19 10:53:29 GMT [7206]: [2-1] user=Secret,db=databasesecret,app=[unknown],client=[local] LOG:  connection authorized: user=Secret database=databasesecret application_name=pg_isready
2025-12-19 10:53:29 GMT [7206]: [3-1] user=Secret,db=databasesecret,app=pg_isready,client=[local] LOG:  disconnection: session time: 0:00:00.001 user=Secret database=databasesecret host=[local]
2025-12-19 10:53:40 GMT [7214]: [1-1] user=[unknown],db=[unknown],app=[unknown],client=[local] LOG:  connection received: host=[local]
2025-12-19 10:53:40 GMT [7214]: [2-1] user=Secret,db=databasesecret,app=[unknown],client=[local] LOG:  connection authorized: user=Secret database=databasesecret application_name=pg_isready
2025-12-19 10:53:40 GMT [7214]: [3-1] user=Secret,db=databasesecret,app=pg_isready,client=[local] LOG:  disconnection: session time: 0:00:00.002 user=Secret database=databasesecret host=[local]
2025-12-19 10:53:50 GMT [7222]: [1-1] user=[unknown],db=[unknown],app=[unknown],client=[local] LOG:  connection received: host=[local]
2025-12-19 10:53:50 GMT [7222]: [2-1] user=Secret,db=databasesecret,app=[unknown],client=[local] LOG:  connection authorized: user=Secret database=databasesecret application_name=pg_isready
2025-12-19 10:53:50 GMT [7222]: [3-1] user=Secret,db=databasesecret,app=pg_isready,client=[local] LOG:  disconnection: session time: 0:00:00.003 user=Secret database=databasesecret host=[local]
2025-12-19 10:54:00 GMT [7230]: [1-1] user=[unknown],db=[unknown],app=[unknown],client=[local] LOG:  connection received: host=[local]
2025-12-19 10:54:00 GMT [7230]: [2-1] user=Secret,db=databasesecret,app=[unknown],client=[local] LOG:  connection authorized: user=Secret database=databasesecret application_name=pg_isready
2025-12-19 10:54:00 GMT [7230]: [3-1] user=Secret,db=databasesecret,app=pg_isready,client=[local] LOG:  disconnection: session time: 0:00:00.001 user=Secret database=databasesecret host=[local]
2025-12-19 10:54:10 GMT [7238]: [1-1] user=[unknown],db=[unknown],app=[unknown],client=[local] LOG:  connection received: host=[local]
2025-12-19 10:54:10 GMT [7238]: [2-1] user=Secret,db=databasesecret,app=[unknown],client=[local] LOG:  connection authorized: user=Secret database=databasesecret application_name=pg_isready
2025-12-19 10:54:10 GMT [7238]: [3-1] user=Secret,db=databasesecret,app=pg_isready,client=[local] LOG:  disconnection: session time: 0:00:00.002 user=Secret database=databasesecret host=[local]
2025-12-19 10:54:22 GMT [7247]: [1-1] user=[unknown],db=[unknown],app=[unknown],client=[local] LOG:  connection received: host=[local]
2025-12-19 10:54:22 GMT [7247]: [2-1] user=Secret,db=databasesecret,app=[unknown],client=[local] LOG:  connection authorized: user=Secret database=databasesecret application_name=pg_isready
2025-12-19 10:54:22 GMT [7247]: [3-1] user=Secret,db=databasesecret,app=pg_isready,client=[local] LOG:  disconnection: session time: 0:00:00.001 user=Secret database=databasesecret host=[local]
2025-12-19 10:54:32 GMT [7255]: [1-1] user=[unknown],db=[unknown],app=[unknown],client=[local] LOG:  connection received: host=[local]
2025-12-19 10:54:32 GMT [7255]: [2-1] user=Secret,db=databasesecret,app=[unknown],client=[local] LOG:  connection authorized: user=Secret database=databasesecret application_name=pg_isready
2025-12-19 10:54:32 GMT [7255]: [3-1] user=Secret,db=databasesecret,app=pg_isready,client=[local] LOG:  disconnection: session time: 0:00:00.001 user=Secret database=databasesecret host=[local]
2025-12-19 10:54:43 GMT [7263]: [1-1] user=[unknown],db=[unknown],app=[unknown],client=[local] LOG:  connection received: host=[local]
2025-12-19 10:54:43 GMT [7263]: [2-1] user=Secret,db=databasesecret,app=[unknown],client=[local] LOG:  connection authorized: user=Secret database=databasesecret application_name=pg_isready
2025-12-19 10:54:43 GMT [7263]: [3-1] user=Secret,db=databasesecret,app=pg_isready,client=[local] LOG:  disconnection: session time: 0:00:00.001 user=Secret database=databasesecret host=[local]
2025-12-19 10:54:53 GMT [7271]: [1-1] user=[unknown],db=[unknown],app=[unknown],client=[local] LOG:  connection received: host=[local]
2025-12-19 10:54:53 GMT [7271]: [2-1] user=Secret,db=databasesecret,app=[unknown],client=[local] LOG:  connection authorized: user=Secret database=databasesecret application_name=pg_isready
2025-12-19 10:54:53 GMT [7271]: [3-1] user=Secret,db=databasesecret,app=pg_isready,client=[local] LOG:  disconnection: session time: 0:00:00.001 user=Secret database=databasesecret host=[local]
2025-12-19 10:55:03 GMT [7279]: [1-1] user=[unknown],db=[unknown],app=[unknown],client=[local] LOG:  connection received: host=[local]
2025-12-19 10:55:03 GMT [7279]: [2-1] user=Secret,db=databasesecret,app=[unknown],client=[local] LOG:  connection authorized: user=Secret database=databasesecret application_name=pg_isready
2025-12-19 10:55:03 GMT [7279]: [3-1] user=Secret,db=databasesecret,app=pg_isready,client=[local] LOG:  disconnection: session time: 0:00:00.001 user=Secret database=databasesecret host=[local]
2025-12-19 10:55:15 GMT [7287]: [1-1] user=[unknown],db=[unknown],app=[unknown],client=[local] LOG:  connection received: host=[local]
2025-12-19 10:55:15 GMT [7287]: [2-1] user=Secret,db=databasesecret,app=[unknown],client=[local] LOG:  connection authorized: user=Secret database=databasesecret application_name=pg_isready
2025-12-19 10:55:15 GMT [7287]: [3-1] user=Secret,db=databasesecret,app=pg_isready,client=[local] LOG:  disconnection: session time: 0:00:00.001 user=Secret database=databasesecret host=[local]
2025-12-19 10:55:25 GMT [7296]: [1-1] user=[unknown],db=[unknown],app=[unknown],client=[local] LOG:  connection received: host=[local]
2025-12-19 10:55:25 GMT [7296]: [2-1] user=Secret,db=databasesecret,app=[unknown],client=[local] LOG:  connection authorized: user=Secret database=databasesecret application_name=pg_isready
2025-12-19 10:55:25 GMT [7296]: [3-1] user=Secret,db=databasesecret,app=pg_isready,client=[local] LOG:  disconnection: session time: 0:00:00.001 user=Secret database=databasesecret host=[local]
2025-12-19 10:55:37 GMT [7304]: [1-1] user=[unknown],db=[unknown],app=[unknown],client=[local] LOG:  connection received: host=[local]
2025-12-19 10:55:37 GMT [7304]: [2-1] user=Secret,db=databasesecret,app=[unknown],client=[local] LOG:  connection authorized: user=Secret database=databasesecret application_name=pg_isready
2025-12-19 10:55:37 GMT [7304]: [3-1] user=Secret,db=databasesecret,app=pg_isready,client=[local] LOG:  disconnection: session time: 0:00:00.001 user=Secret database=databasesecret host=[local]
2025-12-19 10:55:47 GMT [7312]: [1-1] user=[unknown],db=[unknown],app=[unknown],client=[local] LOG:  connection received: host=[local]
2025-12-19 10:55:47 GMT [7312]: [2-1] user=Secret,db=databasesecret,app=[unknown],client=[local] LOG:  connection authorized: user=Secret database=databasesecret application_name=pg_isready
2025-12-19 10:55:47 GMT [7312]: [3-1] user=Secret,db=databasesecret,app=pg_isready,client=[local] LOG:  disconnection: session time: 0:00:00.001 user=Secret database=databasesecret host=[local]
2025-12-19 10:55:57 GMT [7320]: [1-1] user=[unknown],db=[unknown],app=[unknown],client=[local] LOG:  connection received: host=[local]
2025-12-19 10:55:57 GMT [7320]: [2-1] user=Secret,db=databasesecret,app=[unknown],client=[local] LOG:  connection authorized: user=Secret database=databasesecret application_name=pg_isready
2025-12-19 10:55:57 GMT [7320]: [3-1] user=Secret,db=databasesecret,app=pg_isready,client=[local] LOG:  disconnection: session time: 0:00:00.001 user=Secret database=databasesecret host=[local]
2025-12-19 10:56:09 GMT [7328]: [1-1] user=[unknown],db=[unknown],app=[unknown],client=[local] LOG:  connection received: host=[local]
2025-12-19 10:56:09 GMT [7328]: [2-1] user=Secret,db=databasesecret,app=[unknown],client=[local] LOG:  connection authorized: user=Secret database=databasesecret application_name=pg_isready
2025-12-19 10:56:09 GMT [7328]: [3-1] user=Secret,db=databasesecret,app=pg_isready,client=[local] LOG:  disconnection: session time: 0:00:00.001 user=Secret database=databasesecret host=[local]
2025-12-19 10:56:19 GMT [7336]: [1-1] user=[unknown],db=[unknown],app=[unknown],client=[local] LOG:  connection received: host=[local]
2025-12-19 10:56:19 GMT [7336]: [2-1] user=Secret,db=databasesecret,app=[unknown],client=[local] LOG:  connection authorized: user=Secret database=databasesecret application_name=pg_isready
2025-12-19 10:56:19 GMT [7336]: [3-1] user=Secret,db=databasesecret,app=pg_isready,client=[local] LOG:  disconnection: session time: 0:00:00.001 user=Secret database=databasesecret host=[local]
2025-12-19 10:56:29 GMT [7345]: [1-1] user=[unknown],db=[unknown],app=[unknown],client=[local] LOG:  connection received: host=[local]
2025-12-19 10:56:29 GMT [7345]: [2-1] user=Secret,db=databasesecret,app=[unknown],client=[local] LOG:  connection authorized: user=Secret database=databasesecret application_name=pg_isready
2025-12-19 10:56:29 GMT [7345]: [3-1] user=Secret,db=databasesecret,app=pg_isready,client=[local] LOG:  disconnection: session time: 0:00:00.001 user=Secret database=databasesecret host=[local]
2025-12-19 10:56:41 GMT [7353]: [1-1] user=[unknown],db=[unknown],app=[unknown],client=[local] LOG:  connection received: host=[local]
2025-12-19 10:56:41 GMT [7353]: [2-1] user=Secret,db=databasesecret,app=[unknown],client=[local] LOG:  connection authorized: user=Secret database=databasesecret application_name=pg_isready
2025-12-19 10:56:41 GMT [7353]: [3-1] user=Secret,db=databasesecret,app=pg_isready,client=[local] LOG:  disconnection: session time: 0:00:00.001 user=Secret database=databasesecret host=[local]
2025-12-19 10:56:51 GMT [7361]: [1-1] user=[unknown],db=[unknown],app=[unknown],client=[local] LOG:  connection received: host=[local]
2025-12-19 10:56:51 GMT [7361]: [2-1] user=Secret,db=databasesecret,app=[unknown],client=[local] LOG:  connection authorized: user=Secret database=databasesecret application_name=pg_isready
2025-12-19 10:56:51 GMT [7361]: [3-1] user=Secret,db=databasesecret,app=pg_isready,client=[local] LOG:  disconnection: session time: 0:00:00.002 user=Secret database=databasesecret host=[local]
2025-12-19 10:57:01 GMT [7369]: [1-1] user=[unknown],db=[unknown],app=[unknown],client=[local] LOG:  connection received: host=[local]
2025-12-19 10:57:01 GMT [7369]: [2-1] user=Secret,db=databasesecret,app=[unknown],client=[local] LOG:  connection authorized: user=Secret database=databasesecret application_name=pg_isready
2025-12-19 10:57:01 GMT [7369]: [3-1] user=Secret,db=databasesecret,app=pg_isready,client=[local] LOG:  disconnection: session time: 0:00:00.001 user=Secret database=databasesecret host=[local]
2025-12-19 10:57:13 GMT [7377]: [1-1] user=[unknown],db=[unknown],app=[unknown],client=[local] LOG:  connection received: host=[local]
2025-12-19 10:57:13 GMT [7377]: [2-1] user=Secret,db=databasesecret,app=[unknown],client=[local] LOG:  connection authorized: user=Secret database=databasesecret application_name=pg_isready
2025-12-19 10:57:13 GMT [7377]: [3-1] user=Secret,db=databasesecret,app=pg_isready,client=[local] LOG:  disconnection: session time: 0:00:00.001 user=Secret database=databasesecret host=[local]
2025-12-19 10:57:23 GMT [7385]: [1-1] user=[unknown],db=[unknown],app=[unknown],client=[local] LOG:  connection received: host=[local]
2025-12-19 10:57:23 GMT [7385]: [2-1] user=Secret,db=databasesecret,app=[unknown],client=[local] LOG:  connection authorized: user=Secret database=databasesecret application_name=pg_isready
2025-12-19 10:57:23 GMT [7385]: [3-1] user=Secret,db=databasesecret,app=pg_isready,client=[local] LOG:  disconnection: session time: 0:00:00.001 user=Secret database=databasesecret host=[local]
2025-12-19 10:57:33 GMT [7394]: [1-1] user=[unknown],db=[unknown],app=[unknown],client=[local] LOG:  connection received: host=[local]
2025-12-19 10:57:33 GMT [7394]: [2-1] user=Secret,db=databasesecret,app=[unknown],client=[local] LOG:  connection authorized: user=Secret database=databasesecret application_name=pg_isready
2025-12-19 10:57:33 GMT [7394]: [3-1] user=Secret,db=databasesecret,app=pg_isready,client=[local] LOG:  disconnection: session time: 0:00:00.002 user=Secret database=databasesecret host=[local]
2025-12-19 10:57:45 GMT [7402]: [1-1] user=[unknown],db=[unknown],app=[unknown],client=[local] LOG:  connection received: host=[local]
2025-12-19 10:57:45 GMT [7402]: [2-1] user=Secret,db=databasesecret,app=[unknown],client=[local] LOG:  connection authorized: user=Secret database=databasesecret application_name=pg_isready
2025-12-19 10:57:45 GMT [7402]: [3-1] user=Secret,db=databasesecret,app=pg_isready,client=[local] LOG:  disconnection: session time: 0:00:00.001 user=Secret database=databasesecret host=[local]
2025-12-19 10:57:55 GMT [7410]: [1-1] user=[unknown],db=[unknown],app=[unknown],client=[local] LOG:  connection received: host=[local]
2025-12-19 10:57:55 GMT [7410]: [2-1] user=Secret,db=databasesecret,app=[unknown],client=[local] LOG:  connection authorized: user=Secret database=databasesecret application_name=pg_isready
2025-12-19 10:57:55 GMT [7410]: [3-1] user=Secret,db=databasesecret,app=pg_isready,client=[local] LOG:  disconnection: session time: 0:00:00.001 user=Secret database=databasesecret host=[local]
2025-12-19 10:58:05 GMT [7418]: [1-1] user=[unknown],db=[unknown],app=[unknown],client=[local] LOG:  connection received: host=[local]
2025-12-19 10:58:05 GMT [7418]: [2-1] user=Secret,db=databasesecret,app=[unknown],client=[local] LOG:  connection authorized: user=Secret database=databasesecret application_name=pg_isready
2025-12-19 10:58:05 GMT [7418]: [3-1] user=Secret,db=databasesecret,app=pg_isready,client=[local] LOG:  disconnection: session time: 0:00:00.001 user=Secret database=databasesecret host=[local]
2025-12-19 10:58:17 GMT [7426]: [1-1] user=[unknown],db=[unknown],app=[unknown],client=[local] LOG:  connection received: host=[local]
2025-12-19 10:58:17 GMT [7426]: [2-1] user=Secret,db=databasesecret,app=[unknown],client=[local] LOG:  connection authorized: user=Secret database=databasesecret application_name=pg_isready
2025-12-19 10:58:17 GMT [7426]: [3-1] user=Secret,db=databasesecret,app=pg_isready,client=[local] LOG:  disconnection: session time: 0:00:00.004 user=Secret database=databasesecret host=[local]
2025-12-19 10:58:27 GMT [7434]: [1-1] user=[unknown],db=[unknown],app=[unknown],client=[local] LOG:  connection received: host=[local]
2025-12-19 10:58:27 GMT [7434]: [2-1] user=Secret,db=databasesecret,app=[unknown],client=[local] LOG:  connection authorized: user=Secret database=databasesecret application_name=pg_isready
2025-12-19 10:58:27 GMT [7434]: [3-1] user=Secret,db=databasesecret,app=pg_isready,client=[local] LOG:  disconnection: session time: 0:00:00.001 user=Secret database=databasesecret host=[local]
2025-12-19 10:58:37 GMT [7443]: [1-1] user=[unknown],db=[unknown],app=[unknown],client=[local] LOG:  connection received: host=[local]
2025-12-19 10:58:37 GMT [7443]: [2-1] user=Secret,db=databasesecret,app=[unknown],client=[local] LOG:  connection authorized: user=Secret database=databasesecret application_name=pg_isready
2025-12-19 10:58:37 GMT [7443]: [3-1] user=Secret,db=databasesecret,app=pg_isready,client=[local] LOG:  disconnection: session time: 0:00:00.001 user=Secret database=databasesecret host=[local]
2025-12-19 10:58:49 GMT [7451]: [1-1] user=[unknown],db=[unknown],app=[unknown],client=[local] LOG:  connection received: host=[local]
2025-12-19 10:58:49 GMT [7451]: [2-1] user=Secret,db=databasesecret,app=[unknown],client=[local] LOG:  connection authorized: user=Secret database=databasesecret application_name=pg_isready
2025-12-19 10:58:49 GMT [7451]: [3-1] user=Secret,db=databasesecret,app=pg_isready,client=[local] LOG:  disconnection: session time: 0:00:00.001 user=Secret database=databasesecret host=[local]
2025-12-19 10:58:59 GMT [7459]: [1-1] user=[unknown],db=[unknown],app=[unknown],client=[local] LOG:  connection received: host=[local]
2025-12-19 10:58:59 GMT [7459]: [2-1] user=Secret,db=databasesecret,app=[unknown],client=[local] LOG:  connection authorized: user=Secret database=databasesecret application_name=pg_isready
2025-12-19 10:58:59 GMT [7459]: [3-1] user=Secret,db=databasesecret,app=pg_isready,client=[local] LOG:  disconnection: session time: 0:00:00.001 user=Secret database=databasesecret host=[local]
2025-12-19 10:59:09 GMT [7467]: [1-1] user=[unknown],db=[unknown],app=[unknown],client=[local] LOG:  connection received: host=[local]
2025-12-19 10:59:09 GMT [7467]: [2-1] user=Secret,db=databasesecret,app=[unknown],client=[local] LOG:  connection authorized: user=Secret database=databasesecret application_name=pg_isready
2025-12-19 10:59:09 GMT [7467]: [3-1] user=Secret,db=databasesecret,app=pg_isready,client=[local] LOG:  disconnection: session time: 0:00:00.001 user=Secret database=databasesecret host=[local]
2025-12-19 10:59:21 GMT [7475]: [1-1] user=[unknown],db=[unknown],app=[unknown],client=[local] LOG:  connection received: host=[local]
2025-12-19 10:59:21 GMT [7475]: [2-1] user=Secret,db=databasesecret,app=[unknown],client=[local] LOG:  connection authorized: user=Secret database=databasesecret application_name=pg_isready
2025-12-19 10:59:21 GMT [7475]: [3-1] user=Secret,db=databasesecret,app=pg_isready,client=[local] LOG:  disconnection: session time: 0:00:00.001 user=Secret database=databasesecret host=[local]
2025-12-19 10:59:31 GMT [7483]: [1-1] user=[unknown],db=[unknown],app=[unknown],client=[local] LOG:  connection received: host=[local]
2025-12-19 10:59:31 GMT [7483]: [2-1] user=Secret,db=databasesecret,app=[unknown],client=[local] LOG:  connection authorized: user=Secret database=databasesecret application_name=pg_isready
2025-12-19 10:59:31 GMT [7483]: [3-1] user=Secret,db=databasesecret,app=pg_isready,client=[local] LOG:  disconnection: session time: 0:00:00.001 user=Secret database=databasesecret host=[local]
2025-12-19 10:59:41 GMT [7492]: [1-1] user=[unknown],db=[unknown],app=[unknown],client=[local] LOG:  connection received: host=[local]
2025-12-19 10:59:41 GMT [7492]: [2-1] user=Secret,db=databasesecret,app=[unknown],client=[local] LOG:  connection authorized: user=Secret database=databasesecret application_name=pg_isready
2025-12-19 10:59:41 GMT [7492]: [3-1] user=Secret,db=databasesecret,app=pg_isready,client=[local] LOG:  disconnection: session time: 0:00:00.002 user=Secret database=databasesecret host=[local]
2025-12-19 10:59:53 GMT [7500]: [1-1] user=[unknown],db=[unknown],app=[unknown],client=[local] LOG:  connection received: host=[local]
2025-12-19 10:59:53 GMT [7500]: [2-1] user=Secret,db=databasesecret,app=[unknown],client=[local] LOG:  connection authorized: user=Secret database=databasesecret application_name=pg_isready
2025-12-19 10:59:53 GMT [7500]: [3-1] user=Secret,db=databasesecret,app=pg_isready,client=[local] LOG:  disconnection: session time: 0:00:00.001 user=Secret database=databasesecret host=[local]
2025-12-19 11:00:03 GMT [7508]: [1-1] user=[unknown],db=[unknown],app=[unknown],client=[local] LOG:  connection received: host=[local]
2025-12-19 11:00:03 GMT [7508]: [2-1] user=Secret,db=databasesecret,app=[unknown],client=[local] LOG:  connection authorized: user=Secret database=databasesecret application_name=pg_isready
2025-12-19 11:00:03 GMT [7508]: [3-1] user=Secret,db=databasesecret,app=pg_isready,client=[local] LOG:  disconnection: session time: 0:00:00.002 user=Secret database=databasesecret host=[local]
2025-12-19 11:00:13 GMT [7516]: [1-1] user=[unknown],db=[unknown],app=[unknown],client=[local] LOG:  connection received: host=[local]
2025-12-19 11:00:13 GMT [7516]: [2-1] user=Secret,db=databasesecret,app=[unknown],client=[local] LOG:  connection authorized: user=Secret database=databasesecret application_name=pg_isready
2025-12-19 11:00:13 GMT [7516]: [3-1] user=Secret,db=databasesecret,app=pg_isready,client=[local] LOG:  disconnection: session time: 0:00:00.002 user=Secret database=databasesecret host=[local]
2025-12-19 11:00:25 GMT [7524]: [1-1] user=[unknown],db=[unknown],app=[unknown],client=[local] LOG:  connection received: host=[local]
2025-12-19 11:00:25 GMT [7524]: [2-1] user=Secret,db=databasesecret,app=[unknown],client=[local] LOG:  connection authorized: user=Secret database=databasesecret application_name=pg_isready
2025-12-19 11:00:25 GMT [7524]: [3-1] user=Secret,db=databasesecret,app=pg_isready,client=[local] LOG:  disconnection: session time: 0:00:00.001 user=Secret database=databasesecret host=[local]
2025-12-19 11:00:35 GMT [7532]: [1-1] user=[unknown],db=[unknown],app=[unknown],client=[local] LOG:  connection received: host=[local]
2025-12-19 11:00:35 GMT [7532]: [2-1] user=Secret,db=databasesecret,app=[unknown],client=[local] LOG:  connection authorized: user=Secret database=databasesecret application_name=pg_isready
2025-12-19 11:00:35 GMT [7532]: [3-1] user=Secret,db=databasesecret,app=pg_isready,client=[local] LOG:  disconnection: session time: 0:00:00.001 user=Secret database=databasesecret host=[local]
2025-12-19 11:00:45 GMT [7541]: [1-1] user=[unknown],db=[unknown],app=[unknown],client=[local] LOG:  connection received: host=[local]
2025-12-19 11:00:45 GMT [7541]: [2-1] user=Secret,db=databasesecret,app=[unknown],client=[local] LOG:  connection authorized: user=Secret database=databasesecret application_name=pg_isready
2025-12-19 11:00:45 GMT [7541]: [3-1] user=Secret,db=databasesecret,app=pg_isready,client=[local] LOG:  disconnection: session time: 0:00:00.001 user=Secret database=databasesecret host=[local]
2025-12-19 11:00:57 GMT [7549]: [1-1] user=[unknown],db=[unknown],app=[unknown],client=[local] LOG:  connection received: host=[local]
2025-12-19 11:00:57 GMT [7549]: [2-1] user=Secret,db=databasesecret,app=[unknown],client=[local] LOG:  connection authorized: user=Secret database=databasesecret application_name=pg_isready
2025-12-19 11:00:57 GMT [7549]: [3-1] user=Secret,db=databasesecret,app=pg_isready,client=[local] LOG:  disconnection: session time: 0:00:00.004 user=Secret database=databasesecret host=[local]
2025-12-19 11:01:07 GMT [7557]: [1-1] user=[unknown],db=[unknown],app=[unknown],client=[local] LOG:  connection received: host=[local]
2025-12-19 11:01:07 GMT [7557]: [2-1] user=Secret,db=databasesecret,app=[unknown],client=[local] LOG:  connection authorized: user=Secret database=databasesecret application_name=pg_isready
2025-12-19 11:01:07 GMT [7557]: [3-1] user=Secret,db=databasesecret,app=pg_isready,client=[local] LOG:  disconnection: session time: 0:00:00.001 user=Secret database=databasesecret host=[local]
2025-12-19 11:01:17 GMT [7565]: [1-1] user=[unknown],db=[unknown],app=[unknown],client=[local] LOG:  connection received: host=[local]
2025-12-19 11:01:17 GMT [7565]: [2-1] user=Secret,db=databasesecret,app=[unknown],client=[local] LOG:  connection authorized: user=Secret database=databasesecret application_name=pg_isready
2025-12-19 11:01:17 GMT [7565]: [3-1] user=Secret,db=databasesecret,app=pg_isready,client=[local] LOG:  disconnection: session time: 0:00:00.001 user=Secret database=databasesecret host=[local]
2025-12-19 11:01:29 GMT [7574]: [1-1] user=[unknown],db=[unknown],app=[unknown],client=[local] LOG:  connection received: host=[local]
2025-12-19 11:01:29 GMT [7574]: [2-1] user=Secret,db=databasesecret,app=[unknown],client=[local] LOG:  connection authorized: user=Secret database=databasesecret application_name=pg_isready
2025-12-19 11:01:29 GMT [7574]: [3-1] user=Secret,db=databasesecret,app=pg_isready,client=[local] LOG:  disconnection: session time: 0:00:00.001 user=Secret database=databasesecret host=[local]
2025-12-19 11:01:39 GMT [7583]: [1-1] user=[unknown],db=[unknown],app=[unknown],client=[local] LOG:  connection received: host=[local]
2025-12-19 11:01:39 GMT [7583]: [2-1] user=Secret,db=databasesecret,app=[unknown],client=[local] LOG:  connection authorized: user=Secret database=databasesecret application_name=pg_isready
2025-12-19 11:01:39 GMT [7583]: [3-1] user=Secret,db=databasesecret,app=pg_isready,client=[local] LOG:  disconnection: session time: 0:00:00.003 user=Secret database=databasesecret host=[local]
2025-12-19 11:01:49 GMT [7591]: [1-1] user=[unknown],db=[unknown],app=[unknown],client=[local] LOG:  connection received: host=[local]
2025-12-19 11:01:49 GMT [7591]: [2-1] user=Secret,db=databasesecret,app=[unknown],client=[local] LOG:  connection authorized: user=Secret database=databasesecret application_name=pg_isready
2025-12-19 11:01:49 GMT [7591]: [3-1] user=Secret,db=databasesecret,app=pg_isready,client=[local] LOG:  disconnection: session time: 0:00:00.001 user=Secret database=databasesecret host=[local]
2025-12-19 11:02:01 GMT [7599]: [1-1] user=[unknown],db=[unknown],app=[unknown],client=[local] LOG:  connection received: host=[local]
2025-12-19 11:02:01 GMT [7599]: [2-1] user=Secret,db=databasesecret,app=[unknown],client=[local] LOG:  connection authorized: user=Secret database=databasesecret application_name=pg_isready
2025-12-19 11:02:01 GMT [7599]: [3-1] user=Secret,db=databasesecret,app=pg_isready,client=[local] LOG:  disconnection: session time: 0:00:00.001 user=Secret database=databasesecret host=[local]
2025-12-19 11:02:11 GMT [7607]: [1-1] user=[unknown],db=[unknown],app=[unknown],client=[local] LOG:  connection received: host=[local]
2025-12-19 11:02:11 GMT [7607]: [2-1] user=Secret,db=databasesecret,app=[unknown],client=[local] LOG:  connection authorized: user=Secret database=databasesecret application_name=pg_isready
2025-12-19 11:02:11 GMT [7607]: [3-1] user=Secret,db=databasesecret,app=pg_isready,client=[local] LOG:  disconnection: session time: 0:00:00.001 user=Secret database=databasesecret host=[local]
2025-12-19 11:02:22 GMT [7615]: [1-1] user=[unknown],db=[unknown],app=[unknown],client=[local] LOG:  connection received: host=[local]
2025-12-19 11:02:22 GMT [7615]: [2-1] user=Secret,db=databasesecret,app=[unknown],client=[local] LOG:  connection authorized: user=Secret database=databasesecret application_name=pg_isready
2025-12-19 11:02:22 GMT [7615]: [3-1] user=Secret,db=databasesecret,app=pg_isready,client=[local] LOG:  disconnection: session time: 0:00:00.001 user=Secret database=databasesecret host=[local]
2025-12-19 11:02:33 GMT [7623]: [1-1] user=[unknown],db=[unknown],app=[unknown],client=[local] LOG:  connection received: host=[local]
2025-12-19 11:02:33 GMT [7623]: [2-1] user=Secret,db=databasesecret,app=[unknown],client=[local] LOG:  connection authorized: user=Secret database=databasesecret application_name=pg_isready
2025-12-19 11:02:33 GMT [7623]: [3-1] user=Secret,db=databasesecret,app=pg_isready,client=[local] LOG:  disconnection: session time: 0:00:00.001 user=Secret database=databasesecret host=[local]
2025-12-19 11:02:43 GMT [7632]: [1-1] user=[unknown],db=[unknown],app=[unknown],client=[local] LOG:  connection received: host=[local]
2025-12-19 11:02:43 GMT [7632]: [2-1] user=Secret,db=databasesecret,app=[unknown],client=[local] LOG:  connection authorized: user=Secret database=databasesecret application_name=pg_isready
2025-12-19 11:02:43 GMT [7632]: [3-1] user=Secret,db=databasesecret,app=pg_isready,client=[local] LOG:  disconnection: session time: 0:00:00.001 user=Secret database=databasesecret host=[local]
2025-12-19 11:02:53 GMT [7640]: [1-1] user=[unknown],db=[unknown],app=[unknown],client=[local] LOG:  connection received: host=[local]
2025-12-19 11:02:53 GMT [7640]: [2-1] user=Secret,db=databasesecret,app=[unknown],client=[local] LOG:  connection authorized: user=Secret database=databasesecret application_name=pg_isready
2025-12-19 11:02:53 GMT [7640]: [3-1] user=Secret,db=databasesecret,app=pg_isready,client=[local] LOG:  disconnection: session time: 0:00:00.001 user=Secret database=databasesecret host=[local]
2025-12-19 11:03:05 GMT [7648]: [1-1] user=[unknown],db=[unknown],app=[unknown],client=[local] LOG:  connection received: host=[local]
2025-12-19 11:03:05 GMT [7648]: [2-1] user=Secret,db=databasesecret,app=[unknown],client=[local] LOG:  connection authorized: user=Secret database=databasesecret application_name=pg_isready
2025-12-19 11:03:05 GMT [7648]: [3-1] user=Secret,db=databasesecret,app=pg_isready,client=[local] LOG:  disconnection: session time: 0:00:00.001 user=Secret database=databasesecret host=[local]
2025-12-19 11:03:16 GMT [7656]: [1-1] user=[unknown],db=[unknown],app=[unknown],client=[local] LOG:  connection received: host=[local]
2025-12-19 11:03:16 GMT [7656]: [2-1] user=Secret,db=databasesecret,app=[unknown],client=[local] LOG:  connection authorized: user=Secret database=databasesecret application_name=pg_isready
2025-12-19 11:03:16 GMT [7656]: [3-1] user=Secret,db=databasesecret,app=pg_isready,client=[local] LOG:  disconnection: session time: 0:00:00.001 user=Secret database=databasesecret host=[local]
2025-12-19 11:03:26 GMT [7665]: [1-1] user=[unknown],db=[unknown],app=[unknown],client=[local] LOG:  connection received: host=[local]
2025-12-19 11:03:26 GMT [7665]: [2-1] user=Secret,db=databasesecret,app=[unknown],client=[local] LOG:  connection authorized: user=Secret database=databasesecret application_name=pg_isready
2025-12-19 11:03:26 GMT [7665]: [3-1] user=Secret,db=databasesecret,app=pg_isready,client=[local] LOG:  disconnection: session time: 0:00:00.001 user=Secret database=databasesecret host=[local]
2025-12-19 11:03:38 GMT [7673]: [1-1] user=[unknown],db=[unknown],app=[unknown],client=[local] LOG:  connection received: host=[local]
2025-12-19 11:03:38 GMT [7673]: [2-1] user=Secret,db=databasesecret,app=[unknown],client=[local] LOG:  connection authorized: user=Secret database=databasesecret application_name=pg_isready
2025-12-19 11:03:38 GMT [7673]: [3-1] user=Secret,db=databasesecret,app=pg_isready,client=[local] LOG:  disconnection: session time: 0:00:00.001 user=Secret database=databasesecret host=[local]
2025-12-19 11:03:48 GMT [7682]: [1-1] user=[unknown],db=[unknown],app=[unknown],client=[local] LOG:  connection received: host=[local]
2025-12-19 11:03:48 GMT [7682]: [2-1] user=Secret,db=databasesecret,app=[unknown],client=[local] LOG:  connection authorized: user=Secret database=databasesecret application_name=pg_isready
2025-12-19 11:03:48 GMT [7682]: [3-1] user=Secret,db=databasesecret,app=pg_isready,client=[local] LOG:  disconnection: session time: 0:00:00.001 user=Secret database=databasesecret host=[local]
2025-12-19 11:03:58 GMT [7690]: [1-1] user=[unknown],db=[unknown],app=[unknown],client=[local] LOG:  connection received: host=[local]
2025-12-19 11:03:58 GMT [7690]: [2-1] user=Secret,db=databasesecret,app=[unknown],client=[local] LOG:  connection authorized: user=Secret database=databasesecret application_name=pg_isready
2025-12-19 11:03:58 GMT [7690]: [3-1] user=Secret,db=databasesecret,app=pg_isready,client=[local] LOG:  disconnection: session time: 0:00:00.001 user=Secret database=databasesecret host=[local]
2025-12-19 11:04:10 GMT [7698]: [1-1] user=[unknown],db=[unknown],app=[unknown],client=[local] LOG:  connection received: host=[local]
2025-12-19 11:04:10 GMT [7698]: [2-1] user=Secret,db=databasesecret,app=[unknown],client=[local] LOG:  connection authorized: user=Secret database=databasesecret application_name=pg_isready
2025-12-19 11:04:10 GMT [7698]: [3-1] user=Secret,db=databasesecret,app=pg_isready,client=[local] LOG:  disconnection: session time: 0:00:00.002 user=Secret database=databasesecret host=[local]
2025-12-19 11:04:20 GMT [7706]: [1-1] user=[unknown],db=[unknown],app=[unknown],client=[local] LOG:  connection received: host=[local]
2025-12-19 11:04:20 GMT [7706]: [2-1] user=Secret,db=databasesecret,app=[unknown],client=[local] LOG:  connection authorized: user=Secret database=databasesecret application_name=pg_isready
2025-12-19 11:04:20 GMT [7706]: [3-1] user=Secret,db=databasesecret,app=pg_isready,client=[local] LOG:  disconnection: session time: 0:00:00.001 user=Secret database=databasesecret host=[local]
2025-12-19 11:04:30 GMT [7714]: [1-1] user=[unknown],db=[unknown],app=[unknown],client=[local] LOG:  connection received: host=[local]
2025-12-19 11:04:30 GMT [7714]: [2-1] user=Secret,db=databasesecret,app=[unknown],client=[local] LOG:  connection authorized: user=Secret database=databasesecret application_name=pg_isready
2025-12-19 11:04:30 GMT [7714]: [3-1] user=Secret,db=databasesecret,app=pg_isready,client=[local] LOG:  disconnection: session time: 0:00:00.001 user=Secret database=databasesecret host=[local]
2025-12-19 11:04:42 GMT [7722]: [1-1] user=[unknown],db=[unknown],app=[unknown],client=[local] LOG:  connection received: host=[local]
2025-12-19 11:04:42 GMT [7722]: [2-1] user=Secret,db=databasesecret,app=[unknown],client=[local] LOG:  connection authorized: user=Secret database=databasesecret application_name=pg_isready
2025-12-19 11:04:42 GMT [7722]: [3-1] user=Secret,db=databasesecret,app=pg_isready,client=[local] LOG:  disconnection: session time: 0:00:00.001 user=Secret database=databasesecret host=[local]
2025-12-19 11:04:52 GMT [7731]: [1-1] user=[unknown],db=[unknown],app=[unknown],client=[local] LOG:  connection received: host=[local]
2025-12-19 11:04:52 GMT [7731]: [2-1] user=Secret,db=databasesecret,app=[unknown],client=[local] LOG:  connection authorized: user=Secret database=databasesecret application_name=pg_isready
2025-12-19 11:04:52 GMT [7731]: [3-1] user=Secret,db=databasesecret,app=pg_isready,client=[local] LOG:  disconnection: session time: 0:00:00.002 user=Secret database=databasesecret host=[local]
2025-12-19 11:05:02 GMT [7739]: [1-1] user=[unknown],db=[unknown],app=[unknown],client=[local] LOG:  connection received: host=[local]
2025-12-19 11:05:02 GMT [7739]: [2-1] user=Secret,db=databasesecret,app=[unknown],client=[local] LOG:  connection authorized: user=Secret database=databasesecret application_name=pg_isready
2025-12-19 11:05:02 GMT [7739]: [3-1] user=Secret,db=databasesecret,app=pg_isready,client=[local] LOG:  disconnection: session time: 0:00:00.001 user=Secret database=databasesecret host=[local]
2025-12-19 11:05:14 GMT [7747]: [1-1] user=[unknown],db=[unknown],app=[unknown],client=[local] LOG:  connection received: host=[local]
2025-12-19 11:05:14 GMT [7747]: [2-1] user=Secret,db=databasesecret,app=[unknown],client=[local] LOG:  connection authorized: user=Secret database=databasesecret application_name=pg_isready
2025-12-19 11:05:14 GMT [7747]: [3-1] user=Secret,db=databasesecret,app=pg_isready,client=[local] LOG:  disconnection: session time: 0:00:00.001 user=Secret database=databasesecret host=[local]
2025-12-19 11:05:24 GMT [7755]: [1-1] user=[unknown],db=[unknown],app=[unknown],client=[local] LOG:  connection received: host=[local]
2025-12-19 11:05:24 GMT [7755]: [2-1] user=Secret,db=databasesecret,app=[unknown],client=[local] LOG:  connection authorized: user=Secret database=databasesecret application_name=pg_isready
2025-12-19 11:05:24 GMT [7755]: [3-1] user=Secret,db=databasesecret,app=pg_isready,client=[local] LOG:  disconnection: session time: 0:00:00.002 user=Secret database=databasesecret host=[local]
2025-12-19 11:05:34 GMT [7763]: [1-1] user=[unknown],db=[unknown],app=[unknown],client=[local] LOG:  connection received: host=[local]
2025-12-19 11:05:34 GMT [7763]: [2-1] user=Secret,db=databasesecret,app=[unknown],client=[local] LOG:  connection authorized: user=Secret database=databasesecret application_name=pg_isready
2025-12-19 11:05:34 GMT [7763]: [3-1] user=Secret,db=databasesecret,app=pg_isready,client=[local] LOG:  disconnection: session time: 0:00:00.001 user=Secret database=databasesecret host=[local]
2025-12-19 11:05:46 GMT [7771]: [1-1] user=[unknown],db=[unknown],app=[unknown],client=[local] LOG:  connection received: host=[local]
2025-12-19 11:05:46 GMT [7771]: [2-1] user=Secret,db=databasesecret,app=[unknown],client=[local] LOG:  connection authorized: user=Secret database=databasesecret application_name=pg_isready
2025-12-19 11:05:46 GMT [7771]: [3-1] user=Secret,db=databasesecret,app=pg_isready,client=[local] LOG:  disconnection: session time: 0:00:00.001 user=Secret database=databasesecret host=[local]
2025-12-19 11:05:56 GMT [7780]: [1-1] user=[unknown],db=[unknown],app=[unknown],client=[local] LOG:  connection received: host=[local]
2025-12-19 11:05:56 GMT [7780]: [2-1] user=Secret,db=databasesecret,app=[unknown],client=[local] LOG:  connection authorized: user=Secret database=databasesecret application_name=pg_isready
2025-12-19 11:05:56 GMT [7780]: [3-1] user=Secret,db=databasesecret,app=pg_isready,client=[local] LOG:  disconnection: session time: 0:00:00.001 user=Secret database=databasesecret host=[local]
2025-12-19 11:06:06 GMT [7788]: [1-1] user=[unknown],db=[unknown],app=[unknown],client=[local] LOG:  connection received: host=[local]
2025-12-19 11:06:06 GMT [7788]: [2-1] user=Secret,db=databasesecret,app=[unknown],client=[local] LOG:  connection authorized: user=Secret database=databasesecret application_name=pg_isready
2025-12-19 11:06:06 GMT [7788]: [3-1] user=Secret,db=databasesecret,app=pg_isready,client=[local] LOG:  disconnection: session time: 0:00:00.002 user=Secret database=databasesecret host=[local]
2025-12-19 11:06:18 GMT [7796]: [1-1] user=[unknown],db=[unknown],app=[unknown],client=[local] LOG:  connection received: host=[local]
2025-12-19 11:06:18 GMT [7796]: [2-1] user=Secret,db=databasesecret,app=[unknown],client=[local] LOG:  connection authorized: user=Secret database=databasesecret application_name=pg_isready
2025-12-19 11:06:18 GMT [7796]: [3-1] user=Secret,db=databasesecret,app=pg_isready,client=[local] LOG:  disconnection: session time: 0:00:00.001 user=Secret database=databasesecret host=[local]
2025-12-19 11:06:28 GMT [7804]: [1-1] user=[unknown],db=[unknown],app=[unknown],client=[local] LOG:  connection received: host=[local]
2025-12-19 11:06:28 GMT [7804]: [2-1] user=Secret,db=databasesecret,app=[unknown],client=[local] LOG:  connection authorized: user=Secret database=databasesecret application_name=pg_isready
2025-12-19 11:06:28 GMT [7804]: [3-1] user=Secret,db=databasesecret,app=pg_isready,client=[local] LOG:  disconnection: session time: 0:00:00.001 user=Secret database=databasesecret host=[local]
2025-12-19 11:06:38 GMT [7812]: [1-1] user=[unknown],db=[unknown],app=[unknown],client=[local] LOG:  connection received: host=[local]
2025-12-19 11:06:38 GMT [7812]: [2-1] user=Secret,db=databasesecret,app=[unknown],client=[local] LOG:  connection authorized: user=Secret database=databasesecret application_name=pg_isready
2025-12-19 11:06:38 GMT [7812]: [3-1] user=Secret,db=databasesecret,app=pg_isready,client=[local] LOG:  disconnection: session time: 0:00:00.001 user=Secret database=databasesecret host=[local]
2025-12-19 11:06:50 GMT [7820]: [1-1] user=[unknown],db=[unknown],app=[unknown],client=[local] LOG:  connection received: host=[local]
2025-12-19 11:06:50 GMT [7820]: [2-1] user=Secret,db=databasesecret,app=[unknown],client=[local] LOG:  connection authorized: user=Secret database=databasesecret application_name=pg_isready
2025-12-19 11:06:50 GMT [7820]: [3-1] user=Secret,db=databasesecret,app=pg_isready,client=[local] LOG:  disconnection: session time: 0:00:00.001 user=Secret database=databasesecret host=[local]
2025-12-19 11:07:00 GMT [7829]: [1-1] user=[unknown],db=[unknown],app=[unknown],client=[local] LOG:  connection received: host=[local]
2025-12-19 11:07:00 GMT [7829]: [2-1] user=Secret,db=databasesecret,app=[unknown],client=[local] LOG:  connection authorized: user=Secret database=databasesecret application_name=pg_isready
2025-12-19 11:07:00 GMT [7829]: [3-1] user=Secret,db=databasesecret,app=pg_isready,client=[local] LOG:  disconnection: session time: 0:00:00.002 user=Secret database=databasesecret host=[local]
2025-12-19 11:07:10 GMT [7837]: [1-1] user=[unknown],db=[unknown],app=[unknown],client=[local] LOG:  connection received: host=[local]
2025-12-19 11:07:10 GMT [7837]: [2-1] user=Secret,db=databasesecret,app=[unknown],client=[local] LOG:  connection authorized: user=Secret database=databasesecret application_name=pg_isready
2025-12-19 11:07:10 GMT [7837]: [3-1] user=Secret,db=databasesecret,app=pg_isready,client=[local] LOG:  disconnection: session time: 0:00:00.001 user=Secret database=databasesecret host=[local]
2025-12-19 11:07:22 GMT [7845]: [1-1] user=[unknown],db=[unknown],app=[unknown],client=[local] LOG:  connection received: host=[local]
2025-12-19 11:07:22 GMT [7845]: [2-1] user=Secret,db=databasesecret,app=[unknown],client=[local] LOG:  connection authorized: user=Secret database=databasesecret application_name=pg_isready
2025-12-19 11:07:22 GMT [7845]: [3-1] user=Secret,db=databasesecret,app=pg_isready,client=[local] LOG:  disconnection: session time: 0:00:00.001 user=Secret database=databasesecret host=[local]
2025-12-19 11:07:32 GMT [7853]: [1-1] user=[unknown],db=[unknown],app=[unknown],client=[local] LOG:  connection received: host=[local]
2025-12-19 11:07:32 GMT [7853]: [2-1] user=Secret,db=databasesecret,app=[unknown],client=[local] LOG:  connection authorized: user=Secret database=databasesecret application_name=pg_isready
2025-12-19 11:07:32 GMT [7853]: [3-1] user=Secret,db=databasesecret,app=pg_isready,client=[local] LOG:  disconnection: session time: 0:00:00.004 user=Secret database=databasesecret host=[local]
2025-12-19 11:07:42 GMT [7861]: [1-1] user=[unknown],db=[unknown],app=[unknown],client=[local] LOG:  connection received: host=[local]
2025-12-19 11:07:42 GMT [7861]: [2-1] user=Secret,db=databasesecret,app=[unknown],client=[local] LOG:  connection authorized: user=Secret database=databasesecret application_name=pg_isready
2025-12-19 11:07:42 GMT [7861]: [3-1] user=Secret,db=databasesecret,app=pg_isready,client=[local] LOG:  disconnection: session time: 0:00:00.001 user=Secret database=databasesecret host=[local]
2025-12-19 11:07:55 GMT [7869]: [1-1] user=[unknown],db=[unknown],app=[unknown],client=[local] LOG:  connection received: host=[local]
2025-12-19 11:07:55 GMT [7869]: [2-1] user=Secret,db=databasesecret,app=[unknown],client=[local] LOG:  connection authorized: user=Secret database=databasesecret application_name=pg_isready
2025-12-19 11:07:55 GMT [7869]: [3-1] user=Secret,db=databasesecret,app=pg_isready,client=[local] LOG:  disconnection: session time: 0:00:00.001 user=Secret database=databasesecret host=[local]
2025-12-19 11:08:05 GMT [7878]: [1-1] user=[unknown],db=[unknown],app=[unknown],client=[local] LOG:  connection received: host=[local]
2025-12-19 11:08:05 GMT [7878]: [2-1] user=Secret,db=databasesecret,app=[unknown],client=[local] LOG:  connection authorized: user=Secret database=databasesecret application_name=pg_isready
2025-12-19 11:08:05 GMT [7878]: [3-1] user=Secret,db=databasesecret,app=pg_isready,client=[local] LOG:  disconnection: session time: 0:00:00.002 user=Secret database=databasesecret host=[local]
2025-12-19 11:08:15 GMT [7886]: [1-1] user=[unknown],db=[unknown],app=[unknown],client=[local] LOG:  connection received: host=[local]
2025-12-19 11:08:15 GMT [7886]: [2-1] user=Secret,db=databasesecret,app=[unknown],client=[local] LOG:  connection authorized: user=Secret database=databasesecret application_name=pg_isready
2025-12-19 11:08:15 GMT [7886]: [3-1] user=Secret,db=databasesecret,app=pg_isready,client=[local] LOG:  disconnection: session time: 0:00:00.001 user=Secret database=databasesecret host=[local]
2025-12-19 11:08:27 GMT [7894]: [1-1] user=[unknown],db=[unknown],app=[unknown],client=[local] LOG:  connection received: host=[local]
2025-12-19 11:08:27 GMT [7894]: [2-1] user=Secret,db=databasesecret,app=[unknown],client=[local] LOG:  connection authorized: user=Secret database=databasesecret application_name=pg_isready
2025-12-19 11:08:27 GMT [7894]: [3-1] user=Secret,db=databasesecret,app=pg_isready,client=[local] LOG:  disconnection: session time: 0:00:00.001 user=Secret database=databasesecret host=[local]
2025-12-19 11:08:37 GMT [7902]: [1-1] user=[unknown],db=[unknown],app=[unknown],client=[local] LOG:  connection received: host=[local]
2025-12-19 11:08:37 GMT [7902]: [2-1] user=Secret,db=databasesecret,app=[unknown],client=[local] LOG:  connection authorized: user=Secret database=databasesecret application_name=pg_isready
2025-12-19 11:08:37 GMT [7902]: [3-1] user=Secret,db=databasesecret,app=pg_isready,client=[local] LOG:  disconnection: session time: 0:00:00.001 user=Secret database=databasesecret host=[local]
2025-12-19 11:08:47 GMT [7910]: [1-1] user=[unknown],db=[unknown],app=[unknown],client=[local] LOG:  connection received: host=[local]
2025-12-19 11:08:47 GMT [7910]: [2-1] user=Secret,db=databasesecret,app=[unknown],client=[local] LOG:  connection authorized: user=Secret database=databasesecret application_name=pg_isready
2025-12-19 11:08:47 GMT [7910]: [3-1] user=Secret,db=databasesecret,app=pg_isready,client=[local] LOG:  disconnection: session time: 0:00:00.001 user=Secret database=databasesecret host=[local]
2025-12-19 11:08:59 GMT [7918]: [1-1] user=[unknown],db=[unknown],app=[unknown],client=[local] LOG:  connection received: host=[local]
2025-12-19 11:08:59 GMT [7918]: [2-1] user=Secret,db=databasesecret,app=[unknown],client=[local] LOG:  connection authorized: user=Secret database=databasesecret application_name=pg_isready
2025-12-19 11:08:59 GMT [7918]: [3-1] user=Secret,db=databasesecret,app=pg_isready,client=[local] LOG:  disconnection: session time: 0:00:00.001 user=Secret database=databasesecret host=[local]
2025-12-19 11:09:09 GMT [7927]: [1-1] user=[unknown],db=[unknown],app=[unknown],client=[local] LOG:  connection received: host=[local]
2025-12-19 11:09:09 GMT [7927]: [2-1] user=Secret,db=databasesecret,app=[unknown],client=[local] LOG:  connection authorized: user=Secret database=databasesecret application_name=pg_isready
2025-12-19 11:09:09 GMT [7927]: [3-1] user=Secret,db=databasesecret,app=pg_isready,client=[local] LOG:  disconnection: session time: 0:00:00.001 user=Secret database=databasesecret host=[local]
2025-12-19 11:09:19 GMT [7935]: [1-1] user=[unknown],db=[unknown],app=[unknown],client=[local] LOG:  connection received: host=[local]
2025-12-19 11:09:19 GMT [7935]: [2-1] user=Secret,db=databasesecret,app=[unknown],client=[local] LOG:  connection authorized: user=Secret database=databasesecret application_name=pg_isready
2025-12-19 11:09:19 GMT [7935]: [3-1] user=Secret,db=databasesecret,app=pg_isready,client=[local] LOG:  disconnection: session time: 0:00:00.001 user=Secret database=databasesecret host=[local]
2025-12-19 11:09:31 GMT [7943]: [1-1] user=[unknown],db=[unknown],app=[unknown],client=[local] LOG:  connection received: host=[local]
2025-12-19 11:09:31 GMT [7943]: [2-1] user=Secret,db=databasesecret,app=[unknown],client=[local] LOG:  connection authorized: user=Secret database=databasesecret application_name=pg_isready
2025-12-19 11:09:31 GMT [7943]: [3-1] user=Secret,db=databasesecret,app=pg_isready,client=[local] LOG:  disconnection: session time: 0:00:00.001 user=Secret database=databasesecret host=[local]
2025-12-19 11:09:41 GMT [7951]: [1-1] user=[unknown],db=[unknown],app=[unknown],client=[local] LOG:  connection received: host=[local]
2025-12-19 11:09:41 GMT [7951]: [2-1] user=Secret,db=databasesecret,app=[unknown],client=[local] LOG:  connection authorized: user=Secret database=databasesecret application_name=pg_isready
2025-12-19 11:09:41 GMT [7951]: [3-1] user=Secret,db=databasesecret,app=pg_isready,client=[local] LOG:  disconnection: session time: 0:00:00.001 user=Secret database=databasesecret host=[local]
2025-12-19 11:09:51 GMT [7959]: [1-1] user=[unknown],db=[unknown],app=[unknown],client=[local] LOG:  connection received: host=[local]
2025-12-19 11:09:51 GMT [7959]: [2-1] user=Secret,db=databasesecret,app=[unknown],client=[local] LOG:  connection authorized: user=Secret database=databasesecret application_name=pg_isready
2025-12-19 11:09:51 GMT [7959]: [3-1] user=Secret,db=databasesecret,app=pg_isready,client=[local] LOG:  disconnection: session time: 0:00:00.001 user=Secret database=databasesecret host=[local]
2025-12-19 11:10:03 GMT [7967]: [1-1] user=[unknown],db=[unknown],app=[unknown],client=[local] LOG:  connection received: host=[local]
2025-12-19 11:10:03 GMT [7967]: [2-1] user=Secret,db=databasesecret,app=[unknown],client=[local] LOG:  connection authorized: user=Secret database=databasesecret application_name=pg_isready
2025-12-19 11:10:03 GMT [7967]: [3-1] user=Secret,db=databasesecret,app=pg_isready,client=[local] LOG:  disconnection: session time: 0:00:00.001 user=Secret database=databasesecret host=[local]
2025-12-19 11:10:13 GMT [7976]: [1-1] user=[unknown],db=[unknown],app=[unknown],client=[local] LOG:  connection received: host=[local]
2025-12-19 11:10:13 GMT [7976]: [2-1] user=Secret,db=databasesecret,app=[unknown],client=[local] LOG:  connection authorized: user=Secret database=databasesecret application_name=pg_isready
2025-12-19 11:10:13 GMT [7976]: [3-1] user=Secret,db=databasesecret,app=pg_isready,client=[local] LOG:  disconnection: session time: 0:00:00.001 user=Secret database=databasesecret host=[local]
2025-12-19 11:10:23 GMT [7984]: [1-1] user=[unknown],db=[unknown],app=[unknown],client=[local] LOG:  connection received: host=[local]
2025-12-19 11:10:23 GMT [7984]: [2-1] user=Secret,db=databasesecret,app=[unknown],client=[local] LOG:  connection authorized: user=Secret database=databasesecret application_name=pg_isready
2025-12-19 11:10:23 GMT [7984]: [3-1] user=Secret,db=databasesecret,app=pg_isready,client=[local] LOG:  disconnection: session time: 0:00:00.001 user=Secret database=databasesecret host=[local]
2025-12-19 11:10:34 GMT [7992]: [1-1] user=[unknown],db=[unknown],app=[unknown],client=[local] LOG:  connection received: host=[local]
2025-12-19 11:10:34 GMT [7992]: [2-1] user=Secret,db=databasesecret,app=[unknown],client=[local] LOG:  connection authorized: user=Secret database=databasesecret application_name=pg_isready
2025-12-19 11:10:34 GMT [7992]: [3-1] user=Secret,db=databasesecret,app=pg_isready,client=[local] LOG:  disconnection: session time: 0:00:00.001 user=Secret database=databasesecret host=[local]
2025-12-19 11:10:46 GMT [8001]: [1-1] user=[unknown],db=[unknown],app=[unknown],client=[local] LOG:  connection received: host=[local]
2025-12-19 11:10:46 GMT [8001]: [2-1] user=Secret,db=databasesecret,app=[unknown],client=[local] LOG:  connection authorized: user=Secret database=databasesecret application_name=pg_isready
2025-12-19 11:10:46 GMT [8001]: [3-1] user=Secret,db=databasesecret,app=pg_isready,client=[local] LOG:  disconnection: session time: 0:00:00.001 user=Secret database=databasesecret host=[local]
2025-12-19 11:10:56 GMT [8009]: [1-1] user=[unknown],db=[unknown],app=[unknown],client=[local] LOG:  connection received: host=[local]
2025-12-19 11:10:56 GMT [8009]: [2-1] user=Secret,db=databasesecret,app=[unknown],client=[local] LOG:  connection authorized: user=Secret database=databasesecret application_name=pg_isready
2025-12-19 11:10:56 GMT [8009]: [3-1] user=Secret,db=databasesecret,app=pg_isready,client=[local] LOG:  disconnection: session time: 0:00:00.002 user=Secret database=databasesecret host=[local]
2025-12-19 11:11:07 GMT [8017]: [1-1] user=[unknown],db=[unknown],app=[unknown],client=[local] LOG:  connection received: host=[local]
2025-12-19 11:11:07 GMT [8017]: [2-1] user=Secret,db=databasesecret,app=[unknown],client=[local] LOG:  connection authorized: user=Secret database=databasesecret application_name=pg_isready
2025-12-19 11:11:07 GMT [8017]: [3-1] user=Secret,db=databasesecret,app=pg_isready,client=[local] LOG:  disconnection: session time: 0:00:00.001 user=Secret database=databasesecret host=[local]
2025-12-19 11:11:17 GMT [8026]: [1-1] user=[unknown],db=[unknown],app=[unknown],client=[local] LOG:  connection received: host=[local]
2025-12-19 11:11:17 GMT [8026]: [2-1] user=Secret,db=databasesecret,app=[unknown],client=[local] LOG:  connection authorized: user=Secret database=databasesecret application_name=pg_isready
2025-12-19 11:11:17 GMT [8026]: [3-1] user=Secret,db=databasesecret,app=pg_isready,client=[local] LOG:  disconnection: session time: 0:00:00.001 user=Secret database=databasesecret host=[local]
2025-12-19 11:11:28 GMT [8035]: [1-1] user=[unknown],db=[unknown],app=[unknown],client=[local] LOG:  connection received: host=[local]
2025-12-19 11:11:28 GMT [8035]: [2-1] user=Secret,db=databasesecret,app=[unknown],client=[local] LOG:  connection authorized: user=Secret database=databasesecret application_name=pg_isready
2025-12-19 11:11:28 GMT [8035]: [3-1] user=Secret,db=databasesecret,app=pg_isready,client=[local] LOG:  disconnection: session time: 0:00:00.001 user=Secret database=databasesecret host=[local]
2025-12-19 11:11:40 GMT [8043]: [1-1] user=[unknown],db=[unknown],app=[unknown],client=[local] LOG:  connection received: host=[local]
2025-12-19 11:11:40 GMT [8043]: [2-1] user=Secret,db=databasesecret,app=[unknown],client=[local] LOG:  connection authorized: user=Secret database=databasesecret application_name=pg_isready
2025-12-19 11:11:40 GMT [8043]: [3-1] user=Secret,db=databasesecret,app=pg_isready,client=[local] LOG:  disconnection: session time: 0:00:00.001 user=Secret database=databasesecret host=[local]
2025-12-19 11:11:50 GMT [8051]: [1-1] user=[unknown],db=[unknown],app=[unknown],client=[local] LOG:  connection received: host=[local]
2025-12-19 11:11:50 GMT [8051]: [2-1] user=Secret,db=databasesecret,app=[unknown],client=[local] LOG:  connection authorized: user=Secret database=databasesecret application_name=pg_isready
2025-12-19 11:11:50 GMT [8051]: [3-1] user=Secret,db=databasesecret,app=pg_isready,client=[local] LOG:  disconnection: session time: 0:00:00.001 user=Secret database=databasesecret host=[local]
2025-12-19 11:12:00 GMT [8059]: [1-1] user=[unknown],db=[unknown],app=[unknown],client=[local] LOG:  connection received: host=[local]
2025-12-19 11:12:00 GMT [8059]: [2-1] user=Secret,db=databasesecret,app=[unknown],client=[local] LOG:  connection authorized: user=Secret database=databasesecret application_name=pg_isready
2025-12-19 11:12:00 GMT [8059]: [3-1] user=Secret,db=databasesecret,app=pg_isready,client=[local] LOG:  disconnection: session time: 0:00:00.001 user=Secret database=databasesecret host=[local]
2025-12-19 11:12:12 GMT [8067]: [1-1] user=[unknown],db=[unknown],app=[unknown],client=[local] LOG:  connection received: host=[local]
2025-12-19 11:12:12 GMT [8067]: [2-1] user=Secret,db=databasesecret,app=[unknown],client=[local] LOG:  connection authorized: user=Secret database=databasesecret application_name=pg_isready
2025-12-19 11:12:12 GMT [8067]: [3-1] user=Secret,db=databasesecret,app=pg_isready,client=[local] LOG:  disconnection: session time: 0:00:00.001 user=Secret database=databasesecret host=[local]
2025-12-19 11:12:22 GMT [8076]: [1-1] user=[unknown],db=[unknown],app=[unknown],client=[local] LOG:  connection received: host=[local]
2025-12-19 11:12:22 GMT [8076]: [2-1] user=Secret,db=databasesecret,app=[unknown],client=[local] LOG:  connection authorized: user=Secret database=databasesecret application_name=pg_isready
2025-12-19 11:12:22 GMT [8076]: [3-1] user=Secret,db=databasesecret,app=pg_isready,client=[local] LOG:  disconnection: session time: 0:00:00.001 user=Secret database=databasesecret host=[local]
2025-12-19 11:12:32 GMT [8084]: [1-1] user=[unknown],db=[unknown],app=[unknown],client=[local] LOG:  connection received: host=[local]
2025-12-19 11:12:32 GMT [8084]: [2-1] user=Secret,db=databasesecret,app=[unknown],client=[local] LOG:  connection authorized: user=Secret database=databasesecret application_name=pg_isready
2025-12-19 11:12:32 GMT [8084]: [3-1] user=Secret,db=databasesecret,app=pg_isready,client=[local] LOG:  disconnection: session time: 0:00:00.001 user=Secret database=databasesecret host=[local]
2025-12-19 11:12:44 GMT [8092]: [1-1] user=[unknown],db=[unknown],app=[unknown],client=[local] LOG:  connection received: host=[local]
2025-12-19 11:12:44 GMT [8092]: [2-1] user=Secret,db=databasesecret,app=[unknown],client=[local] LOG:  connection authorized: user=Secret database=databasesecret application_name=pg_isready
2025-12-19 11:12:44 GMT [8092]: [3-1] user=Secret,db=databasesecret,app=pg_isready,client=[local] LOG:  disconnection: session time: 0:00:00.001 user=Secret database=databasesecret host=[local]
2025-12-19 11:12:54 GMT [8100]: [1-1] user=[unknown],db=[unknown],app=[unknown],client=[local] LOG:  connection received: host=[local]
2025-12-19 11:12:54 GMT [8100]: [2-1] user=Secret,db=databasesecret,app=[unknown],client=[local] LOG:  connection authorized: user=Secret database=databasesecret application_name=pg_isready
2025-12-19 11:12:54 GMT [8100]: [3-1] user=Secret,db=databasesecret,app=pg_isready,client=[local] LOG:  disconnection: session time: 0:00:00.001 user=Secret database=databasesecret host=[local]
2025-12-19 11:13:04 GMT [8108]: [1-1] user=[unknown],db=[unknown],app=[unknown],client=[local] LOG:  connection received: host=[local]
2025-12-19 11:13:04 GMT [8108]: [2-1] user=Secret,db=databasesecret,app=[unknown],client=[local] LOG:  connection authorized: user=Secret database=databasesecret application_name=pg_isready
2025-12-19 11:13:04 GMT [8108]: [3-1] user=Secret,db=databasesecret,app=pg_isready,client=[local] LOG:  disconnection: session time: 0:00:00.001 user=Secret database=databasesecret host=[local]
2025-12-19 11:13:16 GMT [8116]: [1-1] user=[unknown],db=[unknown],app=[unknown],client=[local] LOG:  connection received: host=[local]
2025-12-19 11:13:16 GMT [8116]: [2-1] user=Secret,db=databasesecret,app=[unknown],client=[local] LOG:  connection authorized: user=Secret database=databasesecret application_name=pg_isready
2025-12-19 11:13:16 GMT [8116]: [3-1] user=Secret,db=databasesecret,app=pg_isready,client=[local] LOG:  disconnection: session time: 0:00:00.001 user=Secret database=databasesecret host=[local]
2025-12-19 11:13:26 GMT [8125]: [1-1] user=[unknown],db=[unknown],app=[unknown],client=[local] LOG:  connection received: host=[local]
2025-12-19 11:13:26 GMT [8125]: [2-1] user=Secret,db=databasesecret,app=[unknown],client=[local] LOG:  connection authorized: user=Secret database=databasesecret application_name=pg_isready
2025-12-19 11:13:26 GMT [8125]: [3-1] user=Secret,db=databasesecret,app=pg_isready,client=[local] LOG:  disconnection: session time: 0:00:00.001 user=Secret database=databasesecret host=[local]
2025-12-19 11:13:37 GMT [8133]: [1-1] user=[unknown],db=[unknown],app=[unknown],client=[local] LOG:  connection received: host=[local]
2025-12-19 11:13:37 GMT [8133]: [2-1] user=Secret,db=databasesecret,app=[unknown],client=[local] LOG:  connection authorized: user=Secret database=databasesecret application_name=pg_isready
2025-12-19 11:13:37 GMT [8133]: [3-1] user=Secret,db=databasesecret,app=pg_isready,client=[local] LOG:  disconnection: session time: 0:00:00.001 user=Secret database=databasesecret host=[local]
2025-12-19 11:13:48 GMT [8141]: [1-1] user=[unknown],db=[unknown],app=[unknown],client=[local] LOG:  connection received: host=[local]
2025-12-19 11:13:48 GMT [8141]: [2-1] user=Secret,db=databasesecret,app=[unknown],client=[local] LOG:  connection authorized: user=Secret database=databasesecret application_name=pg_isready
2025-12-19 11:13:48 GMT [8141]: [3-1] user=Secret,db=databasesecret,app=pg_isready,client=[local] LOG:  disconnection: session time: 0:00:00.001 user=Secret database=databasesecret host=[local]
2025-12-19 11:13:58 GMT [8149]: [1-1] user=[unknown],db=[unknown],app=[unknown],client=[local] LOG:  connection received: host=[local]
2025-12-19 11:13:58 GMT [8149]: [2-1] user=Secret,db=databasesecret,app=[unknown],client=[local] LOG:  connection authorized: user=Secret database=databasesecret application_name=pg_isready
2025-12-19 11:13:58 GMT [8149]: [3-1] user=Secret,db=databasesecret,app=pg_isready,client=[local] LOG:  disconnection: session time: 0:00:00.001 user=Secret database=databasesecret host=[local]
2025-12-19 11:14:10 GMT [8157]: [1-1] user=[unknown],db=[unknown],app=[unknown],client=[local] LOG:  connection received: host=[local]
2025-12-19 11:14:10 GMT [8157]: [2-1] user=Secret,db=databasesecret,app=[unknown],client=[local] LOG:  connection authorized: user=Secret database=databasesecret application_name=pg_isready
2025-12-19 11:14:10 GMT [8157]: [3-1] user=Secret,db=databasesecret,app=pg_isready,client=[local] LOG:  disconnection: session time: 0:00:00.001 user=Secret database=databasesecret host=[local]
2025-12-19 11:14:21 GMT [8165]: [1-1] user=[unknown],db=[unknown],app=[unknown],client=[local] LOG:  connection received: host=[local]
2025-12-19 11:14:21 GMT [8165]: [2-1] user=Secret,db=databasesecret,app=[unknown],client=[local] LOG:  connection authorized: user=Secret database=databasesecret application_name=pg_isready
2025-12-19 11:14:21 GMT [8165]: [3-1] user=Secret,db=databasesecret,app=pg_isready,client=[local] LOG:  disconnection: session time: 0:00:00.001 user=Secret database=databasesecret host=[local]
2025-12-19 11:14:31 GMT [8174]: [1-1] user=[unknown],db=[unknown],app=[unknown],client=[local] LOG:  connection received: host=[local]
2025-12-19 11:14:31 GMT [8174]: [2-1] user=Secret,db=databasesecret,app=[unknown],client=[local] LOG:  connection authorized: user=Secret database=databasesecret application_name=pg_isready
2025-12-19 11:14:31 GMT [8174]: [3-1] user=Secret,db=databasesecret,app=pg_isready,client=[local] LOG:  disconnection: session time: 0:00:00.001 user=Secret database=databasesecret host=[local]
2025-12-19 11:14:42 GMT [8183]: [1-1] user=[unknown],db=[unknown],app=[unknown],client=[local] LOG:  connection received: host=[local]
2025-12-19 11:14:42 GMT [8183]: [2-1] user=Secret,db=databasesecret,app=[unknown],client=[local] LOG:  connection authorized: user=Secret database=databasesecret application_name=pg_isready
2025-12-19 11:14:42 GMT [8183]: [3-1] user=Secret,db=databasesecret,app=pg_isready,client=[local] LOG:  disconnection: session time: 0:00:00.001 user=Secret database=databasesecret host=[local]
2025-12-19 11:14:52 GMT [8191]: [1-1] user=[unknown],db=[unknown],app=[unknown],client=[local] LOG:  connection received: host=[local]
2025-12-19 11:14:52 GMT [8191]: [2-1] user=Secret,db=databasesecret,app=[unknown],client=[local] LOG:  connection authorized: user=Secret database=databasesecret application_name=pg_isready
2025-12-19 11:14:52 GMT [8191]: [3-1] user=Secret,db=databasesecret,app=pg_isready,client=[local] LOG:  disconnection: session time: 0:00:00.001 user=Secret database=databasesecret host=[local]
2025-12-19 11:15:03 GMT [8199]: [1-1] user=[unknown],db=[unknown],app=[unknown],client=[local] LOG:  connection received: host=[local]
2025-12-19 11:15:03 GMT [8199]: [2-1] user=Secret,db=databasesecret,app=[unknown],client=[local] LOG:  connection authorized: user=Secret database=databasesecret application_name=pg_isready
2025-12-19 11:15:03 GMT [8199]: [3-1] user=Secret,db=databasesecret,app=pg_isready,client=[local] LOG:  disconnection: session time: 0:00:00.002 user=Secret database=databasesecret host=[local]
2025-12-19 11:15:15 GMT [8207]: [1-1] user=[unknown],db=[unknown],app=[unknown],client=[local] LOG:  connection received: host=[local]
2025-12-19 11:15:15 GMT [8207]: [2-1] user=Secret,db=databasesecret,app=[unknown],client=[local] LOG:  connection authorized: user=Secret database=databasesecret application_name=pg_isready
2025-12-19 11:15:15 GMT [8207]: [3-1] user=Secret,db=databasesecret,app=pg_isready,client=[local] LOG:  disconnection: session time: 0:00:00.001 user=Secret database=databasesecret host=[local]
2025-12-19 11:15:25 GMT [8215]: [1-1] user=[unknown],db=[unknown],app=[unknown],client=[local] LOG:  connection received: host=[local]
2025-12-19 11:15:25 GMT [8215]: [2-1] user=Secret,db=databasesecret,app=[unknown],client=[local] LOG:  connection authorized: user=Secret database=databasesecret application_name=pg_isready
2025-12-19 11:15:25 GMT [8215]: [3-1] user=Secret,db=databasesecret,app=pg_isready,client=[local] LOG:  disconnection: session time: 0:00:00.001 user=Secret database=databasesecret host=[local]
2025-12-19 11:15:35 GMT [8224]: [1-1] user=[unknown],db=[unknown],app=[unknown],client=[local] LOG:  connection received: host=[local]
2025-12-19 11:15:35 GMT [8224]: [2-1] user=Secret,db=databasesecret,app=[unknown],client=[local] LOG:  connection authorized: user=Secret database=databasesecret application_name=pg_isready
2025-12-19 11:15:35 GMT [8224]: [3-1] user=Secret,db=databasesecret,app=pg_isready,client=[local] LOG:  disconnection: session time: 0:00:00.001 user=Secret database=databasesecret host=[local]
2025-12-19 11:15:47 GMT [8232]: [1-1] user=[unknown],db=[unknown],app=[unknown],client=[local] LOG:  connection received: host=[local]
2025-12-19 11:15:47 GMT [8232]: [2-1] user=Secret,db=databasesecret,app=[unknown],client=[local] LOG:  connection authorized: user=Secret database=databasesecret application_name=pg_isready
2025-12-19 11:15:47 GMT [8232]: [3-1] user=Secret,db=databasesecret,app=pg_isready,client=[local] LOG:  disconnection: session time: 0:00:00.002 user=Secret database=databasesecret host=[local]
2025-12-19 11:15:57 GMT [8240]: [1-1] user=[unknown],db=[unknown],app=[unknown],client=[local] LOG:  connection received: host=[local]
2025-12-19 11:15:57 GMT [8240]: [2-1] user=Secret,db=databasesecret,app=[unknown],client=[local] LOG:  connection authorized: user=Secret database=databasesecret application_name=pg_isready
2025-12-19 11:15:57 GMT [8240]: [3-1] user=Secret,db=databasesecret,app=pg_isready,client=[local] LOG:  disconnection: session time: 0:00:00.001 user=Secret database=databasesecret host=[local]
2025-12-19 11:16:07 GMT [8248]: [1-1] user=[unknown],db=[unknown],app=[unknown],client=[local] LOG:  connection received: host=[local]
2025-12-19 11:16:07 GMT [8248]: [2-1] user=Secret,db=databasesecret,app=[unknown],client=[local] LOG:  connection authorized: user=Secret database=databasesecret application_name=pg_isready
2025-12-19 11:16:07 GMT [8248]: [3-1] user=Secret,db=databasesecret,app=pg_isready,client=[local] LOG:  disconnection: session time: 0:00:00.001 user=Secret database=databasesecret host=[local]
2025-12-19 11:16:19 GMT [8256]: [1-1] user=[unknown],db=[unknown],app=[unknown],client=[local] LOG:  connection received: host=[local]
2025-12-19 11:16:19 GMT [8256]: [2-1] user=Secret,db=databasesecret,app=[unknown],client=[local] LOG:  connection authorized: user=Secret database=databasesecret application_name=pg_isready
2025-12-19 11:16:19 GMT [8256]: [3-1] user=Secret,db=databasesecret,app=pg_isready,client=[local] LOG:  disconnection: session time: 0:00:00.001 user=Secret database=databasesecret host=[local]
2025-12-19 11:16:29 GMT [8264]: [1-1] user=[unknown],db=[unknown],app=[unknown],client=[local] LOG:  connection received: host=[local]
2025-12-19 11:16:29 GMT [8264]: [2-1] user=Secret,db=databasesecret,app=[unknown],client=[local] LOG:  connection authorized: user=Secret database=databasesecret application_name=pg_isready
2025-12-19 11:16:29 GMT [8264]: [3-1] user=Secret,db=databasesecret,app=pg_isready,client=[local] LOG:  disconnection: session time: 0:00:00.001 user=Secret database=databasesecret host=[local]
2025-12-19 11:16:39 GMT [8273]: [1-1] user=[unknown],db=[unknown],app=[unknown],client=[local] LOG:  connection received: host=[local]
2025-12-19 11:16:39 GMT [8273]: [2-1] user=Secret,db=databasesecret,app=[unknown],client=[local] LOG:  connection authorized: user=Secret database=databasesecret application_name=pg_isready
2025-12-19 11:16:39 GMT [8273]: [3-1] user=Secret,db=databasesecret,app=pg_isready,client=[local] LOG:  disconnection: session time: 0:00:00.001 user=Secret database=databasesecret host=[local]
2025-12-19 11:16:51 GMT [8281]: [1-1] user=[unknown],db=[unknown],app=[unknown],client=[local] LOG:  connection received: host=[local]
2025-12-19 11:16:51 GMT [8281]: [2-1] user=Secret,db=databasesecret,app=[unknown],client=[local] LOG:  connection authorized: user=Secret database=databasesecret application_name=pg_isready
2025-12-19 11:16:51 GMT [8281]: [3-1] user=Secret,db=databasesecret,app=pg_isready,client=[local] LOG:  disconnection: session time: 0:00:00.001 user=Secret database=databasesecret host=[local]
2025-12-19 11:17:01 GMT [8289]: [1-1] user=[unknown],db=[unknown],app=[unknown],client=[local] LOG:  connection received: host=[local]
2025-12-19 11:17:01 GMT [8289]: [2-1] user=Secret,db=databasesecret,app=[unknown],client=[local] LOG:  connection authorized: user=Secret database=databasesecret application_name=pg_isready
2025-12-19 11:17:01 GMT [8289]: [3-1] user=Secret,db=databasesecret,app=pg_isready,client=[local] LOG:  disconnection: session time: 0:00:00.004 user=Secret database=databasesecret host=[local]
2025-12-19 11:17:11 GMT [8297]: [1-1] user=[unknown],db=[unknown],app=[unknown],client=[local] LOG:  connection received: host=[local]
2025-12-19 11:17:11 GMT [8297]: [2-1] user=Secret,db=databasesecret,app=[unknown],client=[local] LOG:  connection authorized: user=Secret database=databasesecret application_name=pg_isready
2025-12-19 11:17:11 GMT [8297]: [3-1] user=Secret,db=databasesecret,app=pg_isready,client=[local] LOG:  disconnection: session time: 0:00:00.005 user=Secret database=databasesecret host=[local]
2025-12-19 11:17:24 GMT [8305]: [1-1] user=[unknown],db=[unknown],app=[unknown],client=[local] LOG:  connection received: host=[local]
2025-12-19 11:17:24 GMT [8305]: [2-1] user=Secret,db=databasesecret,app=[unknown],client=[local] LOG:  connection authorized: user=Secret database=databasesecret application_name=pg_isready
2025-12-19 11:17:24 GMT [8305]: [3-1] user=Secret,db=databasesecret,app=pg_isready,client=[local] LOG:  disconnection: session time: 0:00:00.002 user=Secret database=databasesecret host=[local]
2025-12-19 11:17:34 GMT [8313]: [1-1] user=[unknown],db=[unknown],app=[unknown],client=[local] LOG:  connection received: host=[local]
2025-12-19 11:17:34 GMT [8313]: [2-1] user=Secret,db=databasesecret,app=[unknown],client=[local] LOG:  connection authorized: user=Secret database=databasesecret application_name=pg_isready
2025-12-19 11:17:34 GMT [8313]: [3-1] user=Secret,db=databasesecret,app=pg_isready,client=[local] LOG:  disconnection: session time: 0:00:00.003 user=Secret database=databasesecret host=[local]
2025-12-19 11:17:44 GMT [8322]: [1-1] user=[unknown],db=[unknown],app=[unknown],client=[local] LOG:  connection received: host=[local]
2025-12-19 11:17:44 GMT [8322]: [2-1] user=Secret,db=databasesecret,app=[unknown],client=[local] LOG:  connection authorized: user=Secret database=databasesecret application_name=pg_isready
2025-12-19 11:17:44 GMT [8322]: [3-1] user=Secret,db=databasesecret,app=pg_isready,client=[local] LOG:  disconnection: session time: 0:00:00.002 user=Secret database=databasesecret host=[local]
2025-12-19 11:17:55 GMT [8330]: [1-1] user=[unknown],db=[unknown],app=[unknown],client=[local] LOG:  connection received: host=[local]
2025-12-19 11:17:55 GMT [8330]: [2-1] user=Secret,db=databasesecret,app=[unknown],client=[local] LOG:  connection authorized: user=Secret database=databasesecret application_name=pg_isready
2025-12-19 11:17:55 GMT [8330]: [3-1] user=Secret,db=databasesecret,app=pg_isready,client=[local] LOG:  disconnection: session time: 0:00:00.001 user=Secret database=databasesecret host=[local]
2025-12-19 11:18:05 GMT [8338]: [1-1] user=[unknown],db=[unknown],app=[unknown],client=[local] LOG:  connection received: host=[local]
2025-12-19 11:18:05 GMT [8338]: [2-1] user=Secret,db=databasesecret,app=[unknown],client=[local] LOG:  connection authorized: user=Secret database=databasesecret application_name=pg_isready
2025-12-19 11:18:05 GMT [8338]: [3-1] user=Secret,db=databasesecret,app=pg_isready,client=[local] LOG:  disconnection: session time: 0:00:00.001 user=Secret database=databasesecret host=[local]
2025-12-19 11:18:17 GMT [8346]: [1-1] user=[unknown],db=[unknown],app=[unknown],client=[local] LOG:  connection received: host=[local]
2025-12-19 11:18:17 GMT [8346]: [2-1] user=Secret,db=databasesecret,app=[unknown],client=[local] LOG:  connection authorized: user=Secret database=databasesecret application_name=pg_isready
2025-12-19 11:18:17 GMT [8346]: [3-1] user=Secret,db=databasesecret,app=pg_isready,client=[local] LOG:  disconnection: session time: 0:00:00.001 user=Secret database=databasesecret host=[local]
2025-12-19 11:18:28 GMT [8354]: [1-1] user=[unknown],db=[unknown],app=[unknown],client=[local] LOG:  connection received: host=[local]
2025-12-19 11:18:28 GMT [8354]: [2-1] user=Secret,db=databasesecret,app=[unknown],client=[local] LOG:  connection authorized: user=Secret database=databasesecret application_name=pg_isready
2025-12-19 11:18:28 GMT [8354]: [3-1] user=Secret,db=databasesecret,app=pg_isready,client=[local] LOG:  disconnection: session time: 0:00:00.002 user=Secret database=databasesecret host=[local]
2025-12-19 11:18:38 GMT [8362]: [1-1] user=[unknown],db=[unknown],app=[unknown],client=[local] LOG:  connection received: host=[local]
2025-12-19 11:18:38 GMT [8362]: [2-1] user=Secret,db=databasesecret,app=[unknown],client=[local] LOG:  connection authorized: user=Secret database=databasesecret application_name=pg_isready
2025-12-19 11:18:38 GMT [8362]: [3-1] user=Secret,db=databasesecret,app=pg_isready,client=[local] LOG:  disconnection: session time: 0:00:00.001 user=Secret database=databasesecret host=[local]
2025-12-19 11:18:48 GMT [8371]: [1-1] user=[unknown],db=[unknown],app=[unknown],client=[local] LOG:  connection received: host=[local]
2025-12-19 11:18:48 GMT [8371]: [2-1] user=Secret,db=databasesecret,app=[unknown],client=[local] LOG:  connection authorized: user=Secret database=databasesecret application_name=pg_isready
2025-12-19 11:18:48 GMT [8371]: [3-1] user=Secret,db=databasesecret,app=pg_isready,client=[local] LOG:  disconnection: session time: 0:00:00.001 user=Secret database=databasesecret host=[local]
2025-12-19 11:19:00 GMT [8379]: [1-1] user=[unknown],db=[unknown],app=[unknown],client=[local] LOG:  connection received: host=[local]
2025-12-19 11:19:00 GMT [8379]: [2-1] user=Secret,db=databasesecret,app=[unknown],client=[local] LOG:  connection authorized: user=Secret database=databasesecret application_name=pg_isready
2025-12-19 11:19:00 GMT [8379]: [3-1] user=Secret,db=databasesecret,app=pg_isready,client=[local] LOG:  disconnection: session time: 0:00:00.001 user=Secret database=databasesecret host=[local]
2025-12-19 11:19:10 GMT [8387]: [1-1] user=[unknown],db=[unknown],app=[unknown],client=[local] LOG:  connection received: host=[local]
2025-12-19 11:19:10 GMT [8387]: [2-1] user=Secret,db=databasesecret,app=[unknown],client=[local] LOG:  connection authorized: user=Secret database=databasesecret application_name=pg_isready
2025-12-19 11:19:10 GMT [8387]: [3-1] user=Secret,db=databasesecret,app=pg_isready,client=[local] LOG:  disconnection: session time: 0:00:00.001 user=Secret database=databasesecret host=[local]
2025-12-19 11:19:20 GMT [8395]: [1-1] user=[unknown],db=[unknown],app=[unknown],client=[local] LOG:  connection received: host=[local]
2025-12-19 11:19:20 GMT [8395]: [2-1] user=Secret,db=databasesecret,app=[unknown],client=[local] LOG:  connection authorized: user=Secret database=databasesecret application_name=pg_isready
2025-12-19 11:19:20 GMT [8395]: [3-1] user=Secret,db=databasesecret,app=pg_isready,client=[local] LOG:  disconnection: session time: 0:00:00.001 user=Secret database=databasesecret host=[local]
2025-12-19 11:19:32 GMT [8403]: [1-1] user=[unknown],db=[unknown],app=[unknown],client=[local] LOG:  connection received: host=[local]
2025-12-19 11:19:32 GMT [8403]: [2-1] user=Secret,db=databasesecret,app=[unknown],client=[local] LOG:  connection authorized: user=Secret database=databasesecret application_name=pg_isready
2025-12-19 11:19:32 GMT [8403]: [3-1] user=Secret,db=databasesecret,app=pg_isready,client=[local] LOG:  disconnection: session time: 0:00:00.001 user=Secret database=databasesecret host=[local]
2025-12-19 11:19:42 GMT [8411]: [1-1] user=[unknown],db=[unknown],app=[unknown],client=[local] LOG:  connection received: host=[local]
2025-12-19 11:19:42 GMT [8411]: [2-1] user=Secret,db=databasesecret,app=[unknown],client=[local] LOG:  connection authorized: user=Secret database=databasesecret application_name=pg_isready
2025-12-19 11:19:42 GMT [8411]: [3-1] user=Secret,db=databasesecret,app=pg_isready,client=[local] LOG:  disconnection: session time: 0:00:00.001 user=Secret database=databasesecret host=[local]
2025-12-19 11:19:52 GMT [8420]: [1-1] user=[unknown],db=[unknown],app=[unknown],client=[local] LOG:  connection received: host=[local]
2025-12-19 11:19:52 GMT [8420]: [2-1] user=Secret,db=databasesecret,app=[unknown],client=[local] LOG:  connection authorized: user=Secret database=databasesecret application_name=pg_isready
2025-12-19 11:19:52 GMT [8420]: [3-1] user=Secret,db=databasesecret,app=pg_isready,client=[local] LOG:  disconnection: session time: 0:00:00.001 user=Secret database=databasesecret host=[local]
2025-12-19 11:20:05 GMT [8428]: [1-1] user=[unknown],db=[unknown],app=[unknown],client=[local] LOG:  connection received: host=[local]
2025-12-19 11:20:05 GMT [8428]: [2-1] user=Secret,db=databasesecret,app=[unknown],client=[local] LOG:  connection authorized: user=Secret database=databasesecret application_name=pg_isready
2025-12-19 11:20:05 GMT [8428]: [3-1] user=Secret,db=databasesecret,app=pg_isready,client=[local] LOG:  disconnection: session time: 0:00:00.001 user=Secret database=databasesecret host=[local]
2025-12-19 11:20:15 GMT [8436]: [1-1] user=[unknown],db=[unknown],app=[unknown],client=[local] LOG:  connection received: host=[local]
2025-12-19 11:20:15 GMT [8436]: [2-1] user=Secret,db=databasesecret,app=[unknown],client=[local] LOG:  connection authorized: user=Secret database=databasesecret application_name=pg_isready
2025-12-19 11:20:15 GMT [8436]: [3-1] user=Secret,db=databasesecret,app=pg_isready,client=[local] LOG:  disconnection: session time: 0:00:00.001 user=Secret database=databasesecret host=[local]
2025-12-19 11:20:25 GMT [8444]: [1-1] user=[unknown],db=[unknown],app=[unknown],client=[local] LOG:  connection received: host=[local]
2025-12-19 11:20:25 GMT [8444]: [2-1] user=Secret,db=databasesecret,app=[unknown],client=[local] LOG:  connection authorized: user=Secret database=databasesecret application_name=pg_isready
2025-12-19 11:20:25 GMT [8444]: [3-1] user=Secret,db=databasesecret,app=pg_isready,client=[local] LOG:  disconnection: session time: 0:00:00.001 user=Secret database=databasesecret host=[local]
2025-12-19 11:20:37 GMT [8452]: [1-1] user=[unknown],db=[unknown],app=[unknown],client=[local] LOG:  connection received: host=[local]
2025-12-19 11:20:37 GMT [8452]: [2-1] user=Secret,db=databasesecret,app=[unknown],client=[local] LOG:  connection authorized: user=Secret database=databasesecret application_name=pg_isready
2025-12-19 11:20:37 GMT [8452]: [3-1] user=Secret,db=databasesecret,app=pg_isready,client=[local] LOG:  disconnection: session time: 0:00:00.001 user=Secret database=databasesecret host=[local]
2025-12-19 11:20:47 GMT [8460]: [1-1] user=[unknown],db=[unknown],app=[unknown],client=[local] LOG:  connection received: host=[local]
2025-12-19 11:20:47 GMT [8460]: [2-1] user=Secret,db=databasesecret,app=[unknown],client=[local] LOG:  connection authorized: user=Secret database=databasesecret application_name=pg_isready
2025-12-19 11:20:47 GMT [8460]: [3-1] user=Secret,db=databasesecret,app=pg_isready,client=[local] LOG:  disconnection: session time: 0:00:00.001 user=Secret database=databasesecret host=[local]
2025-12-19 11:20:57 GMT [8469]: [1-1] user=[unknown],db=[unknown],app=[unknown],client=[local] LOG:  connection received: host=[local]
2025-12-19 11:20:57 GMT [8469]: [2-1] user=Secret,db=databasesecret,app=[unknown],client=[local] LOG:  connection authorized: user=Secret database=databasesecret application_name=pg_isready
2025-12-19 11:20:57 GMT [8469]: [3-1] user=Secret,db=databasesecret,app=pg_isready,client=[local] LOG:  disconnection: session time: 0:00:00.001 user=Secret database=databasesecret host=[local]
2025-12-19 11:21:09 GMT [8477]: [1-1] user=[unknown],db=[unknown],app=[unknown],client=[local] LOG:  connection received: host=[local]
2025-12-19 11:21:09 GMT [8477]: [2-1] user=Secret,db=databasesecret,app=[unknown],client=[local] LOG:  connection authorized: user=Secret database=databasesecret application_name=pg_isready
2025-12-19 11:21:09 GMT [8477]: [3-1] user=Secret,db=databasesecret,app=pg_isready,client=[local] LOG:  disconnection: session time: 0:00:00.003 user=Secret database=databasesecret host=[local]
2025-12-19 11:21:19 GMT [8485]: [1-1] user=[unknown],db=[unknown],app=[unknown],client=[local] LOG:  connection received: host=[local]
2025-12-19 11:21:19 GMT [8485]: [2-1] user=Secret,db=databasesecret,app=[unknown],client=[local] LOG:  connection authorized: user=Secret database=databasesecret application_name=pg_isready
2025-12-19 11:21:19 GMT [8485]: [3-1] user=Secret,db=databasesecret,app=pg_isready,client=[local] LOG:  disconnection: session time: 0:00:00.002 user=Secret database=databasesecret host=[local]
2025-12-19 11:21:30 GMT [8493]: [1-1] user=[unknown],db=[unknown],app=[unknown],client=[local] LOG:  connection received: host=[local]
2025-12-19 11:21:30 GMT [8493]: [2-1] user=Secret,db=databasesecret,app=[unknown],client=[local] LOG:  connection authorized: user=Secret database=databasesecret application_name=pg_isready
2025-12-19 11:21:30 GMT [8493]: [3-1] user=Secret,db=databasesecret,app=pg_isready,client=[local] LOG:  disconnection: session time: 0:00:00.002 user=Secret database=databasesecret host=[local]
2025-12-19 11:21:42 GMT [8501]: [1-1] user=[unknown],db=[unknown],app=[unknown],client=[local] LOG:  connection received: host=[local]
2025-12-19 11:21:42 GMT [8501]: [2-1] user=Secret,db=databasesecret,app=[unknown],client=[local] LOG:  connection authorized: user=Secret database=databasesecret application_name=pg_isready
2025-12-19 11:21:42 GMT [8501]: [3-1] user=Secret,db=databasesecret,app=pg_isready,client=[local] LOG:  disconnection: session time: 0:00:00.007 user=Secret database=databasesecret host=[local]
2025-12-19 11:21:52 GMT [8510]: [1-1] user=[unknown],db=[unknown],app=[unknown],client=[local] LOG:  connection received: host=[local]
2025-12-19 11:21:52 GMT [8510]: [2-1] user=Secret,db=databasesecret,app=[unknown],client=[local] LOG:  connection authorized: user=Secret database=databasesecret application_name=pg_isready
2025-12-19 11:21:52 GMT [8510]: [3-1] user=Secret,db=databasesecret,app=pg_isready,client=[local] LOG:  disconnection: session time: 0:00:00.001 user=Secret database=databasesecret host=[local]
2025-12-19 11:22:02 GMT [8518]: [1-1] user=[unknown],db=[unknown],app=[unknown],client=[local] LOG:  connection received: host=[local]
2025-12-19 11:22:02 GMT [8518]: [2-1] user=Secret,db=databasesecret,app=[unknown],client=[local] LOG:  connection authorized: user=Secret database=databasesecret application_name=pg_isready
2025-12-19 11:22:02 GMT [8518]: [3-1] user=Secret,db=databasesecret,app=pg_isready,client=[local] LOG:  disconnection: session time: 0:00:00.001 user=Secret database=databasesecret host=[local]
2025-12-19 11:22:14 GMT [8526]: [1-1] user=[unknown],db=[unknown],app=[unknown],client=[local] LOG:  connection received: host=[local]
2025-12-19 11:22:14 GMT [8526]: [2-1] user=Secret,db=databasesecret,app=[unknown],client=[local] LOG:  connection authorized: user=Secret database=databasesecret application_name=pg_isready
2025-12-19 11:22:14 GMT [8526]: [3-1] user=Secret,db=databasesecret,app=pg_isready,client=[local] LOG:  disconnection: session time: 0:00:00.001 user=Secret database=databasesecret host=[local]
2025-12-19 11:22:25 GMT [8534]: [1-1] user=[unknown],db=[unknown],app=[unknown],client=[local] LOG:  connection received: host=[local]
2025-12-19 11:22:25 GMT [8534]: [2-1] user=Secret,db=databasesecret,app=[unknown],client=[local] LOG:  connection authorized: user=Secret database=databasesecret application_name=pg_isready
2025-12-19 11:22:25 GMT [8534]: [3-1] user=Secret,db=databasesecret,app=pg_isready,client=[local] LOG:  disconnection: session time: 0:00:00.001 user=Secret database=databasesecret host=[local]
2025-12-19 11:22:35 GMT [8542]: [1-1] user=[unknown],db=[unknown],app=[unknown],client=[local] LOG:  connection received: host=[local]
2025-12-19 11:22:35 GMT [8542]: [2-1] user=Secret,db=databasesecret,app=[unknown],client=[local] LOG:  connection authorized: user=Secret database=databasesecret application_name=pg_isready
2025-12-19 11:22:35 GMT [8542]: [3-1] user=Secret,db=databasesecret,app=pg_isready,client=[local] LOG:  disconnection: session time: 0:00:00.001 user=Secret database=databasesecret host=[local]
2025-12-19 11:22:47 GMT [8551]: [1-1] user=[unknown],db=[unknown],app=[unknown],client=[local] LOG:  connection received: host=[local]
2025-12-19 11:22:47 GMT [8551]: [2-1] user=Secret,db=databasesecret,app=[unknown],client=[local] LOG:  connection authorized: user=Secret database=databasesecret application_name=pg_isready
2025-12-19 11:22:47 GMT [8551]: [3-1] user=Secret,db=databasesecret,app=pg_isready,client=[local] LOG:  disconnection: session time: 0:00:00.002 user=Secret database=databasesecret host=[local]
2025-12-19 11:22:57 GMT [8560]: [1-1] user=[unknown],db=[unknown],app=[unknown],client=[local] LOG:  connection received: host=[local]
2025-12-19 11:22:57 GMT [8560]: [2-1] user=Secret,db=databasesecret,app=[unknown],client=[local] LOG:  connection authorized: user=Secret database=databasesecret application_name=pg_isready
2025-12-19 11:22:57 GMT [8560]: [3-1] user=Secret,db=databasesecret,app=pg_isready,client=[local] LOG:  disconnection: session time: 0:00:00.001 user=Secret database=databasesecret host=[local]
2025-12-19 11:23:07 GMT [8568]: [1-1] user=[unknown],db=[unknown],app=[unknown],client=[local] LOG:  connection received: host=[local]
2025-12-19 11:23:07 GMT [8568]: [2-1] user=Secret,db=databasesecret,app=[unknown],client=[local] LOG:  connection authorized: user=Secret database=databasesecret application_name=pg_isready
2025-12-19 11:23:07 GMT [8568]: [3-1] user=Secret,db=databasesecret,app=pg_isready,client=[local] LOG:  disconnection: session time: 0:00:00.004 user=Secret database=databasesecret host=[local]
2025-12-19 11:23:19 GMT [8576]: [1-1] user=[unknown],db=[unknown],app=[unknown],client=[local] LOG:  connection received: host=[local]
2025-12-19 11:23:19 GMT [8576]: [2-1] user=Secret,db=databasesecret,app=[unknown],client=[local] LOG:  connection authorized: user=Secret database=databasesecret application_name=pg_isready
2025-12-19 11:23:19 GMT [8576]: [3-1] user=Secret,db=databasesecret,app=pg_isready,client=[local] LOG:  disconnection: session time: 0:00:00.002 user=Secret database=databasesecret host=[local]
2025-12-19 11:23:30 GMT [8584]: [1-1] user=[unknown],db=[unknown],app=[unknown],client=[local] LOG:  connection received: host=[local]
2025-12-19 11:23:30 GMT [8584]: [2-1] user=Secret,db=databasesecret,app=[unknown],client=[local] LOG:  connection authorized: user=Secret database=databasesecret application_name=pg_isready
2025-12-19 11:23:30 GMT [8584]: [3-1] user=Secret,db=databasesecret,app=pg_isready,client=[local] LOG:  disconnection: session time: 0:00:00.001 user=Secret database=databasesecret host=[local]
2025-12-19 11:23:40 GMT [8592]: [1-1] user=[unknown],db=[unknown],app=[unknown],client=[local] LOG:  connection received: host=[local]
2025-12-19 11:23:40 GMT [8592]: [2-1] user=Secret,db=databasesecret,app=[unknown],client=[local] LOG:  connection authorized: user=Secret database=databasesecret application_name=pg_isready
2025-12-19 11:23:40 GMT [8592]: [3-1] user=Secret,db=databasesecret,app=pg_isready,client=[local] LOG:  disconnection: session time: 0:00:00.002 user=Secret database=databasesecret host=[local]
2025-12-19 11:23:52 GMT [8600]: [1-1] user=[unknown],db=[unknown],app=[unknown],client=[local] LOG:  connection received: host=[local]
2025-12-19 11:23:52 GMT [8600]: [2-1] user=Secret,db=databasesecret,app=[unknown],client=[local] LOG:  connection authorized: user=Secret database=databasesecret application_name=pg_isready
2025-12-19 11:23:52 GMT [8600]: [3-1] user=Secret,db=databasesecret,app=pg_isready,client=[local] LOG:  disconnection: session time: 0:00:00.001 user=Secret database=databasesecret host=[local]
2025-12-19 11:24:02 GMT [8609]: [1-1] user=[unknown],db=[unknown],app=[unknown],client=[local] LOG:  connection received: host=[local]
2025-12-19 11:24:02 GMT [8609]: [2-1] user=Secret,db=databasesecret,app=[unknown],client=[local] LOG:  connection authorized: user=Secret database=databasesecret application_name=pg_isready
2025-12-19 11:24:02 GMT [8609]: [3-1] user=Secret,db=databasesecret,app=pg_isready,client=[local] LOG:  disconnection: session time: 0:00:00.002 user=Secret database=databasesecret host=[local]
2025-12-19 11:24:12 GMT [8617]: [1-1] user=[unknown],db=[unknown],app=[unknown],client=[local] LOG:  connection received: host=[local]
2025-12-19 11:24:12 GMT [8617]: [2-1] user=Secret,db=databasesecret,app=[unknown],client=[local] LOG:  connection authorized: user=Secret database=databasesecret application_name=pg_isready
2025-12-19 11:24:12 GMT [8617]: [3-1] user=Secret,db=databasesecret,app=pg_isready,client=[local] LOG:  disconnection: session time: 0:00:00.006 user=Secret database=databasesecret host=[local]
2025-12-19 11:24:24 GMT [8625]: [1-1] user=[unknown],db=[unknown],app=[unknown],client=[local] LOG:  connection received: host=[local]
2025-12-19 11:24:24 GMT [8625]: [2-1] user=Secret,db=databasesecret,app=[unknown],client=[local] LOG:  connection authorized: user=Secret database=databasesecret application_name=pg_isready
2025-12-19 11:24:24 GMT [8625]: [3-1] user=Secret,db=databasesecret,app=pg_isready,client=[local] LOG:  disconnection: session time: 0:00:00.002 user=Secret database=databasesecret host=[local]
2025-12-19 11:24:35 GMT [8633]: [1-1] user=[unknown],db=[unknown],app=[unknown],client=[local] LOG:  connection received: host=[local]
2025-12-19 11:24:35 GMT [8633]: [2-1] user=Secret,db=databasesecret,app=[unknown],client=[local] LOG:  connection authorized: user=Secret database=databasesecret application_name=pg_isready
2025-12-19 11:24:35 GMT [8633]: [3-1] user=Secret,db=databasesecret,app=pg_isready,client=[local] LOG:  disconnection: session time: 0:00:00.002 user=Secret database=databasesecret host=[local]
2025-12-19 11:24:45 GMT [8641]: [1-1] user=[unknown],db=[unknown],app=[unknown],client=[local] LOG:  connection received: host=[local]
2025-12-19 11:24:45 GMT [8641]: [2-1] user=Secret,db=databasesecret,app=[unknown],client=[local] LOG:  connection authorized: user=Secret database=databasesecret application_name=pg_isready
2025-12-19 11:24:45 GMT [8641]: [3-1] user=Secret,db=databasesecret,app=pg_isready,client=[local] LOG:  disconnection: session time: 0:00:00.001 user=Secret database=databasesecret host=[local]
2025-12-19 11:24:57 GMT [8650]: [1-1] user=[unknown],db=[unknown],app=[unknown],client=[local] LOG:  connection received: host=[local]
2025-12-19 11:24:57 GMT [8650]: [2-1] user=Secret,db=databasesecret,app=[unknown],client=[local] LOG:  connection authorized: user=Secret database=databasesecret application_name=pg_isready
2025-12-19 11:24:57 GMT [8650]: [3-1] user=Secret,db=databasesecret,app=pg_isready,client=[local] LOG:  disconnection: session time: 0:00:00.002 user=Secret database=databasesecret host=[local]
2025-12-19 11:25:07 GMT [8659]: [1-1] user=[unknown],db=[unknown],app=[unknown],client=[local] LOG:  connection received: host=[local]
2025-12-19 11:25:07 GMT [8659]: [2-1] user=Secret,db=databasesecret,app=[unknown],client=[local] LOG:  connection authorized: user=Secret database=databasesecret application_name=pg_isready
2025-12-19 11:25:07 GMT [8659]: [3-1] user=Secret,db=databasesecret,app=pg_isready,client=[local] LOG:  disconnection: session time: 0:00:00.002 user=Secret database=databasesecret host=[local]
2025-12-19 11:25:17 GMT [8667]: [1-1] user=[unknown],db=[unknown],app=[unknown],client=[local] LOG:  connection received: host=[local]
2025-12-19 11:25:17 GMT [8667]: [2-1] user=Secret,db=databasesecret,app=[unknown],client=[local] LOG:  connection authorized: user=Secret database=databasesecret application_name=pg_isready
2025-12-19 11:25:17 GMT [8667]: [3-1] user=Secret,db=databasesecret,app=pg_isready,client=[local] LOG:  disconnection: session time: 0:00:00.002 user=Secret database=databasesecret host=[local]
2025-12-19 11:25:29 GMT [8675]: [1-1] user=[unknown],db=[unknown],app=[unknown],client=[local] LOG:  connection received: host=[local]
2025-12-19 11:25:29 GMT [8675]: [2-1] user=Secret,db=databasesecret,app=[unknown],client=[local] LOG:  connection authorized: user=Secret database=databasesecret application_name=pg_isready
2025-12-19 11:25:29 GMT [8675]: [3-1] user=Secret,db=databasesecret,app=pg_isready,client=[local] LOG:  disconnection: session time: 0:00:00.003 user=Secret database=databasesecret host=[local]
2025-12-19 11:25:39 GMT [8683]: [1-1] user=[unknown],db=[unknown],app=[unknown],client=[local] LOG:  connection received: host=[local]
2025-12-19 11:25:39 GMT [8683]: [2-1] user=Secret,db=databasesecret,app=[unknown],client=[local] LOG:  connection authorized: user=Secret database=databasesecret application_name=pg_isready
2025-12-19 11:25:39 GMT [8683]: [3-1] user=Secret,db=databasesecret,app=pg_isready,client=[local] LOG:  disconnection: session time: 0:00:00.002 user=Secret database=databasesecret host=[local]
2025-12-19 11:25:50 GMT [8691]: [1-1] user=[unknown],db=[unknown],app=[unknown],client=[local] LOG:  connection received: host=[local]
2025-12-19 11:25:50 GMT [8691]: [2-1] user=Secret,db=databasesecret,app=[unknown],client=[local] LOG:  connection authorized: user=Secret database=databasesecret application_name=pg_isready
2025-12-19 11:25:50 GMT [8691]: [3-1] user=Secret,db=databasesecret,app=pg_isready,client=[local] LOG:  disconnection: session time: 0:00:00.002 user=Secret database=databasesecret host=[local]
2025-12-19 11:26:02 GMT [8699]: [1-1] user=[unknown],db=[unknown],app=[unknown],client=[local] LOG:  connection received: host=[local]
2025-12-19 11:26:02 GMT [8699]: [2-1] user=Secret,db=databasesecret,app=[unknown],client=[local] LOG:  connection authorized: user=Secret database=databasesecret application_name=pg_isready
2025-12-19 11:26:02 GMT [8699]: [3-1] user=Secret,db=databasesecret,app=pg_isready,client=[local] LOG:  disconnection: session time: 0:00:00.002 user=Secret database=databasesecret host=[local]
2025-12-19 11:26:12 GMT [8708]: [1-1] user=[unknown],db=[unknown],app=[unknown],client=[local] LOG:  connection received: host=[local]
2025-12-19 11:26:12 GMT [8708]: [2-1] user=Secret,db=databasesecret,app=[unknown],client=[local] LOG:  connection authorized: user=Secret database=databasesecret application_name=pg_isready
2025-12-19 11:26:12 GMT [8708]: [3-1] user=Secret,db=databasesecret,app=pg_isready,client=[local] LOG:  disconnection: session time: 0:00:00.001 user=Secret database=databasesecret host=[local]
2025-12-19 11:26:22 GMT [8716]: [1-1] user=[unknown],db=[unknown],app=[unknown],client=[local] LOG:  connection received: host=[local]
2025-12-19 11:26:22 GMT [8716]: [2-1] user=Secret,db=databasesecret,app=[unknown],client=[local] LOG:  connection authorized: user=Secret database=databasesecret application_name=pg_isready
2025-12-19 11:26:22 GMT [8716]: [3-1] user=Secret,db=databasesecret,app=pg_isready,client=[local] LOG:  disconnection: session time: 0:00:00.001 user=Secret database=databasesecret host=[local]
2025-12-19 11:26:34 GMT [8724]: [1-1] user=[unknown],db=[unknown],app=[unknown],client=[local] LOG:  connection received: host=[local]
2025-12-19 11:26:34 GMT [8724]: [2-1] user=Secret,db=databasesecret,app=[unknown],client=[local] LOG:  connection authorized: user=Secret database=databasesecret application_name=pg_isready
2025-12-19 11:26:34 GMT [8724]: [3-1] user=Secret,db=databasesecret,app=pg_isready,client=[local] LOG:  disconnection: session time: 0:00:00.003 user=Secret database=databasesecret host=[local]
2025-12-19 11:26:45 GMT [8732]: [1-1] user=[unknown],db=[unknown],app=[unknown],client=[local] LOG:  connection received: host=[local]
2025-12-19 11:26:45 GMT [8732]: [2-1] user=Secret,db=databasesecret,app=[unknown],client=[local] LOG:  connection authorized: user=Secret database=databasesecret application_name=pg_isready
2025-12-19 11:26:45 GMT [8732]: [3-1] user=Secret,db=databasesecret,app=pg_isready,client=[local] LOG:  disconnection: session time: 0:00:00.003 user=Secret database=databasesecret host=[local]
2025-12-19 11:26:55 GMT [8740]: [1-1] user=[unknown],db=[unknown],app=[unknown],client=[local] LOG:  connection received: host=[local]
2025-12-19 11:26:55 GMT [8740]: [2-1] user=Secret,db=databasesecret,app=[unknown],client=[local] LOG:  connection authorized: user=Secret database=databasesecret application_name=pg_isready
2025-12-19 11:26:55 GMT [8740]: [3-1] user=Secret,db=databasesecret,app=pg_isready,client=[local] LOG:  disconnection: session time: 0:00:00.001 user=Secret database=databasesecret host=[local]
2025-12-19 11:27:07 GMT [8748]: [1-1] user=[unknown],db=[unknown],app=[unknown],client=[local] LOG:  connection received: host=[local]
2025-12-19 11:27:07 GMT [8748]: [2-1] user=Secret,db=databasesecret,app=[unknown],client=[local] LOG:  connection authorized: user=Secret database=databasesecret application_name=pg_isready
2025-12-19 11:27:07 GMT [8748]: [3-1] user=Secret,db=databasesecret,app=pg_isready,client=[local] LOG:  disconnection: session time: 0:00:00.003 user=Secret database=databasesecret host=[local]
2025-12-19 11:27:17 GMT [8757]: [1-1] user=[unknown],db=[unknown],app=[unknown],client=[local] LOG:  connection received: host=[local]
2025-12-19 11:27:17 GMT [8757]: [2-1] user=Secret,db=databasesecret,app=[unknown],client=[local] LOG:  connection authorized: user=Secret database=databasesecret application_name=pg_isready
2025-12-19 11:27:17 GMT [8757]: [3-1] user=Secret,db=databasesecret,app=pg_isready,client=[local] LOG:  disconnection: session time: 0:00:00.002 user=Secret database=databasesecret host=[local]
2025-12-19 11:27:28 GMT [8765]: [1-1] user=[unknown],db=[unknown],app=[unknown],client=[local] LOG:  connection received: host=[local]
2025-12-19 11:27:28 GMT [8765]: [2-1] user=Secret,db=databasesecret,app=[unknown],client=[local] LOG:  connection authorized: user=Secret database=databasesecret application_name=pg_isready
2025-12-19 11:27:28 GMT [8765]: [3-1] user=Secret,db=databasesecret,app=pg_isready,client=[local] LOG:  disconnection: session time: 0:00:00.003 user=Secret database=databasesecret host=[local]
2025-12-19 11:27:39 GMT [8773]: [1-1] user=[unknown],db=[unknown],app=[unknown],client=[local] LOG:  connection received: host=[local]
2025-12-19 11:27:39 GMT [8773]: [2-1] user=Secret,db=databasesecret,app=[unknown],client=[local] LOG:  connection authorized: user=Secret database=databasesecret application_name=pg_isready
2025-12-19 11:27:39 GMT [8773]: [3-1] user=Secret,db=databasesecret,app=pg_isready,client=[local] LOG:  disconnection: session time: 0:00:00.001 user=Secret database=databasesecret host=[local]
2025-12-19 11:27:49 GMT [8781]: [1-1] user=[unknown],db=[unknown],app=[unknown],client=[local] LOG:  connection received: host=[local]
2025-12-19 11:27:49 GMT [8781]: [2-1] user=Secret,db=databasesecret,app=[unknown],client=[local] LOG:  connection authorized: user=Secret database=databasesecret application_name=pg_isready
2025-12-19 11:27:49 GMT [8781]: [3-1] user=Secret,db=databasesecret,app=pg_isready,client=[local] LOG:  disconnection: session time: 0:00:00.002 user=Secret database=databasesecret host=[local]
2025-12-19 11:28:02 GMT [8789]: [1-1] user=[unknown],db=[unknown],app=[unknown],client=[local] LOG:  connection received: host=[local]
2025-12-19 11:28:02 GMT [8789]: [2-1] user=Secret,db=databasesecret,app=[unknown],client=[local] LOG:  connection authorized: user=Secret database=databasesecret application_name=pg_isready
2025-12-19 11:28:02 GMT [8789]: [3-1] user=Secret,db=databasesecret,app=pg_isready,client=[local] LOG:  disconnection: session time: 0:00:00.002 user=Secret database=databasesecret host=[local]
2025-12-19 11:28:12 GMT [8797]: [1-1] user=[unknown],db=[unknown],app=[unknown],client=[local] LOG:  connection received: host=[local]
2025-12-19 11:28:12 GMT [8797]: [2-1] user=Secret,db=databasesecret,app=[unknown],client=[local] LOG:  connection authorized: user=Secret database=databasesecret application_name=pg_isready
2025-12-19 11:28:12 GMT [8797]: [3-1] user=Secret,db=databasesecret,app=pg_isready,client=[local] LOG:  disconnection: session time: 0:00:00.001 user=Secret database=databasesecret host=[local]
2025-12-19 11:28:22 GMT [8806]: [1-1] user=[unknown],db=[unknown],app=[unknown],client=[local] LOG:  connection received: host=[local]
2025-12-19 11:28:22 GMT [8806]: [2-1] user=Secret,db=databasesecret,app=[unknown],client=[local] LOG:  connection authorized: user=Secret database=databasesecret application_name=pg_isready
2025-12-19 11:28:22 GMT [8806]: [3-1] user=Secret,db=databasesecret,app=pg_isready,client=[local] LOG:  disconnection: session time: 0:00:00.003 user=Secret database=databasesecret host=[local]
2025-12-19 11:28:34 GMT [8814]: [1-1] user=[unknown],db=[unknown],app=[unknown],client=[local] LOG:  connection received: host=[local]
2025-12-19 11:28:34 GMT [8814]: [2-1] user=Secret,db=databasesecret,app=[unknown],client=[local] LOG:  connection authorized: user=Secret database=databasesecret application_name=pg_isready
2025-12-19 11:28:34 GMT [8814]: [3-1] user=Secret,db=databasesecret,app=pg_isready,client=[local] LOG:  disconnection: session time: 0:00:00.002 user=Secret database=databasesecret host=[local]
2025-12-19 11:28:44 GMT [8822]: [1-1] user=[unknown],db=[unknown],app=[unknown],client=[local] LOG:  connection received: host=[local]
2025-12-19 11:28:44 GMT [8822]: [2-1] user=Secret,db=databasesecret,app=[unknown],client=[local] LOG:  connection authorized: user=Secret database=databasesecret application_name=pg_isready
2025-12-19 11:28:44 GMT [8822]: [3-1] user=Secret,db=databasesecret,app=pg_isready,client=[local] LOG:  disconnection: session time: 0:00:00.002 user=Secret database=databasesecret host=[local]
2025-12-19 11:28:54 GMT [8830]: [1-1] user=[unknown],db=[unknown],app=[unknown],client=[local] LOG:  connection received: host=[local]
2025-12-19 11:28:54 GMT [8830]: [2-1] user=Secret,db=databasesecret,app=[unknown],client=[local] LOG:  connection authorized: user=Secret database=databasesecret application_name=pg_isready
2025-12-19 11:28:54 GMT [8830]: [3-1] user=Secret,db=databasesecret,app=pg_isready,client=[local] LOG:  disconnection: session time: 0:00:00.001 user=Secret database=databasesecret host=[local]
2025-12-19 11:29:07 GMT [8838]: [1-1] user=[unknown],db=[unknown],app=[unknown],client=[local] LOG:  connection received: host=[local]
2025-12-19 11:29:07 GMT [8838]: [2-1] user=Secret,db=databasesecret,app=[unknown],client=[local] LOG:  connection authorized: user=Secret database=databasesecret application_name=pg_isready
2025-12-19 11:29:07 GMT [8838]: [3-1] user=Secret,db=databasesecret,app=pg_isready,client=[local] LOG:  disconnection: session time: 0:00:00.003 user=Secret database=databasesecret host=[local]
2025-12-19 11:29:17 GMT [8846]: [1-1] user=[unknown],db=[unknown],app=[unknown],client=[local] LOG:  connection received: host=[local]
2025-12-19 11:29:17 GMT [8846]: [2-1] user=Secret,db=databasesecret,app=[unknown],client=[local] LOG:  connection authorized: user=Secret database=databasesecret application_name=pg_isready
2025-12-19 11:29:17 GMT [8846]: [3-1] user=Secret,db=databasesecret,app=pg_isready,client=[local] LOG:  disconnection: session time: 0:00:00.001 user=Secret database=databasesecret host=[local]
2025-12-19 11:29:27 GMT [8855]: [1-1] user=[unknown],db=[unknown],app=[unknown],client=[local] LOG:  connection received: host=[local]
2025-12-19 11:29:27 GMT [8855]: [2-1] user=Secret,db=databasesecret,app=[unknown],client=[local] LOG:  connection authorized: user=Secret database=databasesecret application_name=pg_isready
2025-12-19 11:29:27 GMT [8855]: [3-1] user=Secret,db=databasesecret,app=pg_isready,client=[local] LOG:  disconnection: session time: 0:00:00.002 user=Secret database=databasesecret host=[local]
2025-12-19 11:29:39 GMT [8863]: [1-1] user=[unknown],db=[unknown],app=[unknown],client=[local] LOG:  connection received: host=[local]
2025-12-19 11:29:39 GMT [8863]: [2-1] user=Secret,db=databasesecret,app=[unknown],client=[local] LOG:  connection authorized: user=Secret database=databasesecret application_name=pg_isready
2025-12-19 11:29:39 GMT [8863]: [3-1] user=Secret,db=databasesecret,app=pg_isready,client=[local] LOG:  disconnection: session time: 0:00:00.001 user=Secret database=databasesecret host=[local]
2025-12-19 11:29:49 GMT [8871]: [1-1] user=[unknown],db=[unknown],app=[unknown],client=[local] LOG:  connection received: host=[local]
2025-12-19 11:29:49 GMT [8871]: [2-1] user=Secret,db=databasesecret,app=[unknown],client=[local] LOG:  connection authorized: user=Secret database=databasesecret application_name=pg_isready
2025-12-19 11:29:49 GMT [8871]: [3-1] user=Secret,db=databasesecret,app=pg_isready,client=[local] LOG:  disconnection: session time: 0:00:00.001 user=Secret database=databasesecret host=[local]
2025-12-19 11:29:59 GMT [8879]: [1-1] user=[unknown],db=[unknown],app=[unknown],client=[local] LOG:  connection received: host=[local]
2025-12-19 11:29:59 GMT [8879]: [2-1] user=Secret,db=databasesecret,app=[unknown],client=[local] LOG:  connection authorized: user=Secret database=databasesecret application_name=pg_isready
2025-12-19 11:29:59 GMT [8879]: [3-1] user=Secret,db=databasesecret,app=pg_isready,client=[local] LOG:  disconnection: session time: 0:00:00.002 user=Secret database=databasesecret host=[local]
2025-12-19 11:30:12 GMT [8887]: [1-1] user=[unknown],db=[unknown],app=[unknown],client=[local] LOG:  connection received: host=[local]
2025-12-19 11:30:12 GMT [8887]: [2-1] user=Secret,db=databasesecret,app=[unknown],client=[local] LOG:  connection authorized: user=Secret database=databasesecret application_name=pg_isready
2025-12-19 11:30:12 GMT [8887]: [3-1] user=Secret,db=databasesecret,app=pg_isready,client=[local] LOG:  disconnection: session time: 0:00:00.002 user=Secret database=databasesecret host=[local]
2025-12-19 11:30:22 GMT [8895]: [1-1] user=[unknown],db=[unknown],app=[unknown],client=[local] LOG:  connection received: host=[local]
2025-12-19 11:30:22 GMT [8895]: [2-1] user=Secret,db=databasesecret,app=[unknown],client=[local] LOG:  connection authorized: user=Secret database=databasesecret application_name=pg_isready
2025-12-19 11:30:22 GMT [8895]: [3-1] user=Secret,db=databasesecret,app=pg_isready,client=[local] LOG:  disconnection: session time: 0:00:00.001 user=Secret database=databasesecret host=[local]
2025-12-19 11:30:32 GMT [8904]: [1-1] user=[unknown],db=[unknown],app=[unknown],client=[local] LOG:  connection received: host=[local]
2025-12-19 11:30:32 GMT [8904]: [2-1] user=Secret,db=databasesecret,app=[unknown],client=[local] LOG:  connection authorized: user=Secret database=databasesecret application_name=pg_isready
2025-12-19 11:30:32 GMT [8904]: [3-1] user=Secret,db=databasesecret,app=pg_isready,client=[local] LOG:  disconnection: session time: 0:00:00.001 user=Secret database=databasesecret host=[local]
2025-12-19 11:30:44 GMT [8912]: [1-1] user=[unknown],db=[unknown],app=[unknown],client=[local] LOG:  connection received: host=[local]
2025-12-19 11:30:44 GMT [8912]: [2-1] user=Secret,db=databasesecret,app=[unknown],client=[local] LOG:  connection authorized: user=Secret database=databasesecret application_name=pg_isready
2025-12-19 11:30:44 GMT [8912]: [3-1] user=Secret,db=databasesecret,app=pg_isready,client=[local] LOG:  disconnection: session time: 0:00:00.003 user=Secret database=databasesecret host=[local]
2025-12-19 11:30:55 GMT [8921]: [1-1] user=[unknown],db=[unknown],app=[unknown],client=[local] LOG:  connection received: host=[local]
2025-12-19 11:30:55 GMT [8921]: [2-1] user=Secret,db=databasesecret,app=[unknown],client=[local] LOG:  connection authorized: user=Secret database=databasesecret application_name=pg_isready
2025-12-19 11:30:55 GMT [8921]: [3-1] user=Secret,db=databasesecret,app=pg_isready,client=[local] LOG:  disconnection: session time: 0:00:00.003 user=Secret database=databasesecret host=[local]
2025-12-19 11:31:05 GMT [8929]: [1-1] user=[unknown],db=[unknown],app=[unknown],client=[local] LOG:  connection received: host=[local]
2025-12-19 11:31:05 GMT [8929]: [2-1] user=Secret,db=databasesecret,app=[unknown],client=[local] LOG:  connection authorized: user=Secret database=databasesecret application_name=pg_isready
2025-12-19 11:31:05 GMT [8929]: [3-1] user=Secret,db=databasesecret,app=pg_isready,client=[local] LOG:  disconnection: session time: 0:00:00.001 user=Secret database=databasesecret host=[local]
2025-12-19 11:31:17 GMT [8937]: [1-1] user=[unknown],db=[unknown],app=[unknown],client=[local] LOG:  connection received: host=[local]
2025-12-19 11:31:17 GMT [8937]: [2-1] user=Secret,db=databasesecret,app=[unknown],client=[local] LOG:  connection authorized: user=Secret database=databasesecret application_name=pg_isready
2025-12-19 11:31:17 GMT [8937]: [3-1] user=Secret,db=databasesecret,app=pg_isready,client=[local] LOG:  disconnection: session time: 0:00:00.002 user=Secret database=databasesecret host=[local]
2025-12-19 11:31:27 GMT [8945]: [1-1] user=[unknown],db=[unknown],app=[unknown],client=[local] LOG:  connection received: host=[local]
2025-12-19 11:31:27 GMT [8945]: [2-1] user=Secret,db=databasesecret,app=[unknown],client=[local] LOG:  connection authorized: user=Secret database=databasesecret application_name=pg_isready
2025-12-19 11:31:27 GMT [8945]: [3-1] user=Secret,db=databasesecret,app=pg_isready,client=[local] LOG:  disconnection: session time: 0:00:00.003 user=Secret database=databasesecret host=[local]
2025-12-19 11:31:37 GMT [8954]: [1-1] user=[unknown],db=[unknown],app=[unknown],client=[local] LOG:  connection received: host=[local]
2025-12-19 11:31:37 GMT [8954]: [2-1] user=Secret,db=databasesecret,app=[unknown],client=[local] LOG:  connection authorized: user=Secret database=databasesecret application_name=pg_isready
2025-12-19 11:31:37 GMT [8954]: [3-1] user=Secret,db=databasesecret,app=pg_isready,client=[local] LOG:  disconnection: session time: 0:00:00.001 user=Secret database=databasesecret host=[local]
2025-12-19 11:31:49 GMT [8962]: [1-1] user=[unknown],db=[unknown],app=[unknown],client=[local] LOG:  connection received: host=[local]
2025-12-19 11:31:49 GMT [8962]: [2-1] user=Secret,db=databasesecret,app=[unknown],client=[local] LOG:  connection authorized: user=Secret database=databasesecret application_name=pg_isready
2025-12-19 11:31:49 GMT [8962]: [3-1] user=Secret,db=databasesecret,app=pg_isready,client=[local] LOG:  disconnection: session time: 0:00:00.001 user=Secret database=databasesecret host=[local]
2025-12-19 11:31:59 GMT [8971]: [1-1] user=[unknown],db=[unknown],app=[unknown],client=[local] LOG:  connection received: host=[local]
2025-12-19 11:31:59 GMT [8971]: [2-1] user=Secret,db=databasesecret,app=[unknown],client=[local] LOG:  connection authorized: user=Secret database=databasesecret application_name=pg_isready
2025-12-19 11:31:59 GMT [8971]: [3-1] user=Secret,db=databasesecret,app=pg_isready,client=[local] LOG:  disconnection: session time: 0:00:00.003 user=Secret database=databasesecret host=[local]
2025-12-19 11:32:09 GMT [8979]: [1-1] user=[unknown],db=[unknown],app=[unknown],client=[local] LOG:  connection received: host=[local]
2025-12-19 11:32:09 GMT [8979]: [2-1] user=Secret,db=databasesecret,app=[unknown],client=[local] LOG:  connection authorized: user=Secret database=databasesecret application_name=pg_isready
2025-12-19 11:32:09 GMT [8979]: [3-1] user=Secret,db=databasesecret,app=pg_isready,client=[local] LOG:  disconnection: session time: 0:00:00.002 user=Secret database=databasesecret host=[local]
2025-12-19 11:32:22 GMT [8987]: [1-1] user=[unknown],db=[unknown],app=[unknown],client=[local] LOG:  connection received: host=[local]
2025-12-19 11:32:22 GMT [8987]: [2-1] user=Secret,db=databasesecret,app=[unknown],client=[local] LOG:  connection authorized: user=Secret database=databasesecret application_name=pg_isready
2025-12-19 11:32:22 GMT [8987]: [3-1] user=Secret,db=databasesecret,app=pg_isready,client=[local] LOG:  disconnection: session time: 0:00:00.004 user=Secret database=databasesecret host=[local]
2025-12-19 11:32:32 GMT [8996]: [1-1] user=[unknown],db=[unknown],app=[unknown],client=[local] LOG:  connection received: host=[local]
2025-12-19 11:32:32 GMT [8996]: [2-1] user=Secret,db=databasesecret,app=[unknown],client=[local] LOG:  connection authorized: user=Secret database=databasesecret application_name=pg_isready
2025-12-19 11:32:32 GMT [8996]: [3-1] user=Secret,db=databasesecret,app=pg_isready,client=[local] LOG:  disconnection: session time: 0:00:00.002 user=Secret database=databasesecret host=[local]
2025-12-19 11:32:42 GMT [9004]: [1-1] user=[unknown],db=[unknown],app=[unknown],client=[local] LOG:  connection received: host=[local]
2025-12-19 11:32:42 GMT [9004]: [2-1] user=Secret,db=databasesecret,app=[unknown],client=[local] LOG:  connection authorized: user=Secret database=databasesecret application_name=pg_isready
2025-12-19 11:32:42 GMT [9004]: [3-1] user=Secret,db=databasesecret,app=pg_isready,client=[local] LOG:  disconnection: session time: 0:00:00.002 user=Secret database=databasesecret host=[local]
2025-12-19 11:32:55 GMT [9012]: [1-1] user=[unknown],db=[unknown],app=[unknown],client=[local] LOG:  connection received: host=[local]
2025-12-19 11:32:55 GMT [9012]: [2-1] user=Secret,db=databasesecret,app=[unknown],client=[local] LOG:  connection authorized: user=Secret database=databasesecret application_name=pg_isready
2025-12-19 11:32:55 GMT [9012]: [3-1] user=Secret,db=databasesecret,app=pg_isready,client=[local] LOG:  disconnection: session time: 0:00:00.002 user=Secret database=databasesecret host=[local]
2025-12-19 11:33:05 GMT [9020]: [1-1] user=[unknown],db=[unknown],app=[unknown],client=[local] LOG:  connection received: host=[local]
2025-12-19 11:33:05 GMT [9020]: [2-1] user=Secret,db=databasesecret,app=[unknown],client=[local] LOG:  connection authorized: user=Secret database=databasesecret application_name=pg_isready
2025-12-19 11:33:05 GMT [9020]: [3-1] user=Secret,db=databasesecret,app=pg_isready,client=[local] LOG:  disconnection: session time: 0:00:00.001 user=Secret database=databasesecret host=[local]
2025-12-19 11:33:15 GMT [9028]: [1-1] user=[unknown],db=[unknown],app=[unknown],client=[local] LOG:  connection received: host=[local]
2025-12-19 11:33:15 GMT [9028]: [2-1] user=Secret,db=databasesecret,app=[unknown],client=[local] LOG:  connection authorized: user=Secret database=databasesecret application_name=pg_isready
2025-12-19 11:33:15 GMT [9028]: [3-1] user=Secret,db=databasesecret,app=pg_isready,client=[local] LOG:  disconnection: session time: 0:00:00.001 user=Secret database=databasesecret host=[local]
2025-12-19 11:33:27 GMT [9036]: [1-1] user=[unknown],db=[unknown],app=[unknown],client=[local] LOG:  connection received: host=[local]
2025-12-19 11:33:27 GMT [9036]: [2-1] user=Secret,db=databasesecret,app=[unknown],client=[local] LOG:  connection authorized: user=Secret database=databasesecret application_name=pg_isready
2025-12-19 11:33:27 GMT [9036]: [3-1] user=Secret,db=databasesecret,app=pg_isready,client=[local] LOG:  disconnection: session time: 0:00:00.002 user=Secret database=databasesecret host=[local]
2025-12-19 11:33:37 GMT [9045]: [1-1] user=[unknown],db=[unknown],app=[unknown],client=[local] LOG:  connection received: host=[local]
2025-12-19 11:33:37 GMT [9045]: [2-1] user=Secret,db=databasesecret,app=[unknown],client=[local] LOG:  connection authorized: user=Secret database=databasesecret application_name=pg_isready
2025-12-19 11:33:37 GMT [9045]: [3-1] user=Secret,db=databasesecret,app=pg_isready,client=[local] LOG:  disconnection: session time: 0:00:00.002 user=Secret database=databasesecret host=[local]
2025-12-19 11:33:47 GMT [9053]: [1-1] user=[unknown],db=[unknown],app=[unknown],client=[local] LOG:  connection received: host=[local]
2025-12-19 11:33:47 GMT [9053]: [2-1] user=Secret,db=databasesecret,app=[unknown],client=[local] LOG:  connection authorized: user=Secret database=databasesecret application_name=pg_isready
2025-12-19 11:33:47 GMT [9053]: [3-1] user=Secret,db=databasesecret,app=pg_isready,client=[local] LOG:  disconnection: session time: 0:00:00.003 user=Secret database=databasesecret host=[local]
2025-12-19 11:33:59 GMT [9061]: [1-1] user=[unknown],db=[unknown],app=[unknown],client=[local] LOG:  connection received: host=[local]
2025-12-19 11:33:59 GMT [9061]: [2-1] user=Secret,db=databasesecret,app=[unknown],client=[local] LOG:  connection authorized: user=Secret database=databasesecret application_name=pg_isready
2025-12-19 11:33:59 GMT [9061]: [3-1] user=Secret,db=databasesecret,app=pg_isready,client=[local] LOG:  disconnection: session time: 0:00:00.001 user=Secret database=databasesecret host=[local]
2025-12-19 11:34:10 GMT [9069]: [1-1] user=[unknown],db=[unknown],app=[unknown],client=[local] LOG:  connection received: host=[local]
2025-12-19 11:34:10 GMT [9069]: [2-1] user=Secret,db=databasesecret,app=[unknown],client=[local] LOG:  connection authorized: user=Secret database=databasesecret application_name=pg_isready
2025-12-19 11:34:10 GMT [9069]: [3-1] user=Secret,db=databasesecret,app=pg_isready,client=[local] LOG:  disconnection: session time: 0:00:00.001 user=Secret database=databasesecret host=[local]
2025-12-19 11:34:20 GMT [9077]: [1-1] user=[unknown],db=[unknown],app=[unknown],client=[local] LOG:  connection received: host=[local]
2025-12-19 11:34:20 GMT [9077]: [2-1] user=Secret,db=databasesecret,app=[unknown],client=[local] LOG:  connection authorized: user=Secret database=databasesecret application_name=pg_isready
2025-12-19 11:34:20 GMT [9077]: [3-1] user=Secret,db=databasesecret,app=pg_isready,client=[local] LOG:  disconnection: session time: 0:00:00.002 user=Secret database=databasesecret host=[local]
2025-12-19 11:34:32 GMT [9085]: [1-1] user=[unknown],db=[unknown],app=[unknown],client=[local] LOG:  connection received: host=[local]
2025-12-19 11:34:32 GMT [9085]: [2-1] user=Secret,db=databasesecret,app=[unknown],client=[local] LOG:  connection authorized: user=Secret database=databasesecret application_name=pg_isready
2025-12-19 11:34:32 GMT [9085]: [3-1] user=Secret,db=databasesecret,app=pg_isready,client=[local] LOG:  disconnection: session time: 0:00:00.002 user=Secret database=databasesecret host=[local]
2025-12-19 11:34:42 GMT [9094]: [1-1] user=[unknown],db=[unknown],app=[unknown],client=[local] LOG:  connection received: host=[local]
2025-12-19 11:34:42 GMT [9094]: [2-1] user=Secret,db=databasesecret,app=[unknown],client=[local] LOG:  connection authorized: user=Secret database=databasesecret application_name=pg_isready
2025-12-19 11:34:42 GMT [9094]: [3-1] user=Secret,db=databasesecret,app=pg_isready,client=[local] LOG:  disconnection: session time: 0:00:00.002 user=Secret database=databasesecret host=[local]
2025-12-19 11:34:52 GMT [9102]: [1-1] user=[unknown],db=[unknown],app=[unknown],client=[local] LOG:  connection received: host=[local]
2025-12-19 11:34:52 GMT [9102]: [2-1] user=Secret,db=databasesecret,app=[unknown],client=[local] LOG:  connection authorized: user=Secret database=databasesecret application_name=pg_isready
2025-12-19 11:34:52 GMT [9102]: [3-1] user=Secret,db=databasesecret,app=pg_isready,client=[local] LOG:  disconnection: session time: 0:00:00.002 user=Secret database=databasesecret host=[local]
2025-12-19 11:35:05 GMT [9110]: [1-1] user=[unknown],db=[unknown],app=[unknown],client=[local] LOG:  connection received: host=[local]
2025-12-19 11:35:05 GMT [9110]: [2-1] user=Secret,db=databasesecret,app=[unknown],client=[local] LOG:  connection authorized: user=Secret database=databasesecret application_name=pg_isready
2025-12-19 11:35:05 GMT [9110]: [3-1] user=Secret,db=databasesecret,app=pg_isready,client=[local] LOG:  disconnection: session time: 0:00:00.002 user=Secret database=databasesecret host=[local]
2025-12-19 11:35:15 GMT [9118]: [1-1] user=[unknown],db=[unknown],app=[unknown],client=[local] LOG:  connection received: host=[local]
2025-12-19 11:35:15 GMT [9118]: [2-1] user=Secret,db=databasesecret,app=[unknown],client=[local] LOG:  connection authorized: user=Secret database=databasesecret application_name=pg_isready
2025-12-19 11:35:15 GMT [9118]: [3-1] user=Secret,db=databasesecret,app=pg_isready,client=[local] LOG:  disconnection: session time: 0:00:00.002 user=Secret database=databasesecret host=[local]
2025-12-19 11:35:25 GMT [9126]: [1-1] user=[unknown],db=[unknown],app=[unknown],client=[local] LOG:  connection received: host=[local]
2025-12-19 11:35:25 GMT [9126]: [2-1] user=Secret,db=databasesecret,app=[unknown],client=[local] LOG:  connection authorized: user=Secret database=databasesecret application_name=pg_isready
2025-12-19 11:35:25 GMT [9126]: [3-1] user=Secret,db=databasesecret,app=pg_isready,client=[local] LOG:  disconnection: session time: 0:00:00.003 user=Secret database=databasesecret host=[local]
2025-12-19 11:35:37 GMT [9134]: [1-1] user=[unknown],db=[unknown],app=[unknown],client=[local] LOG:  connection received: host=[local]
2025-12-19 11:35:37 GMT [9134]: [2-1] user=Secret,db=databasesecret,app=[unknown],client=[local] LOG:  connection authorized: user=Secret database=databasesecret application_name=pg_isready
2025-12-19 11:35:37 GMT [9134]: [3-1] user=Secret,db=databasesecret,app=pg_isready,client=[local] LOG:  disconnection: session time: 0:00:00.003 user=Secret database=databasesecret host=[local]
2025-12-19 11:35:47 GMT [9143]: [1-1] user=[unknown],db=[unknown],app=[unknown],client=[local] LOG:  connection received: host=[local]
2025-12-19 11:35:47 GMT [9143]: [2-1] user=Secret,db=databasesecret,app=[unknown],client=[local] LOG:  connection authorized: user=Secret database=databasesecret application_name=pg_isready
2025-12-19 11:35:47 GMT [9143]: [3-1] user=Secret,db=databasesecret,app=pg_isready,client=[local] LOG:  disconnection: session time: 0:00:00.003 user=Secret database=databasesecret host=[local]
2025-12-19 11:35:58 GMT [9151]: [1-1] user=[unknown],db=[unknown],app=[unknown],client=[local] LOG:  connection received: host=[local]
2025-12-19 11:35:58 GMT [9151]: [2-1] user=Secret,db=databasesecret,app=[unknown],client=[local] LOG:  connection authorized: user=Secret database=databasesecret application_name=pg_isready
2025-12-19 11:35:58 GMT [9151]: [3-1] user=Secret,db=databasesecret,app=pg_isready,client=[local] LOG:  disconnection: session time: 0:00:00.002 user=Secret database=databasesecret host=[local]
2025-12-19 11:36:10 GMT [9159]: [1-1] user=[unknown],db=[unknown],app=[unknown],client=[local] LOG:  connection received: host=[local]
2025-12-19 11:36:10 GMT [9159]: [2-1] user=Secret,db=databasesecret,app=[unknown],client=[local] LOG:  connection authorized: user=Secret database=databasesecret application_name=pg_isready
2025-12-19 11:36:10 GMT [9159]: [3-1] user=Secret,db=databasesecret,app=pg_isready,client=[local] LOG:  disconnection: session time: 0:00:00.002 user=Secret database=databasesecret host=[local]
2025-12-19 11:36:20 GMT [9167]: [1-1] user=[unknown],db=[unknown],app=[unknown],client=[local] LOG:  connection received: host=[local]
2025-12-19 11:36:20 GMT [9167]: [2-1] user=Secret,db=databasesecret,app=[unknown],client=[local] LOG:  connection authorized: user=Secret database=databasesecret application_name=pg_isready
2025-12-19 11:36:20 GMT [9167]: [3-1] user=Secret,db=databasesecret,app=pg_isready,client=[local] LOG:  disconnection: session time: 0:00:00.004 user=Secret database=databasesecret host=[local]
2025-12-19 11:36:30 GMT [9175]: [1-1] user=[unknown],db=[unknown],app=[unknown],client=[local] LOG:  connection received: host=[local]
2025-12-19 11:36:30 GMT [9175]: [2-1] user=Secret,db=databasesecret,app=[unknown],client=[local] LOG:  connection authorized: user=Secret database=databasesecret application_name=pg_isready
2025-12-19 11:36:30 GMT [9175]: [3-1] user=Secret,db=databasesecret,app=pg_isready,client=[local] LOG:  disconnection: session time: 0:00:00.003 user=Secret database=databasesecret host=[local]
2025-12-19 11:36:42 GMT [9183]: [1-1] user=[unknown],db=[unknown],app=[unknown],client=[local] LOG:  connection received: host=[local]
2025-12-19 11:36:42 GMT [9183]: [2-1] user=Secret,db=databasesecret,app=[unknown],client=[local] LOG:  connection authorized: user=Secret database=databasesecret application_name=pg_isready
2025-12-19 11:36:42 GMT [9183]: [3-1] user=Secret,db=databasesecret,app=pg_isready,client=[local] LOG:  disconnection: session time: 0:00:00.004 user=Secret database=databasesecret host=[local]
2025-12-19 11:36:52 GMT [9192]: [1-1] user=[unknown],db=[unknown],app=[unknown],client=[local] LOG:  connection received: host=[local]
2025-12-19 11:36:52 GMT [9192]: [2-1] user=Secret,db=databasesecret,app=[unknown],client=[local] LOG:  connection authorized: user=Secret database=databasesecret application_name=pg_isready
2025-12-19 11:36:52 GMT [9192]: [3-1] user=Secret,db=databasesecret,app=pg_isready,client=[local] LOG:  disconnection: session time: 0:00:00.002 user=Secret database=databasesecret host=[local]
2025-12-19 11:37:03 GMT [9200]: [1-1] user=[unknown],db=[unknown],app=[unknown],client=[local] LOG:  connection received: host=[local]
2025-12-19 11:37:03 GMT [9200]: [2-1] user=Secret,db=databasesecret,app=[unknown],client=[local] LOG:  connection authorized: user=Secret database=databasesecret application_name=pg_isready
2025-12-19 11:37:03 GMT [9200]: [3-1] user=Secret,db=databasesecret,app=pg_isready,client=[local] LOG:  disconnection: session time: 0:00:00.004 user=Secret database=databasesecret host=[local]
2025-12-19 11:37:15 GMT [9208]: [1-1] user=[unknown],db=[unknown],app=[unknown],client=[local] LOG:  connection received: host=[local]
2025-12-19 11:37:15 GMT [9208]: [2-1] user=Secret,db=databasesecret,app=[unknown],client=[local] LOG:  connection authorized: user=Secret database=databasesecret application_name=pg_isready
2025-12-19 11:37:15 GMT [9208]: [3-1] user=Secret,db=databasesecret,app=pg_isready,client=[local] LOG:  disconnection: session time: 0:00:00.001 user=Secret database=databasesecret host=[local]
2025-12-19 11:37:25 GMT [9216]: [1-1] user=[unknown],db=[unknown],app=[unknown],client=[local] LOG:  connection received: host=[local]
2025-12-19 11:37:25 GMT [9216]: [2-1] user=Secret,db=databasesecret,app=[unknown],client=[local] LOG:  connection authorized: user=Secret database=databasesecret application_name=pg_isready
2025-12-19 11:37:25 GMT [9216]: [3-1] user=Secret,db=databasesecret,app=pg_isready,client=[local] LOG:  disconnection: session time: 0:00:00.001 user=Secret database=databasesecret host=[local]
2025-12-19 11:37:35 GMT [9224]: [1-1] user=[unknown],db=[unknown],app=[unknown],client=[local] LOG:  connection received: host=[local]
2025-12-19 11:37:35 GMT [9224]: [2-1] user=Secret,db=databasesecret,app=[unknown],client=[local] LOG:  connection authorized: user=Secret database=databasesecret application_name=pg_isready
2025-12-19 11:37:35 GMT [9224]: [3-1] user=Secret,db=databasesecret,app=pg_isready,client=[local] LOG:  disconnection: session time: 0:00:00.003 user=Secret database=databasesecret host=[local]
2025-12-19 11:37:47 GMT [9232]: [1-1] user=[unknown],db=[unknown],app=[unknown],client=[local] LOG:  connection received: host=[local]
2025-12-19 11:37:47 GMT [9232]: [2-1] user=Secret,db=databasesecret,app=[unknown],client=[local] LOG:  connection authorized: user=Secret database=databasesecret application_name=pg_isready
2025-12-19 11:37:47 GMT [9232]: [3-1] user=Secret,db=databasesecret,app=pg_isready,client=[local] LOG:  disconnection: session time: 0:00:00.002 user=Secret database=databasesecret host=[local]
2025-12-19 11:37:57 GMT [9241]: [1-1] user=[unknown],db=[unknown],app=[unknown],client=[local] LOG:  connection received: host=[local]
2025-12-19 11:37:57 GMT [9241]: [2-1] user=Secret,db=databasesecret,app=[unknown],client=[local] LOG:  connection authorized: user=Secret database=databasesecret application_name=pg_isready
2025-12-19 11:37:57 GMT [9241]: [3-1] user=Secret,db=databasesecret,app=pg_isready,client=[local] LOG:  disconnection: session time: 0:00:00.002 user=Secret database=databasesecret host=[local]
2025-12-19 11:38:08 GMT [9249]: [1-1] user=[unknown],db=[unknown],app=[unknown],client=[local] LOG:  connection received: host=[local]
2025-12-19 11:38:08 GMT [9249]: [2-1] user=Secret,db=databasesecret,app=[unknown],client=[local] LOG:  connection authorized: user=Secret database=databasesecret application_name=pg_isready
2025-12-19 11:38:08 GMT [9249]: [3-1] user=Secret,db=databasesecret,app=pg_isready,client=[local] LOG:  disconnection: session time: 0:00:00.005 user=Secret database=databasesecret host=[local]
2025-12-19 11:38:20 GMT [9257]: [1-1] user=[unknown],db=[unknown],app=[unknown],client=[local] LOG:  connection received: host=[local]
2025-12-19 11:38:20 GMT [9257]: [2-1] user=Secret,db=databasesecret,app=[unknown],client=[local] LOG:  connection authorized: user=Secret database=databasesecret application_name=pg_isready
2025-12-19 11:38:20 GMT [9257]: [3-1] user=Secret,db=databasesecret,app=pg_isready,client=[local] LOG:  disconnection: session time: 0:00:00.001 user=Secret database=databasesecret host=[local]
2025-12-19 11:38:30 GMT [9265]: [1-1] user=[unknown],db=[unknown],app=[unknown],client=[local] LOG:  connection received: host=[local]
2025-12-19 11:38:30 GMT [9265]: [2-1] user=Secret,db=databasesecret,app=[unknown],client=[local] LOG:  connection authorized: user=Secret database=databasesecret application_name=pg_isready
2025-12-19 11:38:30 GMT [9265]: [3-1] user=Secret,db=databasesecret,app=pg_isready,client=[local] LOG:  disconnection: session time: 0:00:00.002 user=Secret database=databasesecret host=[local]
2025-12-19 11:38:42 GMT [9273]: [1-1] user=[unknown],db=[unknown],app=[unknown],client=[local] LOG:  connection received: host=[local]
2025-12-19 11:38:42 GMT [9273]: [2-1] user=Secret,db=databasesecret,app=[unknown],client=[local] LOG:  connection authorized: user=Secret database=databasesecret application_name=pg_isready
2025-12-19 11:38:42 GMT [9273]: [3-1] user=Secret,db=databasesecret,app=pg_isready,client=[local] LOG:  disconnection: session time: 0:00:00.003 user=Secret database=databasesecret host=[local]
2025-12-19 11:38:53 GMT [9281]: [1-1] user=[unknown],db=[unknown],app=[unknown],client=[local] LOG:  connection received: host=[local]
2025-12-19 11:38:53 GMT [9281]: [2-1] user=Secret,db=databasesecret,app=[unknown],client=[local] LOG:  connection authorized: user=Secret database=databasesecret application_name=pg_isready
2025-12-19 11:38:53 GMT [9281]: [3-1] user=Secret,db=databasesecret,app=pg_isready,client=[local] LOG:  disconnection: session time: 0:00:00.002 user=Secret database=databasesecret host=[local]
2025-12-19 11:39:03 GMT [9290]: [1-1] user=[unknown],db=[unknown],app=[unknown],client=[local] LOG:  connection received: host=[local]
2025-12-19 11:39:03 GMT [9290]: [2-1] user=Secret,db=databasesecret,app=[unknown],client=[local] LOG:  connection authorized: user=Secret database=databasesecret application_name=pg_isready
2025-12-19 11:39:03 GMT [9290]: [3-1] user=Secret,db=databasesecret,app=pg_isready,client=[local] LOG:  disconnection: session time: 0:00:00.003 user=Secret database=databasesecret host=[local]
2025-12-19 11:39:15 GMT [9298]: [1-1] user=[unknown],db=[unknown],app=[unknown],client=[local] LOG:  connection received: host=[local]
2025-12-19 11:39:15 GMT [9298]: [2-1] user=Secret,db=databasesecret,app=[unknown],client=[local] LOG:  connection authorized: user=Secret database=databasesecret application_name=pg_isready
2025-12-19 11:39:15 GMT [9298]: [3-1] user=Secret,db=databasesecret,app=pg_isready,client=[local] LOG:  disconnection: session time: 0:00:00.002 user=Secret database=databasesecret host=[local]
2025-12-19 11:39:25 GMT [9306]: [1-1] user=[unknown],db=[unknown],app=[unknown],client=[local] LOG:  connection received: host=[local]
2025-12-19 11:39:25 GMT [9306]: [2-1] user=Secret,db=databasesecret,app=[unknown],client=[local] LOG:  connection authorized: user=Secret database=databasesecret application_name=pg_isready
2025-12-19 11:39:25 GMT [9306]: [3-1] user=Secret,db=databasesecret,app=pg_isready,client=[local] LOG:  disconnection: session time: 0:00:00.003 user=Secret database=databasesecret host=[local]
2025-12-19 11:39:35 GMT [9314]: [1-1] user=[unknown],db=[unknown],app=[unknown],client=[local] LOG:  connection received: host=[local]
2025-12-19 11:39:35 GMT [9314]: [2-1] user=Secret,db=databasesecret,app=[unknown],client=[local] LOG:  connection authorized: user=Secret database=databasesecret application_name=pg_isready
2025-12-19 11:39:35 GMT [9314]: [3-1] user=Secret,db=databasesecret,app=pg_isready,client=[local] LOG:  disconnection: session time: 0:00:00.003 user=Secret database=databasesecret host=[local]
2025-12-19 11:39:47 GMT [9322]: [1-1] user=[unknown],db=[unknown],app=[unknown],client=[local] LOG:  connection received: host=[local]
2025-12-19 11:39:47 GMT [9322]: [2-1] user=Secret,db=databasesecret,app=[unknown],client=[local] LOG:  connection authorized: user=Secret database=databasesecret application_name=pg_isready
2025-12-19 11:39:47 GMT [9322]: [3-1] user=Secret,db=databasesecret,app=pg_isready,client=[local] LOG:  disconnection: session time: 0:00:00.002 user=Secret database=databasesecret host=[local]
2025-12-19 11:39:57 GMT [9330]: [1-1] user=[unknown],db=[unknown],app=[unknown],client=[local] LOG:  connection received: host=[local]
2025-12-19 11:39:57 GMT [9330]: [2-1] user=Secret,db=databasesecret,app=[unknown],client=[local] LOG:  connection authorized: user=Secret database=databasesecret application_name=pg_isready
2025-12-19 11:39:57 GMT [9330]: [3-1] user=Secret,db=databasesecret,app=pg_isready,client=[local] LOG:  disconnection: session time: 0:00:00.002 user=Secret database=databasesecret host=[local]
2025-12-19 11:40:08 GMT [9339]: [1-1] user=[unknown],db=[unknown],app=[unknown],client=[local] LOG:  connection received: host=[local]
2025-12-19 11:40:08 GMT [9339]: [2-1] user=Secret,db=databasesecret,app=[unknown],client=[local] LOG:  connection authorized: user=Secret database=databasesecret application_name=pg_isready
2025-12-19 11:40:08 GMT [9339]: [3-1] user=Secret,db=databasesecret,app=pg_isready,client=[local] LOG:  disconnection: session time: 0:00:00.002 user=Secret database=databasesecret host=[local]
2025-12-19 11:40:20 GMT [9347]: [1-1] user=[unknown],db=[unknown],app=[unknown],client=[local] LOG:  connection received: host=[local]
2025-12-19 11:40:20 GMT [9347]: [2-1] user=Secret,db=databasesecret,app=[unknown],client=[local] LOG:  connection authorized: user=Secret database=databasesecret application_name=pg_isready
2025-12-19 11:40:20 GMT [9347]: [3-1] user=Secret,db=databasesecret,app=pg_isready,client=[local] LOG:  disconnection: session time: 0:00:00.001 user=Secret database=databasesecret host=[local]
2025-12-19 11:40:30 GMT [9355]: [1-1] user=[unknown],db=[unknown],app=[unknown],client=[local] LOG:  connection received: host=[local]
2025-12-19 11:40:30 GMT [9355]: [2-1] user=Secret,db=databasesecret,app=[unknown],client=[local] LOG:  connection authorized: user=Secret database=databasesecret application_name=pg_isready
2025-12-19 11:40:30 GMT [9355]: [3-1] user=Secret,db=databasesecret,app=pg_isready,client=[local] LOG:  disconnection: session time: 0:00:00.003 user=Secret database=databasesecret host=[local]
2025-12-19 11:40:40 GMT [9363]: [1-1] user=[unknown],db=[unknown],app=[unknown],client=[local] LOG:  connection received: host=[local]
2025-12-19 11:40:40 GMT [9363]: [2-1] user=Secret,db=databasesecret,app=[unknown],client=[local] LOG:  connection authorized: user=Secret database=databasesecret application_name=pg_isready
2025-12-19 11:40:40 GMT [9363]: [3-1] user=Secret,db=databasesecret,app=pg_isready,client=[local] LOG:  disconnection: session time: 0:00:00.003 user=Secret database=databasesecret host=[local]
2025-12-19 11:40:52 GMT [9371]: [1-1] user=[unknown],db=[unknown],app=[unknown],client=[local] LOG:  connection received: host=[local]
2025-12-19 11:40:52 GMT [9371]: [2-1] user=Secret,db=databasesecret,app=[unknown],client=[local] LOG:  connection authorized: user=Secret database=databasesecret application_name=pg_isready
2025-12-19 11:40:52 GMT [9371]: [3-1] user=Secret,db=databasesecret,app=pg_isready,client=[local] LOG:  disconnection: session time: 0:00:00.001 user=Secret database=databasesecret host=[local]
2025-12-19 11:41:03 GMT [9379]: [1-1] user=[unknown],db=[unknown],app=[unknown],client=[local] LOG:  connection received: host=[local]
2025-12-19 11:41:03 GMT [9379]: [2-1] user=Secret,db=databasesecret,app=[unknown],client=[local] LOG:  connection authorized: user=Secret database=databasesecret application_name=pg_isready
2025-12-19 11:41:03 GMT [9379]: [3-1] user=Secret,db=databasesecret,app=pg_isready,client=[local] LOG:  disconnection: session time: 0:00:00.002 user=Secret database=databasesecret host=[local]
2025-12-19 11:41:13 GMT [9388]: [1-1] user=[unknown],db=[unknown],app=[unknown],client=[local] LOG:  connection received: host=[local]
2025-12-19 11:41:13 GMT [9388]: [2-1] user=Secret,db=databasesecret,app=[unknown],client=[local] LOG:  connection authorized: user=Secret database=databasesecret application_name=pg_isready
2025-12-19 11:41:13 GMT [9388]: [3-1] user=Secret,db=databasesecret,app=pg_isready,client=[local] LOG:  disconnection: session time: 0:00:00.003 user=Secret database=databasesecret host=[local]
2025-12-19 11:41:25 GMT [9396]: [1-1] user=[unknown],db=[unknown],app=[unknown],client=[local] LOG:  connection received: host=[local]
2025-12-19 11:41:25 GMT [9396]: [2-1] user=Secret,db=databasesecret,app=[unknown],client=[local] LOG:  connection authorized: user=Secret database=databasesecret application_name=pg_isready
2025-12-19 11:41:25 GMT [9396]: [3-1] user=Secret,db=databasesecret,app=pg_isready,client=[local] LOG:  disconnection: session time: 0:00:00.001 user=Secret database=databasesecret host=[local]
2025-12-19 11:41:35 GMT [9404]: [1-1] user=[unknown],db=[unknown],app=[unknown],client=[local] LOG:  connection received: host=[local]
2025-12-19 11:41:35 GMT [9404]: [2-1] user=Secret,db=databasesecret,app=[unknown],client=[local] LOG:  connection authorized: user=Secret database=databasesecret application_name=pg_isready
2025-12-19 11:41:35 GMT [9404]: [3-1] user=Secret,db=databasesecret,app=pg_isready,client=[local] LOG:  disconnection: session time: 0:00:00.003 user=Secret database=databasesecret host=[local]
2025-12-19 11:41:45 GMT [9412]: [1-1] user=[unknown],db=[unknown],app=[unknown],client=[local] LOG:  connection received: host=[local]
2025-12-19 11:41:45 GMT [9412]: [2-1] user=Secret,db=databasesecret,app=[unknown],client=[local] LOG:  connection authorized: user=Secret database=databasesecret application_name=pg_isready
2025-12-19 11:41:45 GMT [9412]: [3-1] user=Secret,db=databasesecret,app=pg_isready,client=[local] LOG:  disconnection: session time: 0:00:00.002 user=Secret database=databasesecret host=[local]
2025-12-19 11:41:57 GMT [9420]: [1-1] user=[unknown],db=[unknown],app=[unknown],client=[local] LOG:  connection received: host=[local]
2025-12-19 11:41:57 GMT [9420]: [2-1] user=Secret,db=databasesecret,app=[unknown],client=[local] LOG:  connection authorized: user=Secret database=databasesecret application_name=pg_isready
2025-12-19 11:41:57 GMT [9420]: [3-1] user=Secret,db=databasesecret,app=pg_isready,client=[local] LOG:  disconnection: session time: 0:00:00.002 user=Secret database=databasesecret host=[local]
2025-12-19 11:42:08 GMT [9428]: [1-1] user=[unknown],db=[unknown],app=[unknown],client=[local] LOG:  connection received: host=[local]
2025-12-19 11:42:08 GMT [9428]: [2-1] user=Secret,db=databasesecret,app=[unknown],client=[local] LOG:  connection authorized: user=Secret database=databasesecret application_name=pg_isready
2025-12-19 11:42:08 GMT [9428]: [3-1] user=Secret,db=databasesecret,app=pg_isready,client=[local] LOG:  disconnection: session time: 0:00:00.002 user=Secret database=databasesecret host=[local]
2025-12-19 11:42:18 GMT [9437]: [1-1] user=[unknown],db=[unknown],app=[unknown],client=[local] LOG:  connection received: host=[local]
2025-12-19 11:42:18 GMT [9437]: [2-1] user=Secret,db=databasesecret,app=[unknown],client=[local] LOG:  connection authorized: user=Secret database=databasesecret application_name=pg_isready
2025-12-19 11:42:18 GMT [9437]: [3-1] user=Secret,db=databasesecret,app=pg_isready,client=[local] LOG:  disconnection: session time: 0:00:00.002 user=Secret database=databasesecret host=[local]
2025-12-19 11:42:30 GMT [9445]: [1-1] user=[unknown],db=[unknown],app=[unknown],client=[local] LOG:  connection received: host=[local]
2025-12-19 11:42:30 GMT [9445]: [2-1] user=Secret,db=databasesecret,app=[unknown],client=[local] LOG:  connection authorized: user=Secret database=databasesecret application_name=pg_isready
2025-12-19 11:42:30 GMT [9445]: [3-1] user=Secret,db=databasesecret,app=pg_isready,client=[local] LOG:  disconnection: session time: 0:00:00.003 user=Secret database=databasesecret host=[local]
2025-12-19 11:42:40 GMT [9453]: [1-1] user=[unknown],db=[unknown],app=[unknown],client=[local] LOG:  connection received: host=[local]
2025-12-19 11:42:40 GMT [9453]: [2-1] user=Secret,db=databasesecret,app=[unknown],client=[local] LOG:  connection authorized: user=Secret database=databasesecret application_name=pg_isready
2025-12-19 11:42:40 GMT [9453]: [3-1] user=Secret,db=databasesecret,app=pg_isready,client=[local] LOG:  disconnection: session time: 0:00:00.003 user=Secret database=databasesecret host=[local]
2025-12-19 11:42:50 GMT [9461]: [1-1] user=[unknown],db=[unknown],app=[unknown],client=[local] LOG:  connection received: host=[local]
2025-12-19 11:42:50 GMT [9461]: [2-1] user=Secret,db=databasesecret,app=[unknown],client=[local] LOG:  connection authorized: user=Secret database=databasesecret application_name=pg_isready
2025-12-19 11:42:50 GMT [9461]: [3-1] user=Secret,db=databasesecret,app=pg_isready,client=[local] LOG:  disconnection: session time: 0:00:00.001 user=Secret database=databasesecret host=[local]
2025-12-19 11:43:03 GMT [9469]: [1-1] user=[unknown],db=[unknown],app=[unknown],client=[local] LOG:  connection received: host=[local]
2025-12-19 11:43:03 GMT [9469]: [2-1] user=Secret,db=databasesecret,app=[unknown],client=[local] LOG:  connection authorized: user=Secret database=databasesecret application_name=pg_isready
2025-12-19 11:43:03 GMT [9469]: [3-1] user=Secret,db=databasesecret,app=pg_isready,client=[local] LOG:  disconnection: session time: 0:00:00.001 user=Secret database=databasesecret host=[local]
2025-12-19 11:43:13 GMT [9478]: [1-1] user=[unknown],db=[unknown],app=[unknown],client=[local] LOG:  connection received: host=[local]
2025-12-19 11:43:13 GMT [9478]: [2-1] user=Secret,db=databasesecret,app=[unknown],client=[local] LOG:  connection authorized: user=Secret database=databasesecret application_name=pg_isready
2025-12-19 11:43:13 GMT [9478]: [3-1] user=Secret,db=databasesecret,app=pg_isready,client=[local] LOG:  disconnection: session time: 0:00:00.001 user=Secret database=databasesecret host=[local]
2025-12-19 11:43:23 GMT [9486]: [1-1] user=[unknown],db=[unknown],app=[unknown],client=[local] LOG:  connection received: host=[local]
2025-12-19 11:43:23 GMT [9486]: [2-1] user=Secret,db=databasesecret,app=[unknown],client=[local] LOG:  connection authorized: user=Secret database=databasesecret application_name=pg_isready
2025-12-19 11:43:23 GMT [9486]: [3-1] user=Secret,db=databasesecret,app=pg_isready,client=[local] LOG:  disconnection: session time: 0:00:00.003 user=Secret database=databasesecret host=[local]
2025-12-19 11:43:35 GMT [9494]: [1-1] user=[unknown],db=[unknown],app=[unknown],client=[local] LOG:  connection received: host=[local]
2025-12-19 11:43:35 GMT [9494]: [2-1] user=Secret,db=databasesecret,app=[unknown],client=[local] LOG:  connection authorized: user=Secret database=databasesecret application_name=pg_isready
2025-12-19 11:43:35 GMT [9494]: [3-1] user=Secret,db=databasesecret,app=pg_isready,client=[local] LOG:  disconnection: session time: 0:00:00.004 user=Secret database=databasesecret host=[local]
2025-12-19 11:43:45 GMT [9502]: [1-1] user=[unknown],db=[unknown],app=[unknown],client=[local] LOG:  connection received: host=[local]
2025-12-19 11:43:45 GMT [9502]: [2-1] user=Secret,db=databasesecret,app=[unknown],client=[local] LOG:  connection authorized: user=Secret database=databasesecret application_name=pg_isready
2025-12-19 11:43:45 GMT [9502]: [3-1] user=Secret,db=databasesecret,app=pg_isready,client=[local] LOG:  disconnection: session time: 0:00:00.003 user=Secret database=databasesecret host=[local]
2025-12-19 11:43:56 GMT [9510]: [1-1] user=[unknown],db=[unknown],app=[unknown],client=[local] LOG:  connection received: host=[local]
2025-12-19 11:43:56 GMT [9510]: [2-1] user=Secret,db=databasesecret,app=[unknown],client=[local] LOG:  connection authorized: user=Secret database=databasesecret application_name=pg_isready
2025-12-19 11:43:56 GMT [9510]: [3-1] user=Secret,db=databasesecret,app=pg_isready,client=[local] LOG:  disconnection: session time: 0:00:00.002 user=Secret database=databasesecret host=[local]
2025-12-19 11:44:08 GMT [9518]: [1-1] user=[unknown],db=[unknown],app=[unknown],client=[local] LOG:  connection received: host=[local]
2025-12-19 11:44:08 GMT [9518]: [2-1] user=Secret,db=databasesecret,app=[unknown],client=[local] LOG:  connection authorized: user=Secret database=databasesecret application_name=pg_isready
2025-12-19 11:44:08 GMT [9518]: [3-1] user=Secret,db=databasesecret,app=pg_isready,client=[local] LOG:  disconnection: session time: 0:00:00.005 user=Secret database=databasesecret host=[local]
2025-12-19 11:44:18 GMT [9527]: [1-1] user=[unknown],db=[unknown],app=[unknown],client=[local] LOG:  connection received: host=[local]
2025-12-19 11:44:18 GMT [9527]: [2-1] user=Secret,db=databasesecret,app=[unknown],client=[local] LOG:  connection authorized: user=Secret database=databasesecret application_name=pg_isready
2025-12-19 11:44:18 GMT [9527]: [3-1] user=Secret,db=databasesecret,app=pg_isready,client=[local] LOG:  disconnection: session time: 0:00:00.002 user=Secret database=databasesecret host=[local]
2025-12-19 11:44:28 GMT [9535]: [1-1] user=[unknown],db=[unknown],app=[unknown],client=[local] LOG:  connection received: host=[local]
2025-12-19 11:44:28 GMT [9535]: [2-1] user=Secret,db=databasesecret,app=[unknown],client=[local] LOG:  connection authorized: user=Secret database=databasesecret application_name=pg_isready
2025-12-19 11:44:28 GMT [9535]: [3-1] user=Secret,db=databasesecret,app=pg_isready,client=[local] LOG:  disconnection: session time: 0:00:00.002 user=Secret database=databasesecret host=[local]
2025-12-19 11:44:40 GMT [9543]: [1-1] user=[unknown],db=[unknown],app=[unknown],client=[local] LOG:  connection received: host=[local]
2025-12-19 11:44:40 GMT [9543]: [2-1] user=Secret,db=databasesecret,app=[unknown],client=[local] LOG:  connection authorized: user=Secret database=databasesecret application_name=pg_isready
2025-12-19 11:44:40 GMT [9543]: [3-1] user=Secret,db=databasesecret,app=pg_isready,client=[local] LOG:  disconnection: session time: 0:00:00.001 user=Secret database=databasesecret host=[local]
2025-12-19 11:44:50 GMT [9551]: [1-1] user=[unknown],db=[unknown],app=[unknown],client=[local] LOG:  connection received: host=[local]
2025-12-19 11:44:50 GMT [9551]: [2-1] user=Secret,db=databasesecret,app=[unknown],client=[local] LOG:  connection authorized: user=Secret database=databasesecret application_name=pg_isready
2025-12-19 11:44:50 GMT [9551]: [3-1] user=Secret,db=databasesecret,app=pg_isready,client=[local] LOG:  disconnection: session time: 0:00:00.001 user=Secret database=databasesecret host=[local]
2025-12-19 11:45:00 GMT [9559]: [1-1] user=[unknown],db=[unknown],app=[unknown],client=[local] LOG:  connection received: host=[local]
2025-12-19 11:45:00 GMT [9559]: [2-1] user=Secret,db=databasesecret,app=[unknown],client=[local] LOG:  connection authorized: user=Secret database=databasesecret application_name=pg_isready
2025-12-19 11:45:00 GMT [9559]: [3-1] user=Secret,db=databasesecret,app=pg_isready,client=[local] LOG:  disconnection: session time: 0:00:00.003 user=Secret database=databasesecret host=[local]
2025-12-19 11:45:13 GMT [9567]: [1-1] user=[unknown],db=[unknown],app=[unknown],client=[local] LOG:  connection received: host=[local]
2025-12-19 11:45:13 GMT [9567]: [2-1] user=Secret,db=databasesecret,app=[unknown],client=[local] LOG:  connection authorized: user=Secret database=databasesecret application_name=pg_isready
2025-12-19 11:45:13 GMT [9567]: [3-1] user=Secret,db=databasesecret,app=pg_isready,client=[local] LOG:  disconnection: session time: 0:00:00.003 user=Secret database=databasesecret host=[local]
2025-12-19 11:45:23 GMT [9576]: [1-1] user=[unknown],db=[unknown],app=[unknown],client=[local] LOG:  connection received: host=[local]
2025-12-19 11:45:23 GMT [9576]: [2-1] user=Secret,db=databasesecret,app=[unknown],client=[local] LOG:  connection authorized: user=Secret database=databasesecret application_name=pg_isready
2025-12-19 11:45:23 GMT [9576]: [3-1] user=Secret,db=databasesecret,app=pg_isready,client=[local] LOG:  disconnection: session time: 0:00:00.003 user=Secret database=databasesecret host=[local]
2025-12-19 11:45:33 GMT [9584]: [1-1] user=[unknown],db=[unknown],app=[unknown],client=[local] LOG:  connection received: host=[local]
2025-12-19 11:45:33 GMT [9584]: [2-1] user=Secret,db=databasesecret,app=[unknown],client=[local] LOG:  connection authorized: user=Secret database=databasesecret application_name=pg_isready
2025-12-19 11:45:33 GMT [9584]: [3-1] user=Secret,db=databasesecret,app=pg_isready,client=[local] LOG:  disconnection: session time: 0:00:00.002 user=Secret database=databasesecret host=[local]
2025-12-19 11:45:45 GMT [9592]: [1-1] user=[unknown],db=[unknown],app=[unknown],client=[local] LOG:  connection received: host=[local]
2025-12-19 11:45:45 GMT [9592]: [2-1] user=Secret,db=databasesecret,app=[unknown],client=[local] LOG:  connection authorized: user=Secret database=databasesecret application_name=pg_isready
2025-12-19 11:45:45 GMT [9592]: [3-1] user=Secret,db=databasesecret,app=pg_isready,client=[local] LOG:  disconnection: session time: 0:00:00.001 user=Secret database=databasesecret host=[local]
2025-12-19 11:45:55 GMT [9600]: [1-1] user=[unknown],db=[unknown],app=[unknown],client=[local] LOG:  connection received: host=[local]
2025-12-19 11:45:55 GMT [9600]: [2-1] user=Secret,db=databasesecret,app=[unknown],client=[local] LOG:  connection authorized: user=Secret database=databasesecret application_name=pg_isready
2025-12-19 11:45:55 GMT [9600]: [3-1] user=Secret,db=databasesecret,app=pg_isready,client=[local] LOG:  disconnection: session time: 0:00:00.003 user=Secret database=databasesecret host=[local]
2025-12-19 11:46:06 GMT [9608]: [1-1] user=[unknown],db=[unknown],app=[unknown],client=[local] LOG:  connection received: host=[local]
2025-12-19 11:46:06 GMT [9608]: [2-1] user=Secret,db=databasesecret,app=[unknown],client=[local] LOG:  connection authorized: user=Secret database=databasesecret application_name=pg_isready
2025-12-19 11:46:06 GMT [9608]: [3-1] user=Secret,db=databasesecret,app=pg_isready,client=[local] LOG:  disconnection: session time: 0:00:00.002 user=Secret database=databasesecret host=[local]
2025-12-19 11:46:18 GMT [9616]: [1-1] user=[unknown],db=[unknown],app=[unknown],client=[local] LOG:  connection received: host=[local]
2025-12-19 11:46:18 GMT [9616]: [2-1] user=Secret,db=databasesecret,app=[unknown],client=[local] LOG:  connection authorized: user=Secret database=databasesecret application_name=pg_isready
2025-12-19 11:46:18 GMT [9616]: [3-1] user=Secret,db=databasesecret,app=pg_isready,client=[local] LOG:  disconnection: session time: 0:00:00.003 user=Secret database=databasesecret host=[local]
2025-12-19 11:46:28 GMT [9625]: [1-1] user=[unknown],db=[unknown],app=[unknown],client=[local] LOG:  connection received: host=[local]
2025-12-19 11:46:28 GMT [9625]: [2-1] user=Secret,db=databasesecret,app=[unknown],client=[local] LOG:  connection authorized: user=Secret database=databasesecret application_name=pg_isready
2025-12-19 11:46:28 GMT [9625]: [3-1] user=Secret,db=databasesecret,app=pg_isready,client=[local] LOG:  disconnection: session time: 0:00:00.001 user=Secret database=databasesecret host=[local]
2025-12-19 11:46:38 GMT [9634]: [1-1] user=[unknown],db=[unknown],app=[unknown],client=[local] LOG:  connection received: host=[local]
2025-12-19 11:46:38 GMT [9634]: [2-1] user=Secret,db=databasesecret,app=[unknown],client=[local] LOG:  connection authorized: user=Secret database=databasesecret application_name=pg_isready
2025-12-19 11:46:38 GMT [9634]: [3-1] user=Secret,db=databasesecret,app=pg_isready,client=[local] LOG:  disconnection: session time: 0:00:00.002 user=Secret database=databasesecret host=[local]
2025-12-19 11:46:50 GMT [9642]: [1-1] user=[unknown],db=[unknown],app=[unknown],client=[local] LOG:  connection received: host=[local]
2025-12-19 11:46:50 GMT [9642]: [2-1] user=Secret,db=databasesecret,app=[unknown],client=[local] LOG:  connection authorized: user=Secret database=databasesecret application_name=pg_isready
2025-12-19 11:46:50 GMT [9642]: [3-1] user=Secret,db=databasesecret,app=pg_isready,client=[local] LOG:  disconnection: session time: 0:00:00.002 user=Secret database=databasesecret host=[local]
2025-12-19 11:47:00 GMT [9650]: [1-1] user=[unknown],db=[unknown],app=[unknown],client=[local] LOG:  connection received: host=[local]
2025-12-19 11:47:00 GMT [9650]: [2-1] user=Secret,db=databasesecret,app=[unknown],client=[local] LOG:  connection authorized: user=Secret database=databasesecret application_name=pg_isready
2025-12-19 11:47:00 GMT [9650]: [3-1] user=Secret,db=databasesecret,app=pg_isready,client=[local] LOG:  disconnection: session time: 0:00:00.002 user=Secret database=databasesecret host=[local]
2025-12-19 11:47:11 GMT [9658]: [1-1] user=[unknown],db=[unknown],app=[unknown],client=[local] LOG:  connection received: host=[local]
2025-12-19 11:47:11 GMT [9658]: [2-1] user=Secret,db=databasesecret,app=[unknown],client=[local] LOG:  connection authorized: user=Secret database=databasesecret application_name=pg_isready
2025-12-19 11:47:11 GMT [9658]: [3-1] user=Secret,db=databasesecret,app=pg_isready,client=[local] LOG:  disconnection: session time: 0:00:00.003 user=Secret database=databasesecret host=[local]
2025-12-19 11:47:23 GMT [9666]: [1-1] user=[unknown],db=[unknown],app=[unknown],client=[local] LOG:  connection received: host=[local]
2025-12-19 11:47:23 GMT [9666]: [2-1] user=Secret,db=databasesecret,app=[unknown],client=[local] LOG:  connection authorized: user=Secret database=databasesecret application_name=pg_isready
2025-12-19 11:47:23 GMT [9666]: [3-1] user=Secret,db=databasesecret,app=pg_isready,client=[local] LOG:  disconnection: session time: 0:00:00.001 user=Secret database=databasesecret host=[local]
2025-12-19 11:47:33 GMT [9675]: [1-1] user=[unknown],db=[unknown],app=[unknown],client=[local] LOG:  connection received: host=[local]
2025-12-19 11:47:33 GMT [9675]: [2-1] user=Secret,db=databasesecret,app=[unknown],client=[local] LOG:  connection authorized: user=Secret database=databasesecret application_name=pg_isready
2025-12-19 11:47:33 GMT [9675]: [3-1] user=Secret,db=databasesecret,app=pg_isready,client=[local] LOG:  disconnection: session time: 0:00:00.001 user=Secret database=databasesecret host=[local]
2025-12-19 11:47:43 GMT [9683]: [1-1] user=[unknown],db=[unknown],app=[unknown],client=[local] LOG:  connection received: host=[local]
2025-12-19 11:47:43 GMT [9683]: [2-1] user=Secret,db=databasesecret,app=[unknown],client=[local] LOG:  connection authorized: user=Secret database=databasesecret application_name=pg_isready
2025-12-19 11:47:43 GMT [9683]: [3-1] user=Secret,db=databasesecret,app=pg_isready,client=[local] LOG:  disconnection: session time: 0:00:00.003 user=Secret database=databasesecret host=[local]
2025-12-19 11:47:55 GMT [9691]: [1-1] user=[unknown],db=[unknown],app=[unknown],client=[local] LOG:  connection received: host=[local]
2025-12-19 11:47:55 GMT [9691]: [2-1] user=Secret,db=databasesecret,app=[unknown],client=[local] LOG:  connection authorized: user=Secret database=databasesecret application_name=pg_isready
2025-12-19 11:47:55 GMT [9691]: [3-1] user=Secret,db=databasesecret,app=pg_isready,client=[local] LOG:  disconnection: session time: 0:00:00.002 user=Secret database=databasesecret host=[local]
2025-12-19 11:48:05 GMT [9699]: [1-1] user=[unknown],db=[unknown],app=[unknown],client=[local] LOG:  connection received: host=[local]
2025-12-19 11:48:05 GMT [9699]: [2-1] user=Secret,db=databasesecret,app=[unknown],client=[local] LOG:  connection authorized: user=Secret database=databasesecret application_name=pg_isready
2025-12-19 11:48:05 GMT [9699]: [3-1] user=Secret,db=databasesecret,app=pg_isready,client=[local] LOG:  disconnection: session time: 0:00:00.002 user=Secret database=databasesecret host=[local]
2025-12-19 11:48:15 GMT [9707]: [1-1] user=[unknown],db=[unknown],app=[unknown],client=[local] LOG:  connection received: host=[local]
2025-12-19 11:48:15 GMT [9707]: [2-1] user=Secret,db=databasesecret,app=[unknown],client=[local] LOG:  connection authorized: user=Secret database=databasesecret application_name=pg_isready
2025-12-19 11:48:15 GMT [9707]: [3-1] user=Secret,db=databasesecret,app=pg_isready,client=[local] LOG:  disconnection: session time: 0:00:00.001 user=Secret database=databasesecret host=[local]
2025-12-19 11:48:27 GMT [9715]: [1-1] user=[unknown],db=[unknown],app=[unknown],client=[local] LOG:  connection received: host=[local]
2025-12-19 11:48:27 GMT [9715]: [2-1] user=Secret,db=databasesecret,app=[unknown],client=[local] LOG:  connection authorized: user=Secret database=databasesecret application_name=pg_isready
2025-12-19 11:48:27 GMT [9715]: [3-1] user=Secret,db=databasesecret,app=pg_isready,client=[local] LOG:  disconnection: session time: 0:00:00.002 user=Secret database=databasesecret host=[local]
2025-12-19 11:48:38 GMT [9724]: [1-1] user=[unknown],db=[unknown],app=[unknown],client=[local] LOG:  connection received: host=[local]
2025-12-19 11:48:38 GMT [9724]: [2-1] user=Secret,db=databasesecret,app=[unknown],client=[local] LOG:  connection authorized: user=Secret database=databasesecret application_name=pg_isready
2025-12-19 11:48:38 GMT [9724]: [3-1] user=Secret,db=databasesecret,app=pg_isready,client=[local] LOG:  disconnection: session time: 0:00:00.002 user=Secret database=databasesecret host=[local]
2025-12-19 11:48:50 GMT [9732]: [1-1] user=[unknown],db=[unknown],app=[unknown],client=[local] LOG:  connection received: host=[local]
2025-12-19 11:48:50 GMT [9732]: [2-1] user=Secret,db=databasesecret,app=[unknown],client=[local] LOG:  connection authorized: user=Secret database=databasesecret application_name=pg_isready
2025-12-19 11:48:50 GMT [9732]: [3-1] user=Secret,db=databasesecret,app=pg_isready,client=[local] LOG:  disconnection: session time: 0:00:00.002 user=Secret database=databasesecret host=[local]
2025-12-19 11:49:00 GMT [9740]: [1-1] user=[unknown],db=[unknown],app=[unknown],client=[local] LOG:  connection received: host=[local]
2025-12-19 11:49:00 GMT [9740]: [2-1] user=Secret,db=databasesecret,app=[unknown],client=[local] LOG:  connection authorized: user=Secret database=databasesecret application_name=pg_isready
2025-12-19 11:49:00 GMT [9740]: [3-1] user=Secret,db=databasesecret,app=pg_isready,client=[local] LOG:  disconnection: session time: 0:00:00.004 user=Secret database=databasesecret host=[local]
2025-12-19 11:49:10 GMT [9748]: [1-1] user=[unknown],db=[unknown],app=[unknown],client=[local] LOG:  connection received: host=[local]
2025-12-19 11:49:10 GMT [9748]: [2-1] user=Secret,db=databasesecret,app=[unknown],client=[local] LOG:  connection authorized: user=Secret database=databasesecret application_name=pg_isready
2025-12-19 11:49:10 GMT [9748]: [3-1] user=Secret,db=databasesecret,app=pg_isready,client=[local] LOG:  disconnection: session time: 0:00:00.001 user=Secret database=databasesecret host=[local]
2025-12-19 11:49:22 GMT [9756]: [1-1] user=[unknown],db=[unknown],app=[unknown],client=[local] LOG:  connection received: host=[local]
2025-12-19 11:49:22 GMT [9756]: [2-1] user=Secret,db=databasesecret,app=[unknown],client=[local] LOG:  connection authorized: user=Secret database=databasesecret application_name=pg_isready
2025-12-19 11:49:22 GMT [9756]: [3-1] user=Secret,db=databasesecret,app=pg_isready,client=[local] LOG:  disconnection: session time: 0:00:00.001 user=Secret database=databasesecret host=[local]
2025-12-19 11:49:32 GMT [9764]: [1-1] user=[unknown],db=[unknown],app=[unknown],client=[local] LOG:  connection received: host=[local]
2025-12-19 11:49:32 GMT [9764]: [2-1] user=Secret,db=databasesecret,app=[unknown],client=[local] LOG:  connection authorized: user=Secret database=databasesecret application_name=pg_isready
2025-12-19 11:49:32 GMT [9764]: [3-1] user=Secret,db=databasesecret,app=pg_isready,client=[local] LOG:  disconnection: session time: 0:00:00.002 user=Secret database=databasesecret host=[local]
2025-12-19 11:49:43 GMT [9773]: [1-1] user=[unknown],db=[unknown],app=[unknown],client=[local] LOG:  connection received: host=[local]
2025-12-19 11:49:43 GMT [9773]: [2-1] user=Secret,db=databasesecret,app=[unknown],client=[local] LOG:  connection authorized: user=Secret database=databasesecret application_name=pg_isready
2025-12-19 11:49:43 GMT [9773]: [3-1] user=Secret,db=databasesecret,app=pg_isready,client=[local] LOG:  disconnection: session time: 0:00:00.002 user=Secret database=databasesecret host=[local]
2025-12-19 11:49:55 GMT [9781]: [1-1] user=[unknown],db=[unknown],app=[unknown],client=[local] LOG:  connection received: host=[local]
2025-12-19 11:49:55 GMT [9781]: [2-1] user=Secret,db=databasesecret,app=[unknown],client=[local] LOG:  connection authorized: user=Secret database=databasesecret application_name=pg_isready
2025-12-19 11:49:55 GMT [9781]: [3-1] user=Secret,db=databasesecret,app=pg_isready,client=[local] LOG:  disconnection: session time: 0:00:00.003 user=Secret database=databasesecret host=[local]
2025-12-19 11:50:05 GMT [9789]: [1-1] user=[unknown],db=[unknown],app=[unknown],client=[local] LOG:  connection received: host=[local]
2025-12-19 11:50:05 GMT [9789]: [2-1] user=Secret,db=databasesecret,app=[unknown],client=[local] LOG:  connection authorized: user=Secret database=databasesecret application_name=pg_isready
2025-12-19 11:50:05 GMT [9789]: [3-1] user=Secret,db=databasesecret,app=pg_isready,client=[local] LOG:  disconnection: session time: 0:00:00.002 user=Secret database=databasesecret host=[local]
2025-12-19 11:50:15 GMT [9797]: [1-1] user=[unknown],db=[unknown],app=[unknown],client=[local] LOG:  connection received: host=[local]
2025-12-19 11:50:15 GMT [9797]: [2-1] user=Secret,db=databasesecret,app=[unknown],client=[local] LOG:  connection authorized: user=Secret database=databasesecret application_name=pg_isready
2025-12-19 11:50:15 GMT [9797]: [3-1] user=Secret,db=databasesecret,app=pg_isready,client=[local] LOG:  disconnection: session time: 0:00:00.004 user=Secret database=databasesecret host=[local]
2025-12-19 11:50:27 GMT [9805]: [1-1] user=[unknown],db=[unknown],app=[unknown],client=[local] LOG:  connection received: host=[local]
2025-12-19 11:50:27 GMT [9805]: [2-1] user=Secret,db=databasesecret,app=[unknown],client=[local] LOG:  connection authorized: user=Secret database=databasesecret application_name=pg_isready
2025-12-19 11:50:27 GMT [9805]: [3-1] user=Secret,db=databasesecret,app=pg_isready,client=[local] LOG:  disconnection: session time: 0:00:00.003 user=Secret database=databasesecret host=[local]
2025-12-19 11:50:38 GMT [9814]: [1-1] user=[unknown],db=[unknown],app=[unknown],client=[local] LOG:  connection received: host=[local]
2025-12-19 11:50:38 GMT [9814]: [2-1] user=Secret,db=databasesecret,app=[unknown],client=[local] LOG:  connection authorized: user=Secret database=databasesecret application_name=pg_isready
2025-12-19 11:50:38 GMT [9814]: [3-1] user=Secret,db=databasesecret,app=pg_isready,client=[local] LOG:  disconnection: session time: 0:00:00.002 user=Secret database=databasesecret host=[local]
2025-12-19 11:50:48 GMT [9823]: [1-1] user=[unknown],db=[unknown],app=[unknown],client=[local] LOG:  connection received: host=[local]
2025-12-19 11:50:48 GMT [9823]: [2-1] user=Secret,db=databasesecret,app=[unknown],client=[local] LOG:  connection authorized: user=Secret database=databasesecret application_name=pg_isready
2025-12-19 11:50:48 GMT [9823]: [3-1] user=Secret,db=databasesecret,app=pg_isready,client=[local] LOG:  disconnection: session time: 0:00:00.002 user=Secret database=databasesecret host=[local]
2025-12-19 11:51:00 GMT [9831]: [1-1] user=[unknown],db=[unknown],app=[unknown],client=[local] LOG:  connection received: host=[local]
2025-12-19 11:51:00 GMT [9831]: [2-1] user=Secret,db=databasesecret,app=[unknown],client=[local] LOG:  connection authorized: user=Secret database=databasesecret application_name=pg_isready
2025-12-19 11:51:00 GMT [9831]: [3-1] user=Secret,db=databasesecret,app=pg_isready,client=[local] LOG:  disconnection: session time: 0:00:00.004 user=Secret database=databasesecret host=[local]
2025-12-19 11:51:10 GMT [9839]: [1-1] user=[unknown],db=[unknown],app=[unknown],client=[local] LOG:  connection received: host=[local]
2025-12-19 11:51:10 GMT [9839]: [2-1] user=Secret,db=databasesecret,app=[unknown],client=[local] LOG:  connection authorized: user=Secret database=databasesecret application_name=pg_isready
2025-12-19 11:51:10 GMT [9839]: [3-1] user=Secret,db=databasesecret,app=pg_isready,client=[local] LOG:  disconnection: session time: 0:00:00.002 user=Secret database=databasesecret host=[local]
2025-12-19 11:51:20 GMT [9848]: [1-1] user=[unknown],db=[unknown],app=[unknown],client=[local] LOG:  connection received: host=[local]
2025-12-19 11:51:20 GMT [9848]: [2-1] user=Secret,db=databasesecret,app=[unknown],client=[local] LOG:  connection authorized: user=Secret database=databasesecret application_name=pg_isready
2025-12-19 11:51:20 GMT [9848]: [3-1] user=Secret,db=databasesecret,app=pg_isready,client=[local] LOG:  disconnection: session time: 0:00:00.002 user=Secret database=databasesecret host=[local]
2025-12-19 11:51:33 GMT [9856]: [1-1] user=[unknown],db=[unknown],app=[unknown],client=[local] LOG:  connection received: host=[local]
2025-12-19 11:51:33 GMT [9856]: [2-1] user=Secret,db=databasesecret,app=[unknown],client=[local] LOG:  connection authorized: user=Secret database=databasesecret application_name=pg_isready
2025-12-19 11:51:33 GMT [9856]: [3-1] user=Secret,db=databasesecret,app=pg_isready,client=[local] LOG:  disconnection: session time: 0:00:00.003 user=Secret database=databasesecret host=[local]
2025-12-19 11:51:43 GMT [9864]: [1-1] user=[unknown],db=[unknown],app=[unknown],client=[local] LOG:  connection received: host=[local]
2025-12-19 11:51:43 GMT [9864]: [2-1] user=Secret,db=databasesecret,app=[unknown],client=[local] LOG:  connection authorized: user=Secret database=databasesecret application_name=pg_isready
2025-12-19 11:51:43 GMT [9864]: [3-1] user=Secret,db=databasesecret,app=pg_isready,client=[local] LOG:  disconnection: session time: 0:00:00.002 user=Secret database=databasesecret host=[local]
2025-12-19 11:51:53 GMT [9873]: [1-1] user=[unknown],db=[unknown],app=[unknown],client=[local] LOG:  connection received: host=[local]
2025-12-19 11:51:53 GMT [9873]: [2-1] user=Secret,db=databasesecret,app=[unknown],client=[local] LOG:  connection authorized: user=Secret database=databasesecret application_name=pg_isready
2025-12-19 11:51:53 GMT [9873]: [3-1] user=Secret,db=databasesecret,app=pg_isready,client=[local] LOG:  disconnection: session time: 0:00:00.003 user=Secret database=databasesecret host=[local]
2025-12-19 11:52:05 GMT [9881]: [1-1] user=[unknown],db=[unknown],app=[unknown],client=[local] LOG:  connection received: host=[local]
2025-12-19 11:52:05 GMT [9881]: [2-1] user=Secret,db=databasesecret,app=[unknown],client=[local] LOG:  connection authorized: user=Secret database=databasesecret application_name=pg_isready
2025-12-19 11:52:05 GMT [9881]: [3-1] user=Secret,db=databasesecret,app=pg_isready,client=[local] LOG:  disconnection: session time: 0:00:00.006 user=Secret database=databasesecret host=[local]
2025-12-19 11:52:16 GMT [9889]: [1-1] user=[unknown],db=[unknown],app=[unknown],client=[local] LOG:  connection received: host=[local]
2025-12-19 11:52:16 GMT [9889]: [2-1] user=Secret,db=databasesecret,app=[unknown],client=[local] LOG:  connection authorized: user=Secret database=databasesecret application_name=pg_isready
2025-12-19 11:52:16 GMT [9889]: [3-1] user=Secret,db=databasesecret,app=pg_isready,client=[local] LOG:  disconnection: session time: 0:00:00.001 user=Secret database=databasesecret host=[local]
2025-12-19 11:52:26 GMT [9897]: [1-1] user=[unknown],db=[unknown],app=[unknown],client=[local] LOG:  connection received: host=[local]
2025-12-19 11:52:26 GMT [9897]: [2-1] user=Secret,db=databasesecret,app=[unknown],client=[local] LOG:  connection authorized: user=Secret database=databasesecret application_name=pg_isready
2025-12-19 11:52:26 GMT [9897]: [3-1] user=Secret,db=databasesecret,app=pg_isready,client=[local] LOG:  disconnection: session time: 0:00:00.002 user=Secret database=databasesecret host=[local]
2025-12-19 11:52:38 GMT [9905]: [1-1] user=[unknown],db=[unknown],app=[unknown],client=[local] LOG:  connection received: host=[local]
2025-12-19 11:52:38 GMT [9905]: [2-1] user=Secret,db=databasesecret,app=[unknown],client=[local] LOG:  connection authorized: user=Secret database=databasesecret application_name=pg_isready
2025-12-19 11:52:38 GMT [9905]: [3-1] user=Secret,db=databasesecret,app=pg_isready,client=[local] LOG:  disconnection: session time: 0:00:00.003 user=Secret database=databasesecret host=[local]
2025-12-19 11:52:48 GMT [9913]: [1-1] user=[unknown],db=[unknown],app=[unknown],client=[local] LOG:  connection received: host=[local]
2025-12-19 11:52:48 GMT [9913]: [2-1] user=Secret,db=databasesecret,app=[unknown],client=[local] LOG:  connection authorized: user=Secret database=databasesecret application_name=pg_isready
2025-12-19 11:52:48 GMT [9913]: [3-1] user=Secret,db=databasesecret,app=pg_isready,client=[local] LOG:  disconnection: session time: 0:00:00.003 user=Secret database=databasesecret host=[local]
2025-12-19 11:52:58 GMT [9922]: [1-1] user=[unknown],db=[unknown],app=[unknown],client=[local] LOG:  connection received: host=[local]
2025-12-19 11:52:58 GMT [9922]: [2-1] user=Secret,db=databasesecret,app=[unknown],client=[local] LOG:  connection authorized: user=Secret database=databasesecret application_name=pg_isready
2025-12-19 11:52:58 GMT [9922]: [3-1] user=Secret,db=databasesecret,app=pg_isready,client=[local] LOG:  disconnection: session time: 0:00:00.001 user=Secret database=databasesecret host=[local]
2025-12-19 11:53:10 GMT [9930]: [1-1] user=[unknown],db=[unknown],app=[unknown],client=[local] LOG:  connection received: host=[local]
2025-12-19 11:53:10 GMT [9930]: [2-1] user=Secret,db=databasesecret,app=[unknown],client=[local] LOG:  connection authorized: user=Secret database=databasesecret application_name=pg_isready
2025-12-19 11:53:10 GMT [9930]: [3-1] user=Secret,db=databasesecret,app=pg_isready,client=[local] LOG:  disconnection: session time: 0:00:00.001 user=Secret database=databasesecret host=[local]
2025-12-19 11:53:21 GMT [9938]: [1-1] user=[unknown],db=[unknown],app=[unknown],client=[local] LOG:  connection received: host=[local]
2025-12-19 11:53:21 GMT [9938]: [2-1] user=Secret,db=databasesecret,app=[unknown],client=[local] LOG:  connection authorized: user=Secret database=databasesecret application_name=pg_isready
2025-12-19 11:53:21 GMT [9938]: [3-1] user=Secret,db=databasesecret,app=pg_isready,client=[local] LOG:  disconnection: session time: 0:00:00.001 user=Secret database=databasesecret host=[local]
2025-12-19 11:53:31 GMT [9946]: [1-1] user=[unknown],db=[unknown],app=[unknown],client=[local] LOG:  connection received: host=[local]
2025-12-19 11:53:31 GMT [9946]: [2-1] user=Secret,db=databasesecret,app=[unknown],client=[local] LOG:  connection authorized: user=Secret database=databasesecret application_name=pg_isready
2025-12-19 11:53:31 GMT [9946]: [3-1] user=Secret,db=databasesecret,app=pg_isready,client=[local] LOG:  disconnection: session time: 0:00:00.002 user=Secret database=databasesecret host=[local]
2025-12-19 11:53:43 GMT [9954]: [1-1] user=[unknown],db=[unknown],app=[unknown],client=[local] LOG:  connection received: host=[local]
2025-12-19 11:53:43 GMT [9954]: [2-1] user=Secret,db=databasesecret,app=[unknown],client=[local] LOG:  connection authorized: user=Secret database=databasesecret application_name=pg_isready
2025-12-19 11:53:43 GMT [9954]: [3-1] user=Secret,db=databasesecret,app=pg_isready,client=[local] LOG:  disconnection: session time: 0:00:00.002 user=Secret database=databasesecret host=[local]
2025-12-19 11:53:53 GMT [9963]: [1-1] user=[unknown],db=[unknown],app=[unknown],client=[local] LOG:  connection received: host=[local]
2025-12-19 11:53:53 GMT [9963]: [2-1] user=Secret,db=databasesecret,app=[unknown],client=[local] LOG:  connection authorized: user=Secret database=databasesecret application_name=pg_isready
2025-12-19 11:53:53 GMT [9963]: [3-1] user=Secret,db=databasesecret,app=pg_isready,client=[local] LOG:  disconnection: session time: 0:00:00.002 user=Secret database=databasesecret host=[local]
2025-12-19 11:54:03 GMT [9971]: [1-1] user=[unknown],db=[unknown],app=[unknown],client=[local] LOG:  connection received: host=[local]
2025-12-19 11:54:03 GMT [9971]: [2-1] user=Secret,db=databasesecret,app=[unknown],client=[local] LOG:  connection authorized: user=Secret database=databasesecret application_name=pg_isready
2025-12-19 11:54:03 GMT [9971]: [3-1] user=Secret,db=databasesecret,app=pg_isready,client=[local] LOG:  disconnection: session time: 0:00:00.002 user=Secret database=databasesecret host=[local]
2025-12-19 11:54:15 GMT [9979]: [1-1] user=[unknown],db=[unknown],app=[unknown],client=[local] LOG:  connection received: host=[local]
2025-12-19 11:54:15 GMT [9979]: [2-1] user=Secret,db=databasesecret,app=[unknown],client=[local] LOG:  connection authorized: user=Secret database=databasesecret application_name=pg_isready
2025-12-19 11:54:15 GMT [9979]: [3-1] user=Secret,db=databasesecret,app=pg_isready,client=[local] LOG:  disconnection: session time: 0:00:00.002 user=Secret database=databasesecret host=[local]
2025-12-19 11:54:26 GMT [9987]: [1-1] user=[unknown],db=[unknown],app=[unknown],client=[local] LOG:  connection received: host=[local]
2025-12-19 11:54:26 GMT [9987]: [2-1] user=Secret,db=databasesecret,app=[unknown],client=[local] LOG:  connection authorized: user=Secret database=databasesecret application_name=pg_isready
2025-12-19 11:54:26 GMT [9987]: [3-1] user=Secret,db=databasesecret,app=pg_isready,client=[local] LOG:  disconnection: session time: 0:00:00.003 user=Secret database=databasesecret host=[local]
2025-12-19 11:54:36 GMT [9995]: [1-1] user=[unknown],db=[unknown],app=[unknown],client=[local] LOG:  connection received: host=[local]
2025-12-19 11:54:36 GMT [9995]: [2-1] user=Secret,db=databasesecret,app=[unknown],client=[local] LOG:  connection authorized: user=Secret database=databasesecret application_name=pg_isready
2025-12-19 11:54:36 GMT [9995]: [3-1] user=Secret,db=databasesecret,app=pg_isready,client=[local] LOG:  disconnection: session time: 0:00:00.001 user=Secret database=databasesecret host=[local]
2025-12-19 11:54:48 GMT [10003]: [1-1] user=[unknown],db=[unknown],app=[unknown],client=[local] LOG:  connection received: host=[local]
2025-12-19 11:54:48 GMT [10003]: [2-1] user=Secret,db=databasesecret,app=[unknown],client=[local] LOG:  connection authorized: user=Secret database=databasesecret application_name=pg_isready
2025-12-19 11:54:48 GMT [10003]: [3-1] user=Secret,db=databasesecret,app=pg_isready,client=[local] LOG:  disconnection: session time: 0:00:00.002 user=Secret database=databasesecret host=[local]
2025-12-19 11:54:58 GMT [10012]: [1-1] user=[unknown],db=[unknown],app=[unknown],client=[local] LOG:  connection received: host=[local]
2025-12-19 11:54:58 GMT [10012]: [2-1] user=Secret,db=databasesecret,app=[unknown],client=[local] LOG:  connection authorized: user=Secret database=databasesecret application_name=pg_isready
2025-12-19 11:54:58 GMT [10012]: [3-1] user=Secret,db=databasesecret,app=pg_isready,client=[local] LOG:  disconnection: session time: 0:00:00.003 user=Secret database=databasesecret host=[local]
2025-12-19 11:55:08 GMT [10020]: [1-1] user=[unknown],db=[unknown],app=[unknown],client=[local] LOG:  connection received: host=[local]
2025-12-19 11:55:08 GMT [10020]: [2-1] user=Secret,db=databasesecret,app=[unknown],client=[local] LOG:  connection authorized: user=Secret database=databasesecret application_name=pg_isready
2025-12-19 11:55:08 GMT [10020]: [3-1] user=Secret,db=databasesecret,app=pg_isready,client=[local] LOG:  disconnection: session time: 0:00:00.001 user=Secret database=databasesecret host=[local]
2025-12-19 11:55:21 GMT [10028]: [1-1] user=[unknown],db=[unknown],app=[unknown],client=[local] LOG:  connection received: host=[local]
2025-12-19 11:55:21 GMT [10028]: [2-1] user=Secret,db=databasesecret,app=[unknown],client=[local] LOG:  connection authorized: user=Secret database=databasesecret application_name=pg_isready
2025-12-19 11:55:21 GMT [10028]: [3-1] user=Secret,db=databasesecret,app=pg_isready,client=[local] LOG:  disconnection: session time: 0:00:00.002 user=Secret database=databasesecret host=[local]
2025-12-19 11:55:31 GMT [10037]: [1-1] user=[unknown],db=[unknown],app=[unknown],client=[local] LOG:  connection received: host=[local]
2025-12-19 11:55:31 GMT [10037]: [2-1] user=Secret,db=databasesecret,app=[unknown],client=[local] LOG:  connection authorized: user=Secret database=databasesecret application_name=pg_isready
2025-12-19 11:55:31 GMT [10037]: [3-1] user=Secret,db=databasesecret,app=pg_isready,client=[local] LOG:  disconnection: session time: 0:00:00.003 user=Secret database=databasesecret host=[local]
2025-12-19 11:55:41 GMT [10045]: [1-1] user=[unknown],db=[unknown],app=[unknown],client=[local] LOG:  connection received: host=[local]
2025-12-19 11:55:41 GMT [10045]: [2-1] user=Secret,db=databasesecret,app=[unknown],client=[local] LOG:  connection authorized: user=Secret database=databasesecret application_name=pg_isready
2025-12-19 11:55:41 GMT [10045]: [3-1] user=Secret,db=databasesecret,app=pg_isready,client=[local] LOG:  disconnection: session time: 0:00:00.004 user=Secret database=databasesecret host=[local]
2025-12-19 11:55:53 GMT [10053]: [1-1] user=[unknown],db=[unknown],app=[unknown],client=[local] LOG:  connection received: host=[local]
2025-12-19 11:55:53 GMT [10053]: [2-1] user=Secret,db=databasesecret,app=[unknown],client=[local] LOG:  connection authorized: user=Secret database=databasesecret application_name=pg_isready
2025-12-19 11:55:53 GMT [10053]: [3-1] user=Secret,db=databasesecret,app=pg_isready,client=[local] LOG:  disconnection: session time: 0:00:00.006 user=Secret database=databasesecret host=[local]
2025-12-19 11:57:26 GMT [10062]: [1-1] user=[unknown],db=[unknown],app=[unknown],client=[local] LOG:  connection received: host=[local]
2025-12-19 11:57:26 GMT [10062]: [2-1] user=Secret,db=databasesecret,app=[unknown],client=[local] LOG:  connection authorized: user=Secret database=databasesecret application_name=pg_isready
2025-12-19 11:57:26 GMT [10062]: [3-1] user=Secret,db=databasesecret,app=pg_isready,client=[local] LOG:  disconnection: session time: 0:00:00.003 user=Secret database=databasesecret host=[local]
2025-12-19 11:57:36 GMT [10070]: [1-1] user=[unknown],db=[unknown],app=[unknown],client=[local] LOG:  connection received: host=[local]
2025-12-19 11:57:36 GMT [10070]: [2-1] user=Secret,db=databasesecret,app=[unknown],client=[local] LOG:  connection authorized: user=Secret database=databasesecret application_name=pg_isready
2025-12-19 11:57:36 GMT [10070]: [3-1] user=Secret,db=databasesecret,app=pg_isready,client=[local] LOG:  disconnection: session time: 0:00:00.002 user=Secret database=databasesecret host=[local]
2025-12-19 11:57:47 GMT [10078]: [1-1] user=[unknown],db=[unknown],app=[unknown],client=[local] LOG:  connection received: host=[local]
2025-12-19 11:57:47 GMT [10078]: [2-1] user=Secret,db=databasesecret,app=[unknown],client=[local] LOG:  connection authorized: user=Secret database=databasesecret application_name=pg_isready
2025-12-19 11:57:47 GMT [10078]: [3-1] user=Secret,db=databasesecret,app=pg_isready,client=[local] LOG:  disconnection: session time: 0:00:00.001 user=Secret database=databasesecret host=[local]
2025-12-19 11:57:57 GMT [10086]: [1-1] user=[unknown],db=[unknown],app=[unknown],client=[local] LOG:  connection received: host=[local]
2025-12-19 11:57:57 GMT [10086]: [2-1] user=Secret,db=databasesecret,app=[unknown],client=[local] LOG:  connection authorized: user=Secret database=databasesecret application_name=pg_isready
2025-12-19 11:57:57 GMT [10086]: [3-1] user=Secret,db=databasesecret,app=pg_isready,client=[local] LOG:  disconnection: session time: 0:00:00.003 user=Secret database=databasesecret host=[local]
2025-12-19 11:58:07 GMT [10094]: [1-1] user=[unknown],db=[unknown],app=[unknown],client=[local] LOG:  connection received: host=[local]
2025-12-19 11:58:07 GMT [10094]: [2-1] user=Secret,db=databasesecret,app=[unknown],client=[local] LOG:  connection authorized: user=Secret database=databasesecret application_name=pg_isready
2025-12-19 11:58:07 GMT [10094]: [3-1] user=Secret,db=databasesecret,app=pg_isready,client=[local] LOG:  disconnection: session time: 0:00:00.002 user=Secret database=databasesecret host=[local]
2025-12-19 11:58:19 GMT [10102]: [1-1] user=[unknown],db=[unknown],app=[unknown],client=[local] LOG:  connection received: host=[local]
2025-12-19 11:58:19 GMT [10102]: [2-1] user=Secret,db=databasesecret,app=[unknown],client=[local] LOG:  connection authorized: user=Secret database=databasesecret application_name=pg_isready
2025-12-19 11:58:19 GMT [10102]: [3-1] user=Secret,db=databasesecret,app=pg_isready,client=[local] LOG:  disconnection: session time: 0:00:00.004 user=Secret database=databasesecret host=[local]
2025-12-19 11:58:29 GMT [10111]: [1-1] user=[unknown],db=[unknown],app=[unknown],client=[local] LOG:  connection received: host=[local]
2025-12-19 11:58:29 GMT [10111]: [2-1] user=Secret,db=databasesecret,app=[unknown],client=[local] LOG:  connection authorized: user=Secret database=databasesecret application_name=pg_isready
2025-12-19 11:58:29 GMT [10111]: [3-1] user=Secret,db=databasesecret,app=pg_isready,client=[local] LOG:  disconnection: session time: 0:00:00.002 user=Secret database=databasesecret host=[local]
2025-12-19 11:58:39 GMT [10119]: [1-1] user=[unknown],db=[unknown],app=[unknown],client=[local] LOG:  connection received: host=[local]
2025-12-19 11:58:39 GMT [10119]: [2-1] user=Secret,db=databasesecret,app=[unknown],client=[local] LOG:  connection authorized: user=Secret database=databasesecret application_name=pg_isready
2025-12-19 11:58:39 GMT [10119]: [3-1] user=Secret,db=databasesecret,app=pg_isready,client=[local] LOG:  disconnection: session time: 0:00:00.003 user=Secret database=databasesecret host=[local]
2025-12-19 11:58:51 GMT [10127]: [1-1] user=[unknown],db=[unknown],app=[unknown],client=[local] LOG:  connection received: host=[local]
2025-12-19 11:58:51 GMT [10127]: [2-1] user=Secret,db=databasesecret,app=[unknown],client=[local] LOG:  connection authorized: user=Secret database=databasesecret application_name=pg_isready
2025-12-19 11:58:51 GMT [10127]: [3-1] user=Secret,db=databasesecret,app=pg_isready,client=[local] LOG:  disconnection: session time: 0:00:00.002 user=Secret database=databasesecret host=[local]
2025-12-19 11:59:01 GMT [10135]: [1-1] user=[unknown],db=[unknown],app=[unknown],client=[local] LOG:  connection received: host=[local]
2025-12-19 11:59:01 GMT [10135]: [2-1] user=Secret,db=databasesecret,app=[unknown],client=[local] LOG:  connection authorized: user=Secret database=databasesecret application_name=pg_isready
2025-12-19 11:59:01 GMT [10135]: [3-1] user=Secret,db=databasesecret,app=pg_isready,client=[local] LOG:  disconnection: session time: 0:00:00.035 user=Secret database=databasesecret host=[local]
2025-12-19 11:59:11 GMT [10143]: [1-1] user=[unknown],db=[unknown],app=[unknown],client=[local] LOG:  connection received: host=[local]
2025-12-19 11:59:11 GMT [10143]: [2-1] user=Secret,db=databasesecret,app=[unknown],client=[local] LOG:  connection authorized: user=Secret database=databasesecret application_name=pg_isready
2025-12-19 11:59:11 GMT [10143]: [3-1] user=Secret,db=databasesecret,app=pg_isready,client=[local] LOG:  disconnection: session time: 0:00:00.003 user=Secret database=databasesecret host=[local]
2025-12-19 11:59:23 GMT [10151]: [1-1] user=[unknown],db=[unknown],app=[unknown],client=[local] LOG:  connection received: host=[local]
2025-12-19 11:59:23 GMT [10151]: [2-1] user=Secret,db=databasesecret,app=[unknown],client=[local] LOG:  connection authorized: user=Secret database=databasesecret application_name=pg_isready
2025-12-19 11:59:23 GMT [10151]: [3-1] user=Secret,db=databasesecret,app=pg_isready,client=[local] LOG:  disconnection: session time: 0:00:00.001 user=Secret database=databasesecret host=[local]
2025-12-19 11:59:33 GMT [10160]: [1-1] user=[unknown],db=[unknown],app=[unknown],client=[local] LOG:  connection received: host=[local]
2025-12-19 11:59:33 GMT [10160]: [2-1] user=Secret,db=databasesecret,app=[unknown],client=[local] LOG:  connection authorized: user=Secret database=databasesecret application_name=pg_isready
2025-12-19 11:59:33 GMT [10160]: [3-1] user=Secret,db=databasesecret,app=pg_isready,client=[local] LOG:  disconnection: session time: 0:00:00.002 user=Secret database=databasesecret host=[local]
2025-12-19 11:59:43 GMT [10168]: [1-1] user=[unknown],db=[unknown],app=[unknown],client=[local] LOG:  connection received: host=[local]
2025-12-19 11:59:43 GMT [10168]: [2-1] user=Secret,db=databasesecret,app=[unknown],client=[local] LOG:  connection authorized: user=Secret database=databasesecret application_name=pg_isready
2025-12-19 11:59:43 GMT [10168]: [3-1] user=Secret,db=databasesecret,app=pg_isready,client=[local] LOG:  disconnection: session time: 0:00:00.002 user=Secret database=databasesecret host=[local]
2025-12-19 11:59:55 GMT [10177]: [1-1] user=[unknown],db=[unknown],app=[unknown],client=[local] LOG:  connection received: host=[local]
2025-12-19 11:59:55 GMT [10177]: [2-1] user=Secret,db=databasesecret,app=[unknown],client=[local] LOG:  connection authorized: user=Secret database=databasesecret application_name=pg_isready
2025-12-19 11:59:55 GMT [10177]: [3-1] user=Secret,db=databasesecret,app=pg_isready,client=[local] LOG:  disconnection: session time: 0:00:00.002 user=Secret database=databasesecret host=[local]
2025-12-19 12:00:05 GMT [10185]: [1-1] user=[unknown],db=[unknown],app=[unknown],client=[local] LOG:  connection received: host=[local]
2025-12-19 12:00:05 GMT [10185]: [2-1] user=Secret,db=databasesecret,app=[unknown],client=[local] LOG:  connection authorized: user=Secret database=databasesecret application_name=pg_isready
2025-12-19 12:00:05 GMT [10185]: [3-1] user=Secret,db=databasesecret,app=pg_isready,client=[local] LOG:  disconnection: session time: 0:00:00.002 user=Secret database=databasesecret host=[local]
2025-12-19 12:00:17 GMT [10193]: [1-1] user=[unknown],db=[unknown],app=[unknown],client=[local] LOG:  connection received: host=[local]
2025-12-19 12:00:17 GMT [10193]: [2-1] user=Secret,db=databasesecret,app=[unknown],client=[local] LOG:  connection authorized: user=Secret database=databasesecret application_name=pg_isready
2025-12-19 12:00:17 GMT [10193]: [3-1] user=Secret,db=databasesecret,app=pg_isready,client=[local] LOG:  disconnection: session time: 0:00:00.002 user=Secret database=databasesecret host=[local]
2025-12-19 12:00:27 GMT [10201]: [1-1] user=[unknown],db=[unknown],app=[unknown],client=[local] LOG:  connection received: host=[local]
2025-12-19 12:00:27 GMT [10201]: [2-1] user=Secret,db=databasesecret,app=[unknown],client=[local] LOG:  connection authorized: user=Secret database=databasesecret application_name=pg_isready
2025-12-19 12:00:27 GMT [10201]: [3-1] user=Secret,db=databasesecret,app=pg_isready,client=[local] LOG:  disconnection: session time: 0:00:00.002 user=Secret database=databasesecret host=[local]
2025-12-19 12:00:37 GMT [10211]: [1-1] user=[unknown],db=[unknown],app=[unknown],client=[local] LOG:  connection received: host=[local]
2025-12-19 12:00:37 GMT [10211]: [2-1] user=Secret,db=databasesecret,app=[unknown],client=[local] LOG:  connection authorized: user=Secret database=databasesecret application_name=pg_isready
2025-12-19 12:00:37 GMT [10211]: [3-1] user=Secret,db=databasesecret,app=pg_isready,client=[local] LOG:  disconnection: session time: 0:00:00.002 user=Secret database=databasesecret host=[local]
2025-12-19 12:00:49 GMT [10219]: [1-1] user=[unknown],db=[unknown],app=[unknown],client=[local] LOG:  connection received: host=[local]
2025-12-19 12:00:49 GMT [10219]: [2-1] user=Secret,db=databasesecret,app=[unknown],client=[local] LOG:  connection authorized: user=Secret database=databasesecret application_name=pg_isready
2025-12-19 12:00:49 GMT [10219]: [3-1] user=Secret,db=databasesecret,app=pg_isready,client=[local] LOG:  disconnection: session time: 0:00:00.003 user=Secret database=databasesecret host=[local]
2025-12-19 12:00:59 GMT [10227]: [1-1] user=[unknown],db=[unknown],app=[unknown],client=[local] LOG:  connection received: host=[local]
2025-12-19 12:00:59 GMT [10227]: [2-1] user=Secret,db=databasesecret,app=[unknown],client=[local] LOG:  connection authorized: user=Secret database=databasesecret application_name=pg_isready
2025-12-19 12:00:59 GMT [10227]: [3-1] user=Secret,db=databasesecret,app=pg_isready,client=[local] LOG:  disconnection: session time: 0:00:00.002 user=Secret database=databasesecret host=[local]
2025-12-19 12:01:09 GMT [10235]: [1-1] user=[unknown],db=[unknown],app=[unknown],client=[local] LOG:  connection received: host=[local]
2025-12-19 12:01:09 GMT [10235]: [2-1] user=Secret,db=databasesecret,app=[unknown],client=[local] LOG:  connection authorized: user=Secret database=databasesecret application_name=pg_isready
2025-12-19 12:01:09 GMT [10235]: [3-1] user=Secret,db=databasesecret,app=pg_isready,client=[local] LOG:  disconnection: session time: 0:00:00.003 user=Secret database=databasesecret host=[local]
2025-12-19 12:01:21 GMT [10243]: [1-1] user=[unknown],db=[unknown],app=[unknown],client=[local] LOG:  connection received: host=[local]
2025-12-19 12:01:21 GMT [10243]: [2-1] user=Secret,db=databasesecret,app=[unknown],client=[local] LOG:  connection authorized: user=Secret database=databasesecret application_name=pg_isready
2025-12-19 12:01:21 GMT [10243]: [3-1] user=Secret,db=databasesecret,app=pg_isready,client=[local] LOG:  disconnection: session time: 0:00:00.004 user=Secret database=databasesecret host=[local]
2025-12-19 12:01:31 GMT [10251]: [1-1] user=[unknown],db=[unknown],app=[unknown],client=[local] LOG:  connection received: host=[local]
2025-12-19 12:01:31 GMT [10251]: [2-1] user=Secret,db=databasesecret,app=[unknown],client=[local] LOG:  connection authorized: user=Secret database=databasesecret application_name=pg_isready
2025-12-19 12:01:31 GMT [10251]: [3-1] user=Secret,db=databasesecret,app=pg_isready,client=[local] LOG:  disconnection: session time: 0:00:00.001 user=Secret database=databasesecret host=[local]
2025-12-19 12:01:41 GMT [10260]: [1-1] user=[unknown],db=[unknown],app=[unknown],client=[local] LOG:  connection received: host=[local]
2025-12-19 12:01:41 GMT [10260]: [2-1] user=Secret,db=databasesecret,app=[unknown],client=[local] LOG:  connection authorized: user=Secret database=databasesecret application_name=pg_isready
2025-12-19 12:01:41 GMT [10260]: [3-1] user=Secret,db=databasesecret,app=pg_isready,client=[local] LOG:  disconnection: session time: 0:00:00.002 user=Secret database=databasesecret host=[local]
2025-12-19 12:01:53 GMT [10268]: [1-1] user=[unknown],db=[unknown],app=[unknown],client=[local] LOG:  connection received: host=[local]
2025-12-19 12:01:53 GMT [10268]: [2-1] user=Secret,db=databasesecret,app=[unknown],client=[local] LOG:  connection authorized: user=Secret database=databasesecret application_name=pg_isready
2025-12-19 12:01:53 GMT [10268]: [3-1] user=Secret,db=databasesecret,app=pg_isready,client=[local] LOG:  disconnection: session time: 0:00:00.002 user=Secret database=databasesecret host=[local]
2025-12-19 12:02:03 GMT [10276]: [1-1] user=[unknown],db=[unknown],app=[unknown],client=[local] LOG:  connection received: host=[local]
2025-12-19 12:02:03 GMT [10276]: [2-1] user=Secret,db=databasesecret,app=[unknown],client=[local] LOG:  connection authorized: user=Secret database=databasesecret application_name=pg_isready
2025-12-19 12:02:03 GMT [10276]: [3-1] user=Secret,db=databasesecret,app=pg_isready,client=[local] LOG:  disconnection: session time: 0:00:00.003 user=Secret database=databasesecret host=[local]
2025-12-19 12:02:13 GMT [10284]: [1-1] user=[unknown],db=[unknown],app=[unknown],client=[local] LOG:  connection received: host=[local]
2025-12-19 12:02:13 GMT [10284]: [2-1] user=Secret,db=databasesecret,app=[unknown],client=[local] LOG:  connection authorized: user=Secret database=databasesecret application_name=pg_isready
2025-12-19 12:02:13 GMT [10284]: [3-1] user=Secret,db=databasesecret,app=pg_isready,client=[local] LOG:  disconnection: session time: 0:00:00.002 user=Secret database=databasesecret host=[local]
2025-12-19 12:02:25 GMT [10292]: [1-1] user=[unknown],db=[unknown],app=[unknown],client=[local] LOG:  connection received: host=[local]
2025-12-19 12:02:25 GMT [10292]: [2-1] user=Secret,db=databasesecret,app=[unknown],client=[local] LOG:  connection authorized: user=Secret database=databasesecret application_name=pg_isready
2025-12-19 12:02:25 GMT [10292]: [3-1] user=Secret,db=databasesecret,app=pg_isready,client=[local] LOG:  disconnection: session time: 0:00:00.002 user=Secret database=databasesecret host=[local]
2025-12-19 12:02:35 GMT [10300]: [1-1] user=[unknown],db=[unknown],app=[unknown],client=[local] LOG:  connection received: host=[local]
2025-12-19 12:02:35 GMT [10300]: [2-1] user=Secret,db=databasesecret,app=[unknown],client=[local] LOG:  connection authorized: user=Secret database=databasesecret application_name=pg_isready
2025-12-19 12:02:35 GMT [10300]: [3-1] user=Secret,db=databasesecret,app=pg_isready,client=[local] LOG:  disconnection: session time: 0:00:00.001 user=Secret database=databasesecret host=[local]
2025-12-19 12:02:45 GMT [10309]: [1-1] user=[unknown],db=[unknown],app=[unknown],client=[local] LOG:  connection received: host=[local]
2025-12-19 12:02:45 GMT [10309]: [2-1] user=Secret,db=databasesecret,app=[unknown],client=[local] LOG:  connection authorized: user=Secret database=databasesecret application_name=pg_isready
2025-12-19 12:02:45 GMT [10309]: [3-1] user=Secret,db=databasesecret,app=pg_isready,client=[local] LOG:  disconnection: session time: 0:00:00.003 user=Secret database=databasesecret host=[local]
2025-12-19 12:02:57 GMT [10317]: [1-1] user=[unknown],db=[unknown],app=[unknown],client=[local] LOG:  connection received: host=[local]
2025-12-19 12:02:57 GMT [10317]: [2-1] user=Secret,db=databasesecret,app=[unknown],client=[local] LOG:  connection authorized: user=Secret database=databasesecret application_name=pg_isready
2025-12-19 12:02:57 GMT [10317]: [3-1] user=Secret,db=databasesecret,app=pg_isready,client=[local] LOG:  disconnection: session time: 0:00:00.001 user=Secret database=databasesecret host=[local]
2025-12-19 12:03:07 GMT [10325]: [1-1] user=[unknown],db=[unknown],app=[unknown],client=[local] LOG:  connection received: host=[local]
2025-12-19 12:03:07 GMT [10325]: [2-1] user=Secret,db=databasesecret,app=[unknown],client=[local] LOG:  connection authorized: user=Secret database=databasesecret application_name=pg_isready
2025-12-19 12:03:07 GMT [10325]: [3-1] user=Secret,db=databasesecret,app=pg_isready,client=[local] LOG:  disconnection: session time: 0:00:00.002 user=Secret database=databasesecret host=[local]
2025-12-19 12:03:18 GMT [10333]: [1-1] user=[unknown],db=[unknown],app=[unknown],client=[local] LOG:  connection received: host=[local]
2025-12-19 12:03:18 GMT [10333]: [2-1] user=Secret,db=databasesecret,app=[unknown],client=[local] LOG:  connection authorized: user=Secret database=databasesecret application_name=pg_isready
2025-12-19 12:03:18 GMT [10333]: [3-1] user=Secret,db=databasesecret,app=pg_isready,client=[local] LOG:  disconnection: session time: 0:00:00.003 user=Secret database=databasesecret host=[local]
2025-12-19 12:03:29 GMT [10341]: [1-1] user=[unknown],db=[unknown],app=[unknown],client=[local] LOG:  connection received: host=[local]
2025-12-19 12:03:29 GMT [10341]: [2-1] user=Secret,db=databasesecret,app=[unknown],client=[local] LOG:  connection authorized: user=Secret database=databasesecret application_name=pg_isready
2025-12-19 12:03:29 GMT [10341]: [3-1] user=Secret,db=databasesecret,app=pg_isready,client=[local] LOG:  disconnection: session time: 0:00:00.002 user=Secret database=databasesecret host=[local]
2025-12-19 12:03:40 GMT [10349]: [1-1] user=[unknown],db=[unknown],app=[unknown],client=[local] LOG:  connection received: host=[local]
2025-12-19 12:03:40 GMT [10349]: [2-1] user=Secret,db=databasesecret,app=[unknown],client=[local] LOG:  connection authorized: user=Secret database=databasesecret application_name=pg_isready
2025-12-19 12:03:40 GMT [10349]: [3-1] user=Secret,db=databasesecret,app=pg_isready,client=[local] LOG:  disconnection: session time: 0:00:00.001 user=Secret database=databasesecret host=[local]
2025-12-19 12:03:50 GMT [10358]: [1-1] user=[unknown],db=[unknown],app=[unknown],client=[local] LOG:  connection received: host=[local]
2025-12-19 12:03:50 GMT [10358]: [2-1] user=Secret,db=databasesecret,app=[unknown],client=[local] LOG:  connection authorized: user=Secret database=databasesecret application_name=pg_isready
2025-12-19 12:03:50 GMT [10358]: [3-1] user=Secret,db=databasesecret,app=pg_isready,client=[local] LOG:  disconnection: session time: 0:00:00.002 user=Secret database=databasesecret host=[local]
2025-12-19 12:04:01 GMT [10366]: [1-1] user=[unknown],db=[unknown],app=[unknown],client=[local] LOG:  connection received: host=[local]
2025-12-19 12:04:01 GMT [10366]: [2-1] user=Secret,db=databasesecret,app=[unknown],client=[local] LOG:  connection authorized: user=Secret database=databasesecret application_name=pg_isready
2025-12-19 12:04:01 GMT [10366]: [3-1] user=Secret,db=databasesecret,app=pg_isready,client=[local] LOG:  disconnection: session time: 0:00:00.003 user=Secret database=databasesecret host=[local]
2025-12-19 12:04:11 GMT [10374]: [1-1] user=[unknown],db=[unknown],app=[unknown],client=[local] LOG:  connection received: host=[local]
2025-12-19 12:04:11 GMT [10374]: [2-1] user=Secret,db=databasesecret,app=[unknown],client=[local] LOG:  connection authorized: user=Secret database=databasesecret application_name=pg_isready
2025-12-19 12:04:12 GMT [10374]: [3-1] user=Secret,db=databasesecret,app=pg_isready,client=[local] LOG:  disconnection: session time: 0:00:00.005 user=Secret database=databasesecret host=[local]
2025-12-19 12:04:22 GMT [10382]: [1-1] user=[unknown],db=[unknown],app=[unknown],client=[local] LOG:  connection received: host=[local]
2025-12-19 12:04:22 GMT [10382]: [2-1] user=Secret,db=databasesecret,app=[unknown],client=[local] LOG:  connection authorized: user=Secret database=databasesecret application_name=pg_isready
2025-12-19 12:04:22 GMT [10382]: [3-1] user=Secret,db=databasesecret,app=pg_isready,client=[local] LOG:  disconnection: session time: 0:00:00.001 user=Secret database=databasesecret host=[local]
2025-12-19 12:04:33 GMT [10390]: [1-1] user=[unknown],db=[unknown],app=[unknown],client=[local] LOG:  connection received: host=[local]
2025-12-19 12:04:33 GMT [10390]: [2-1] user=Secret,db=databasesecret,app=[unknown],client=[local] LOG:  connection authorized: user=Secret database=databasesecret application_name=pg_isready
2025-12-19 12:04:33 GMT [10390]: [3-1] user=Secret,db=databasesecret,app=pg_isready,client=[local] LOG:  disconnection: session time: 0:00:00.002 user=Secret database=databasesecret host=[local]
2025-12-19 12:04:44 GMT [10398]: [1-1] user=[unknown],db=[unknown],app=[unknown],client=[local] LOG:  connection received: host=[local]
2025-12-19 12:04:44 GMT [10398]: [2-1] user=Secret,db=databasesecret,app=[unknown],client=[local] LOG:  connection authorized: user=Secret database=databasesecret application_name=pg_isready
2025-12-19 12:04:44 GMT [10398]: [3-1] user=Secret,db=databasesecret,app=pg_isready,client=[local] LOG:  disconnection: session time: 0:00:00.003 user=Secret database=databasesecret host=[local]
2025-12-19 12:04:54 GMT [10407]: [1-1] user=[unknown],db=[unknown],app=[unknown],client=[local] LOG:  connection received: host=[local]
2025-12-19 12:04:54 GMT [10407]: [2-1] user=Secret,db=databasesecret,app=[unknown],client=[local] LOG:  connection authorized: user=Secret database=databasesecret application_name=pg_isready
2025-12-19 12:04:54 GMT [10407]: [3-1] user=Secret,db=databasesecret,app=pg_isready,client=[local] LOG:  disconnection: session time: 0:00:00.001 user=Secret database=databasesecret host=[local]
2025-12-19 12:05:06 GMT [10415]: [1-1] user=[unknown],db=[unknown],app=[unknown],client=[local] LOG:  connection received: host=[local]
2025-12-19 12:05:06 GMT [10415]: [2-1] user=Secret,db=databasesecret,app=[unknown],client=[local] LOG:  connection authorized: user=Secret database=databasesecret application_name=pg_isready
2025-12-19 12:05:06 GMT [10415]: [3-1] user=Secret,db=databasesecret,app=pg_isready,client=[local] LOG:  disconnection: session time: 0:00:00.001 user=Secret database=databasesecret host=[local]
2025-12-19 12:05:16 GMT [10423]: [1-1] user=[unknown],db=[unknown],app=[unknown],client=[local] LOG:  connection received: host=[local]
2025-12-19 12:05:16 GMT [10423]: [2-1] user=Secret,db=databasesecret,app=[unknown],client=[local] LOG:  connection authorized: user=Secret database=databasesecret application_name=pg_isready
2025-12-19 12:05:16 GMT [10423]: [3-1] user=Secret,db=databasesecret,app=pg_isready,client=[local] LOG:  disconnection: session time: 0:00:00.001 user=Secret database=databasesecret host=[local]
2025-12-19 12:05:26 GMT [10431]: [1-1] user=[unknown],db=[unknown],app=[unknown],client=[local] LOG:  connection received: host=[local]
2025-12-19 12:05:26 GMT [10431]: [2-1] user=Secret,db=databasesecret,app=[unknown],client=[local] LOG:  connection authorized: user=Secret database=databasesecret application_name=pg_isready
2025-12-19 12:05:26 GMT [10431]: [3-1] user=Secret,db=databasesecret,app=pg_isready,client=[local] LOG:  disconnection: session time: 0:00:00.002 user=Secret database=databasesecret host=[local]
2025-12-19 12:05:38 GMT [10439]: [1-1] user=[unknown],db=[unknown],app=[unknown],client=[local] LOG:  connection received: host=[local]
2025-12-19 12:05:38 GMT [10439]: [2-1] user=Secret,db=databasesecret,app=[unknown],client=[local] LOG:  connection authorized: user=Secret database=databasesecret application_name=pg_isready
2025-12-19 12:05:38 GMT [10439]: [3-1] user=Secret,db=databasesecret,app=pg_isready,client=[local] LOG:  disconnection: session time: 0:00:00.002 user=Secret database=databasesecret host=[local]
2025-12-19 12:05:48 GMT [10448]: [1-1] user=[unknown],db=[unknown],app=[unknown],client=[local] LOG:  connection received: host=[local]
2025-12-19 12:05:48 GMT [10448]: [2-1] user=Secret,db=databasesecret,app=[unknown],client=[local] LOG:  connection authorized: user=Secret database=databasesecret application_name=pg_isready
2025-12-19 12:05:48 GMT [10448]: [3-1] user=Secret,db=databasesecret,app=pg_isready,client=[local] LOG:  disconnection: session time: 0:00:00.003 user=Secret database=databasesecret host=[local]
2025-12-19 12:05:58 GMT [10456]: [1-1] user=[unknown],db=[unknown],app=[unknown],client=[local] LOG:  connection received: host=[local]
2025-12-19 12:05:58 GMT [10456]: [2-1] user=Secret,db=databasesecret,app=[unknown],client=[local] LOG:  connection authorized: user=Secret database=databasesecret application_name=pg_isready
2025-12-19 12:05:58 GMT [10456]: [3-1] user=Secret,db=databasesecret,app=pg_isready,client=[local] LOG:  disconnection: session time: 0:00:00.004 user=Secret database=databasesecret host=[local]
2025-12-19 12:06:10 GMT [10465]: [1-1] user=[unknown],db=[unknown],app=[unknown],client=[local] LOG:  connection received: host=[local]
2025-12-19 12:06:10 GMT [10465]: [2-1] user=Secret,db=databasesecret,app=[unknown],client=[local] LOG:  connection authorized: user=Secret database=databasesecret application_name=pg_isready
2025-12-19 12:06:10 GMT [10465]: [3-1] user=Secret,db=databasesecret,app=pg_isready,client=[local] LOG:  disconnection: session time: 0:00:00.002 user=Secret database=databasesecret host=[local]
2025-12-19 12:06:20 GMT [10474]: [1-1] user=[unknown],db=[unknown],app=[unknown],client=[local] LOG:  connection received: host=[local]
2025-12-19 12:06:20 GMT [10474]: [2-1] user=Secret,db=databasesecret,app=[unknown],client=[local] LOG:  connection authorized: user=Secret database=databasesecret application_name=pg_isready
2025-12-19 12:06:20 GMT [10474]: [3-1] user=Secret,db=databasesecret,app=pg_isready,client=[local] LOG:  disconnection: session time: 0:00:00.002 user=Secret database=databasesecret host=[local]
2025-12-19 12:06:30 GMT [10482]: [1-1] user=[unknown],db=[unknown],app=[unknown],client=[local] LOG:  connection received: host=[local]
2025-12-19 12:06:30 GMT [10482]: [2-1] user=Secret,db=databasesecret,app=[unknown],client=[local] LOG:  connection authorized: user=Secret database=databasesecret application_name=pg_isready
2025-12-19 12:06:30 GMT [10482]: [3-1] user=Secret,db=databasesecret,app=pg_isready,client=[local] LOG:  disconnection: session time: 0:00:00.003 user=Secret database=databasesecret host=[local]
2025-12-19 12:06:42 GMT [10490]: [1-1] user=[unknown],db=[unknown],app=[unknown],client=[local] LOG:  connection received: host=[local]
2025-12-19 12:06:42 GMT [10490]: [2-1] user=Secret,db=databasesecret,app=[unknown],client=[local] LOG:  connection authorized: user=Secret database=databasesecret application_name=pg_isready
2025-12-19 12:06:42 GMT [10490]: [3-1] user=Secret,db=databasesecret,app=pg_isready,client=[local] LOG:  disconnection: session time: 0:00:00.001 user=Secret database=databasesecret host=[local]
2025-12-19 12:06:52 GMT [10499]: [1-1] user=[unknown],db=[unknown],app=[unknown],client=[local] LOG:  connection received: host=[local]
2025-12-19 12:06:52 GMT [10499]: [2-1] user=Secret,db=databasesecret,app=[unknown],client=[local] LOG:  connection authorized: user=Secret database=databasesecret application_name=pg_isready
2025-12-19 12:06:52 GMT [10499]: [3-1] user=Secret,db=databasesecret,app=pg_isready,client=[local] LOG:  disconnection: session time: 0:00:00.001 user=Secret database=databasesecret host=[local]
2025-12-19 12:07:02 GMT [10508]: [1-1] user=[unknown],db=[unknown],app=[unknown],client=[local] LOG:  connection received: host=[local]
2025-12-19 12:07:02 GMT [10508]: [2-1] user=Secret,db=databasesecret,app=[unknown],client=[local] LOG:  connection authorized: user=Secret database=databasesecret application_name=pg_isready
2025-12-19 12:07:02 GMT [10508]: [3-1] user=Secret,db=databasesecret,app=pg_isready,client=[local] LOG:  disconnection: session time: 0:00:00.002 user=Secret database=databasesecret host=[local]
2025-12-19 12:07:14 GMT [10516]: [1-1] user=[unknown],db=[unknown],app=[unknown],client=[local] LOG:  connection received: host=[local]
2025-12-19 12:07:14 GMT [10516]: [2-1] user=Secret,db=databasesecret,app=[unknown],client=[local] LOG:  connection authorized: user=Secret database=databasesecret application_name=pg_isready
2025-12-19 12:07:14 GMT [10516]: [3-1] user=Secret,db=databasesecret,app=pg_isready,client=[local] LOG:  disconnection: session time: 0:00:00.001 user=Secret database=databasesecret host=[local]
2025-12-19 12:07:24 GMT [10524]: [1-1] user=[unknown],db=[unknown],app=[unknown],client=[local] LOG:  connection received: host=[local]
2025-12-19 12:07:24 GMT [10524]: [2-1] user=Secret,db=databasesecret,app=[unknown],client=[local] LOG:  connection authorized: user=Secret database=databasesecret application_name=pg_isready
2025-12-19 12:07:24 GMT [10524]: [3-1] user=Secret,db=databasesecret,app=pg_isready,client=[local] LOG:  disconnection: session time: 0:00:00.004 user=Secret database=databasesecret host=[local]
2025-12-19 12:07:34 GMT [10532]: [1-1] user=[unknown],db=[unknown],app=[unknown],client=[local] LOG:  connection received: host=[local]
2025-12-19 12:07:34 GMT [10532]: [2-1] user=Secret,db=databasesecret,app=[unknown],client=[local] LOG:  connection authorized: user=Secret database=databasesecret application_name=pg_isready
2025-12-19 12:07:34 GMT [10532]: [3-1] user=Secret,db=databasesecret,app=pg_isready,client=[local] LOG:  disconnection: session time: 0:00:00.004 user=Secret database=databasesecret host=[local]
2025-12-19 12:07:46 GMT [10540]: [1-1] user=[unknown],db=[unknown],app=[unknown],client=[local] LOG:  connection received: host=[local]
2025-12-19 12:07:46 GMT [10540]: [2-1] user=Secret,db=databasesecret,app=[unknown],client=[local] LOG:  connection authorized: user=Secret database=databasesecret application_name=pg_isready
2025-12-19 12:07:46 GMT [10540]: [3-1] user=Secret,db=databasesecret,app=pg_isready,client=[local] LOG:  disconnection: session time: 0:00:00.002 user=Secret database=databasesecret host=[local]
2025-12-19 12:07:56 GMT [10549]: [1-1] user=[unknown],db=[unknown],app=[unknown],client=[local] LOG:  connection received: host=[local]
2025-12-19 12:07:56 GMT [10549]: [2-1] user=Secret,db=databasesecret,app=[unknown],client=[local] LOG:  connection authorized: user=Secret database=databasesecret application_name=pg_isready
2025-12-19 12:07:56 GMT [10549]: [3-1] user=Secret,db=databasesecret,app=pg_isready,client=[local] LOG:  disconnection: session time: 0:00:00.003 user=Secret database=databasesecret host=[local]
2025-12-19 12:08:07 GMT [10557]: [1-1] user=[unknown],db=[unknown],app=[unknown],client=[local] LOG:  connection received: host=[local]
2025-12-19 12:08:07 GMT [10557]: [2-1] user=Secret,db=databasesecret,app=[unknown],client=[local] LOG:  connection authorized: user=Secret database=databasesecret application_name=pg_isready
2025-12-19 12:08:07 GMT [10557]: [3-1] user=Secret,db=databasesecret,app=pg_isready,client=[local] LOG:  disconnection: session time: 0:00:00.002 user=Secret database=databasesecret host=[local]
2025-12-19 12:08:18 GMT [10565]: [1-1] user=[unknown],db=[unknown],app=[unknown],client=[local] LOG:  connection received: host=[local]
2025-12-19 12:08:18 GMT [10565]: [2-1] user=Secret,db=databasesecret,app=[unknown],client=[local] LOG:  connection authorized: user=Secret database=databasesecret application_name=pg_isready
2025-12-19 12:08:18 GMT [10565]: [3-1] user=Secret,db=databasesecret,app=pg_isready,client=[local] LOG:  disconnection: session time: 0:00:00.002 user=Secret database=databasesecret host=[local]
2025-12-19 12:08:28 GMT [10573]: [1-1] user=[unknown],db=[unknown],app=[unknown],client=[local] LOG:  connection received: host=[local]
2025-12-19 12:08:28 GMT [10573]: [2-1] user=Secret,db=databasesecret,app=[unknown],client=[local] LOG:  connection authorized: user=Secret database=databasesecret application_name=pg_isready
2025-12-19 12:08:28 GMT [10573]: [3-1] user=Secret,db=databasesecret,app=pg_isready,client=[local] LOG:  disconnection: session time: 0:00:00.001 user=Secret database=databasesecret host=[local]
2025-12-19 12:08:39 GMT [10581]: [1-1] user=[unknown],db=[unknown],app=[unknown],client=[local] LOG:  connection received: host=[local]
2025-12-19 12:08:39 GMT [10581]: [2-1] user=Secret,db=databasesecret,app=[unknown],client=[local] LOG:  connection authorized: user=Secret database=databasesecret application_name=pg_isready
2025-12-19 12:08:39 GMT [10581]: [3-1] user=Secret,db=databasesecret,app=pg_isready,client=[local] LOG:  disconnection: session time: 0:00:00.002 user=Secret database=databasesecret host=[local]
2025-12-19 12:08:51 GMT [10589]: [1-1] user=[unknown],db=[unknown],app=[unknown],client=[local] LOG:  connection received: host=[local]
2025-12-19 12:08:51 GMT [10589]: [2-1] user=Secret,db=databasesecret,app=[unknown],client=[local] LOG:  connection authorized: user=Secret database=databasesecret application_name=pg_isready
2025-12-19 12:08:51 GMT [10589]: [3-1] user=Secret,db=databasesecret,app=pg_isready,client=[local] LOG:  disconnection: session time: 0:00:00.003 user=Secret database=databasesecret host=[local]
2025-12-19 12:09:01 GMT [10598]: [1-1] user=[unknown],db=[unknown],app=[unknown],client=[local] LOG:  connection received: host=[local]
2025-12-19 12:09:01 GMT [10598]: [2-1] user=Secret,db=databasesecret,app=[unknown],client=[local] LOG:  connection authorized: user=Secret database=databasesecret application_name=pg_isready
2025-12-19 12:09:01 GMT [10598]: [3-1] user=Secret,db=databasesecret,app=pg_isready,client=[local] LOG:  disconnection: session time: 0:00:00.002 user=Secret database=databasesecret host=[local]
2025-12-19 12:09:11 GMT [10606]: [1-1] user=[unknown],db=[unknown],app=[unknown],client=[local] LOG:  connection received: host=[local]
2025-12-19 12:09:11 GMT [10606]: [2-1] user=Secret,db=databasesecret,app=[unknown],client=[local] LOG:  connection authorized: user=Secret database=databasesecret application_name=pg_isready
2025-12-19 12:09:11 GMT [10606]: [3-1] user=Secret,db=databasesecret,app=pg_isready,client=[local] LOG:  disconnection: session time: 0:00:00.002 user=Secret database=databasesecret host=[local]
2025-12-19 12:09:23 GMT [10614]: [1-1] user=[unknown],db=[unknown],app=[unknown],client=[local] LOG:  connection received: host=[local]
2025-12-19 12:09:23 GMT [10614]: [2-1] user=Secret,db=databasesecret,app=[unknown],client=[local] LOG:  connection authorized: user=Secret database=databasesecret application_name=pg_isready
2025-12-19 12:09:23 GMT [10614]: [3-1] user=Secret,db=databasesecret,app=pg_isready,client=[local] LOG:  disconnection: session time: 0:00:00.001 user=Secret database=databasesecret host=[local]
2025-12-19 12:09:33 GMT [10622]: [1-1] user=[unknown],db=[unknown],app=[unknown],client=[local] LOG:  connection received: host=[local]
2025-12-19 12:09:33 GMT [10622]: [2-1] user=Secret,db=databasesecret,app=[unknown],client=[local] LOG:  connection authorized: user=Secret database=databasesecret application_name=pg_isready
2025-12-19 12:09:33 GMT [10622]: [3-1] user=Secret,db=databasesecret,app=pg_isready,client=[local] LOG:  disconnection: session time: 0:00:00.001 user=Secret database=databasesecret host=[local]
2025-12-19 12:09:43 GMT [10630]: [1-1] user=[unknown],db=[unknown],app=[unknown],client=[local] LOG:  connection received: host=[local]
2025-12-19 12:09:43 GMT [10630]: [2-1] user=Secret,db=databasesecret,app=[unknown],client=[local] LOG:  connection authorized: user=Secret database=databasesecret application_name=pg_isready
2025-12-19 12:09:43 GMT [10630]: [3-1] user=Secret,db=databasesecret,app=pg_isready,client=[local] LOG:  disconnection: session time: 0:00:00.002 user=Secret database=databasesecret host=[local]
2025-12-19 12:09:55 GMT [10638]: [1-1] user=[unknown],db=[unknown],app=[unknown],client=[local] LOG:  connection received: host=[local]
2025-12-19 12:09:55 GMT [10638]: [2-1] user=Secret,db=databasesecret,app=[unknown],client=[local] LOG:  connection authorized: user=Secret database=databasesecret application_name=pg_isready
2025-12-19 12:09:55 GMT [10638]: [3-1] user=Secret,db=databasesecret,app=pg_isready,client=[local] LOG:  disconnection: session time: 0:00:00.001 user=Secret database=databasesecret host=[local]
2025-12-19 12:10:05 GMT [10647]: [1-1] user=[unknown],db=[unknown],app=[unknown],client=[local] LOG:  connection received: host=[local]
2025-12-19 12:10:05 GMT [10647]: [2-1] user=Secret,db=databasesecret,app=[unknown],client=[local] LOG:  connection authorized: user=Secret database=databasesecret application_name=pg_isready
2025-12-19 12:10:05 GMT [10647]: [3-1] user=Secret,db=databasesecret,app=pg_isready,client=[local] LOG:  disconnection: session time: 0:00:00.003 user=Secret database=databasesecret host=[local]
2025-12-19 12:10:17 GMT [10655]: [1-1] user=[unknown],db=[unknown],app=[unknown],client=[local] LOG:  connection received: host=[local]
2025-12-19 12:10:17 GMT [10655]: [2-1] user=Secret,db=databasesecret,app=[unknown],client=[local] LOG:  connection authorized: user=Secret database=databasesecret application_name=pg_isready
2025-12-19 12:10:17 GMT [10655]: [3-1] user=Secret,db=databasesecret,app=pg_isready,client=[local] LOG:  disconnection: session time: 0:00:00.001 user=Secret database=databasesecret host=[local]
2025-12-19 12:10:27 GMT [10663]: [1-1] user=[unknown],db=[unknown],app=[unknown],client=[local] LOG:  connection received: host=[local]
2025-12-19 12:10:27 GMT [10663]: [2-1] user=Secret,db=databasesecret,app=[unknown],client=[local] LOG:  connection authorized: user=Secret database=databasesecret application_name=pg_isready
2025-12-19 12:10:27 GMT [10663]: [3-1] user=Secret,db=databasesecret,app=pg_isready,client=[local] LOG:  disconnection: session time: 0:00:00.001 user=Secret database=databasesecret host=[local]
2025-12-19 12:10:37 GMT [10671]: [1-1] user=[unknown],db=[unknown],app=[unknown],client=[local] LOG:  connection received: host=[local]
2025-12-19 12:10:37 GMT [10671]: [2-1] user=Secret,db=databasesecret,app=[unknown],client=[local] LOG:  connection authorized: user=Secret database=databasesecret application_name=pg_isready
2025-12-19 12:10:37 GMT [10671]: [3-1] user=Secret,db=databasesecret,app=pg_isready,client=[local] LOG:  disconnection: session time: 0:00:00.004 user=Secret database=databasesecret host=[local]
2025-12-19 12:10:49 GMT [10679]: [1-1] user=[unknown],db=[unknown],app=[unknown],client=[local] LOG:  connection received: host=[local]
2025-12-19 12:10:49 GMT [10679]: [2-1] user=Secret,db=databasesecret,app=[unknown],client=[local] LOG:  connection authorized: user=Secret database=databasesecret application_name=pg_isready
2025-12-19 12:10:49 GMT [10679]: [3-1] user=Secret,db=databasesecret,app=pg_isready,client=[local] LOG:  disconnection: session time: 0:00:00.003 user=Secret database=databasesecret host=[local]
2025-12-19 12:10:59 GMT [10688]: [1-1] user=[unknown],db=[unknown],app=[unknown],client=[local] LOG:  connection received: host=[local]
2025-12-19 12:10:59 GMT [10688]: [2-1] user=Secret,db=databasesecret,app=[unknown],client=[local] LOG:  connection authorized: user=Secret database=databasesecret application_name=pg_isready
2025-12-19 12:10:59 GMT [10688]: [3-1] user=Secret,db=databasesecret,app=pg_isready,client=[local] LOG:  disconnection: session time: 0:00:00.001 user=Secret database=databasesecret host=[local]
2025-12-19 12:11:09 GMT [10697]: [1-1] user=[unknown],db=[unknown],app=[unknown],client=[local] LOG:  connection received: host=[local]
2025-12-19 12:11:09 GMT [10697]: [2-1] user=Secret,db=databasesecret,app=[unknown],client=[local] LOG:  connection authorized: user=Secret database=databasesecret application_name=pg_isready
2025-12-19 12:11:09 GMT [10697]: [3-1] user=Secret,db=databasesecret,app=pg_isready,client=[local] LOG:  disconnection: session time: 0:00:00.001 user=Secret database=databasesecret host=[local]
2025-12-19 12:11:21 GMT [10705]: [1-1] user=[unknown],db=[unknown],app=[unknown],client=[local] LOG:  connection received: host=[local]
2025-12-19 12:11:21 GMT [10705]: [2-1] user=Secret,db=databasesecret,app=[unknown],client=[local] LOG:  connection authorized: user=Secret database=databasesecret application_name=pg_isready
2025-12-19 12:11:21 GMT [10705]: [3-1] user=Secret,db=databasesecret,app=pg_isready,client=[local] LOG:  disconnection: session time: 0:00:00.002 user=Secret database=databasesecret host=[local]
2025-12-19 12:11:31 GMT [10713]: [1-1] user=[unknown],db=[unknown],app=[unknown],client=[local] LOG:  connection received: host=[local]
2025-12-19 12:11:31 GMT [10713]: [2-1] user=Secret,db=databasesecret,app=[unknown],client=[local] LOG:  connection authorized: user=Secret database=databasesecret application_name=pg_isready
2025-12-19 12:11:31 GMT [10713]: [3-1] user=Secret,db=databasesecret,app=pg_isready,client=[local] LOG:  disconnection: session time: 0:00:00.001 user=Secret database=databasesecret host=[local]
2025-12-19 12:11:41 GMT [10721]: [1-1] user=[unknown],db=[unknown],app=[unknown],client=[local] LOG:  connection received: host=[local]
2025-12-19 12:11:41 GMT [10721]: [2-1] user=Secret,db=databasesecret,app=[unknown],client=[local] LOG:  connection authorized: user=Secret database=databasesecret application_name=pg_isready
2025-12-19 12:11:41 GMT [10721]: [3-1] user=Secret,db=databasesecret,app=pg_isready,client=[local] LOG:  disconnection: session time: 0:00:00.001 user=Secret database=databasesecret host=[local]
2025-12-19 12:11:53 GMT [10729]: [1-1] user=[unknown],db=[unknown],app=[unknown],client=[local] LOG:  connection received: host=[local]
2025-12-19 12:11:53 GMT [10729]: [2-1] user=Secret,db=databasesecret,app=[unknown],client=[local] LOG:  connection authorized: user=Secret database=databasesecret application_name=pg_isready
2025-12-19 12:11:53 GMT [10729]: [3-1] user=Secret,db=databasesecret,app=pg_isready,client=[local] LOG:  disconnection: session time: 0:00:00.002 user=Secret database=databasesecret host=[local]
2025-12-19 12:12:03 GMT [10737]: [1-1] user=[unknown],db=[unknown],app=[unknown],client=[local] LOG:  connection received: host=[local]
2025-12-19 12:12:03 GMT [10737]: [2-1] user=Secret,db=databasesecret,app=[unknown],client=[local] LOG:  connection authorized: user=Secret database=databasesecret application_name=pg_isready
2025-12-19 12:12:03 GMT [10737]: [3-1] user=Secret,db=databasesecret,app=pg_isready,client=[local] LOG:  disconnection: session time: 0:00:00.002 user=Secret database=databasesecret host=[local]
2025-12-19 12:12:14 GMT [10746]: [1-1] user=[unknown],db=[unknown],app=[unknown],client=[local] LOG:  connection received: host=[local]
2025-12-19 12:12:14 GMT [10746]: [2-1] user=Secret,db=databasesecret,app=[unknown],client=[local] LOG:  connection authorized: user=Secret database=databasesecret application_name=pg_isready
2025-12-19 12:12:14 GMT [10746]: [3-1] user=Secret,db=databasesecret,app=pg_isready,client=[local] LOG:  disconnection: session time: 0:00:00.004 user=Secret database=databasesecret host=[local]
2025-12-19 12:12:25 GMT [10754]: [1-1] user=[unknown],db=[unknown],app=[unknown],client=[local] LOG:  connection received: host=[local]
2025-12-19 12:12:25 GMT [10754]: [2-1] user=Secret,db=databasesecret,app=[unknown],client=[local] LOG:  connection authorized: user=Secret database=databasesecret application_name=pg_isready
2025-12-19 12:12:25 GMT [10754]: [3-1] user=Secret,db=databasesecret,app=pg_isready,client=[local] LOG:  disconnection: session time: 0:00:00.002 user=Secret database=databasesecret host=[local]
2025-12-19 12:12:35 GMT [10762]: [1-1] user=[unknown],db=[unknown],app=[unknown],client=[local] LOG:  connection received: host=[local]
2025-12-19 12:12:35 GMT [10762]: [2-1] user=Secret,db=databasesecret,app=[unknown],client=[local] LOG:  connection authorized: user=Secret database=databasesecret application_name=pg_isready
2025-12-19 12:12:35 GMT [10762]: [3-1] user=Secret,db=databasesecret,app=pg_isready,client=[local] LOG:  disconnection: session time: 0:00:00.002 user=Secret database=databasesecret host=[local]
2025-12-19 12:12:46 GMT [10770]: [1-1] user=[unknown],db=[unknown],app=[unknown],client=[local] LOG:  connection received: host=[local]
2025-12-19 12:12:46 GMT [10770]: [2-1] user=Secret,db=databasesecret,app=[unknown],client=[local] LOG:  connection authorized: user=Secret database=databasesecret application_name=pg_isready
2025-12-19 12:12:46 GMT [10770]: [3-1] user=Secret,db=databasesecret,app=pg_isready,client=[local] LOG:  disconnection: session time: 0:00:00.002 user=Secret database=databasesecret host=[local]
2025-12-19 12:12:57 GMT [10778]: [1-1] user=[unknown],db=[unknown],app=[unknown],client=[local] LOG:  connection received: host=[local]
2025-12-19 12:12:57 GMT [10778]: [2-1] user=Secret,db=databasesecret,app=[unknown],client=[local] LOG:  connection authorized: user=Secret database=databasesecret application_name=pg_isready
2025-12-19 12:12:57 GMT [10778]: [3-1] user=Secret,db=databasesecret,app=pg_isready,client=[local] LOG:  disconnection: session time: 0:00:00.004 user=Secret database=databasesecret host=[local]
2025-12-19 12:13:08 GMT [10786]: [1-1] user=[unknown],db=[unknown],app=[unknown],client=[local] LOG:  connection received: host=[local]
2025-12-19 12:13:08 GMT [10786]: [2-1] user=Secret,db=databasesecret,app=[unknown],client=[local] LOG:  connection authorized: user=Secret database=databasesecret application_name=pg_isready
2025-12-19 12:13:08 GMT [10786]: [3-1] user=Secret,db=databasesecret,app=pg_isready,client=[local] LOG:  disconnection: session time: 0:00:00.001 user=Secret database=databasesecret host=[local]
2025-12-19 12:13:18 GMT [10796]: [1-1] user=[unknown],db=[unknown],app=[unknown],client=[local] LOG:  connection received: host=[local]
2025-12-19 12:13:18 GMT [10796]: [2-1] user=Secret,db=databasesecret,app=[unknown],client=[local] LOG:  connection authorized: user=Secret database=databasesecret application_name=pg_isready
2025-12-19 12:13:18 GMT [10796]: [3-1] user=Secret,db=databasesecret,app=pg_isready,client=[local] LOG:  disconnection: session time: 0:00:00.002 user=Secret database=databasesecret host=[local]
2025-12-19 12:13:30 GMT [10804]: [1-1] user=[unknown],db=[unknown],app=[unknown],client=[local] LOG:  connection received: host=[local]
2025-12-19 12:13:30 GMT [10804]: [2-1] user=Secret,db=databasesecret,app=[unknown],client=[local] LOG:  connection authorized: user=Secret database=databasesecret application_name=pg_isready
2025-12-19 12:13:30 GMT [10804]: [3-1] user=Secret,db=databasesecret,app=pg_isready,client=[local] LOG:  disconnection: session time: 0:00:00.001 user=Secret database=databasesecret host=[local]
2025-12-19 12:13:40 GMT [10812]: [1-1] user=[unknown],db=[unknown],app=[unknown],client=[local] LOG:  connection received: host=[local]
2025-12-19 12:13:40 GMT [10812]: [2-1] user=Secret,db=databasesecret,app=[unknown],client=[local] LOG:  connection authorized: user=Secret database=databasesecret application_name=pg_isready
2025-12-19 12:13:40 GMT [10812]: [3-1] user=Secret,db=databasesecret,app=pg_isready,client=[local] LOG:  disconnection: session time: 0:00:00.002 user=Secret database=databasesecret host=[local]
2025-12-19 12:13:50 GMT [10820]: [1-1] user=[unknown],db=[unknown],app=[unknown],client=[local] LOG:  connection received: host=[local]
2025-12-19 12:13:50 GMT [10820]: [2-1] user=Secret,db=databasesecret,app=[unknown],client=[local] LOG:  connection authorized: user=Secret database=databasesecret application_name=pg_isready
2025-12-19 12:13:50 GMT [10820]: [3-1] user=Secret,db=databasesecret,app=pg_isready,client=[local] LOG:  disconnection: session time: 0:00:00.001 user=Secret database=databasesecret host=[local]
2025-12-19 12:14:02 GMT [10828]: [1-1] user=[unknown],db=[unknown],app=[unknown],client=[local] LOG:  connection received: host=[local]
2025-12-19 12:14:02 GMT [10828]: [2-1] user=Secret,db=databasesecret,app=[unknown],client=[local] LOG:  connection authorized: user=Secret database=databasesecret application_name=pg_isready
2025-12-19 12:14:02 GMT [10828]: [3-1] user=Secret,db=databasesecret,app=pg_isready,client=[local] LOG:  disconnection: session time: 0:00:00.003 user=Secret database=databasesecret host=[local]
2025-12-19 12:14:12 GMT [10836]: [1-1] user=[unknown],db=[unknown],app=[unknown],client=[local] LOG:  connection received: host=[local]
2025-12-19 12:14:12 GMT [10836]: [2-1] user=Secret,db=databasesecret,app=[unknown],client=[local] LOG:  connection authorized: user=Secret database=databasesecret application_name=pg_isready
2025-12-19 12:14:12 GMT [10836]: [3-1] user=Secret,db=databasesecret,app=pg_isready,client=[local] LOG:  disconnection: session time: 0:00:00.004 user=Secret database=databasesecret host=[local]
2025-12-19 12:14:22 GMT [10845]: [1-1] user=[unknown],db=[unknown],app=[unknown],client=[local] LOG:  connection received: host=[local]
2025-12-19 12:14:22 GMT [10845]: [2-1] user=Secret,db=databasesecret,app=[unknown],client=[local] LOG:  connection authorized: user=Secret database=databasesecret application_name=pg_isready
2025-12-19 12:14:22 GMT [10845]: [3-1] user=Secret,db=databasesecret,app=pg_isready,client=[local] LOG:  disconnection: session time: 0:00:00.002 user=Secret database=databasesecret host=[local]
2025-12-19 12:14:34 GMT [10853]: [1-1] user=[unknown],db=[unknown],app=[unknown],client=[local] LOG:  connection received: host=[local]
2025-12-19 12:14:34 GMT [10853]: [2-1] user=Secret,db=databasesecret,app=[unknown],client=[local] LOG:  connection authorized: user=Secret database=databasesecret application_name=pg_isready
2025-12-19 12:14:34 GMT [10853]: [3-1] user=Secret,db=databasesecret,app=pg_isready,client=[local] LOG:  disconnection: session time: 0:00:00.002 user=Secret database=databasesecret host=[local]
2025-12-19 12:14:44 GMT [10861]: [1-1] user=[unknown],db=[unknown],app=[unknown],client=[local] LOG:  connection received: host=[local]
2025-12-19 12:14:44 GMT [10861]: [2-1] user=Secret,db=databasesecret,app=[unknown],client=[local] LOG:  connection authorized: user=Secret database=databasesecret application_name=pg_isready
2025-12-19 12:14:44 GMT [10861]: [3-1] user=Secret,db=databasesecret,app=pg_isready,client=[local] LOG:  disconnection: session time: 0:00:00.002 user=Secret database=databasesecret host=[local]
2025-12-19 12:14:54 GMT [10869]: [1-1] user=[unknown],db=[unknown],app=[unknown],client=[local] LOG:  connection received: host=[local]
2025-12-19 12:14:54 GMT [10869]: [2-1] user=Secret,db=databasesecret,app=[unknown],client=[local] LOG:  connection authorized: user=Secret database=databasesecret application_name=pg_isready
2025-12-19 12:14:54 GMT [10869]: [3-1] user=Secret,db=databasesecret,app=pg_isready,client=[local] LOG:  disconnection: session time: 0:00:00.002 user=Secret database=databasesecret host=[local]
2025-12-19 12:15:06 GMT [10877]: [1-1] user=[unknown],db=[unknown],app=[unknown],client=[local] LOG:  connection received: host=[local]
2025-12-19 12:15:06 GMT [10877]: [2-1] user=Secret,db=databasesecret,app=[unknown],client=[local] LOG:  connection authorized: user=Secret database=databasesecret application_name=pg_isready
2025-12-19 12:15:06 GMT [10877]: [3-1] user=Secret,db=databasesecret,app=pg_isready,client=[local] LOG:  disconnection: session time: 0:00:00.002 user=Secret database=databasesecret host=[local]
2025-12-19 12:15:17 GMT [10885]: [1-1] user=[unknown],db=[unknown],app=[unknown],client=[local] LOG:  connection received: host=[local]
2025-12-19 12:15:17 GMT [10885]: [2-1] user=Secret,db=databasesecret,app=[unknown],client=[local] LOG:  connection authorized: user=Secret database=databasesecret application_name=pg_isready
2025-12-19 12:15:17 GMT [10885]: [3-1] user=Secret,db=databasesecret,app=pg_isready,client=[local] LOG:  disconnection: session time: 0:00:00.003 user=Secret database=databasesecret host=[local]
2025-12-19 12:15:27 GMT [10894]: [1-1] user=[unknown],db=[unknown],app=[unknown],client=[local] LOG:  connection received: host=[local]
2025-12-19 12:15:27 GMT [10894]: [2-1] user=Secret,db=databasesecret,app=[unknown],client=[local] LOG:  connection authorized: user=Secret database=databasesecret application_name=pg_isready
2025-12-19 12:15:27 GMT [10894]: [3-1] user=Secret,db=databasesecret,app=pg_isready,client=[local] LOG:  disconnection: session time: 0:00:00.002 user=Secret database=databasesecret host=[local]
2025-12-19 12:15:39 GMT [10902]: [1-1] user=[unknown],db=[unknown],app=[unknown],client=[local] LOG:  connection received: host=[local]
2025-12-19 12:15:39 GMT [10902]: [2-1] user=Secret,db=databasesecret,app=[unknown],client=[local] LOG:  connection authorized: user=Secret database=databasesecret application_name=pg_isready
2025-12-19 12:15:39 GMT [10902]: [3-1] user=Secret,db=databasesecret,app=pg_isready,client=[local] LOG:  disconnection: session time: 0:00:00.003 user=Secret database=databasesecret host=[local]
2025-12-19 12:15:49 GMT [10910]: [1-1] user=[unknown],db=[unknown],app=[unknown],client=[local] LOG:  connection received: host=[local]
2025-12-19 12:15:49 GMT [10910]: [2-1] user=Secret,db=databasesecret,app=[unknown],client=[local] LOG:  connection authorized: user=Secret database=databasesecret application_name=pg_isready
2025-12-19 12:15:49 GMT [10910]: [3-1] user=Secret,db=databasesecret,app=pg_isready,client=[local] LOG:  disconnection: session time: 0:00:00.003 user=Secret database=databasesecret host=[local]
2025-12-19 12:15:59 GMT [10918]: [1-1] user=[unknown],db=[unknown],app=[unknown],client=[local] LOG:  connection received: host=[local]
2025-12-19 12:15:59 GMT [10918]: [2-1] user=Secret,db=databasesecret,app=[unknown],client=[local] LOG:  connection authorized: user=Secret database=databasesecret application_name=pg_isready
2025-12-19 12:15:59 GMT [10918]: [3-1] user=Secret,db=databasesecret,app=pg_isready,client=[local] LOG:  disconnection: session time: 0:00:00.002 user=Secret database=databasesecret host=[local]
2025-12-19 12:16:11 GMT [10926]: [1-1] user=[unknown],db=[unknown],app=[unknown],client=[local] LOG:  connection received: host=[local]
2025-12-19 12:16:11 GMT [10926]: [2-1] user=Secret,db=databasesecret,app=[unknown],client=[local] LOG:  connection authorized: user=Secret database=databasesecret application_name=pg_isready
2025-12-19 12:16:11 GMT [10926]: [3-1] user=Secret,db=databasesecret,app=pg_isready,client=[local] LOG:  disconnection: session time: 0:00:00.003 user=Secret database=databasesecret host=[local]
2025-12-19 12:16:21 GMT [10935]: [1-1] user=[unknown],db=[unknown],app=[unknown],client=[local] LOG:  connection received: host=[local]
2025-12-19 12:16:21 GMT [10935]: [2-1] user=Secret,db=databasesecret,app=[unknown],client=[local] LOG:  connection authorized: user=Secret database=databasesecret application_name=pg_isready
2025-12-19 12:16:21 GMT [10935]: [3-1] user=Secret,db=databasesecret,app=pg_isready,client=[local] LOG:  disconnection: session time: 0:00:00.002 user=Secret database=databasesecret host=[local]
2025-12-19 12:16:31 GMT [10943]: [1-1] user=[unknown],db=[unknown],app=[unknown],client=[local] LOG:  connection received: host=[local]
2025-12-19 12:16:31 GMT [10943]: [2-1] user=Secret,db=databasesecret,app=[unknown],client=[local] LOG:  connection authorized: user=Secret database=databasesecret application_name=pg_isready
2025-12-19 12:16:31 GMT [10943]: [3-1] user=Secret,db=databasesecret,app=pg_isready,client=[local] LOG:  disconnection: session time: 0:00:00.001 user=Secret database=databasesecret host=[local]
2025-12-19 12:16:43 GMT [10951]: [1-1] user=[unknown],db=[unknown],app=[unknown],client=[local] LOG:  connection received: host=[local]
2025-12-19 12:16:43 GMT [10951]: [2-1] user=Secret,db=databasesecret,app=[unknown],client=[local] LOG:  connection authorized: user=Secret database=databasesecret application_name=pg_isready
2025-12-19 12:16:43 GMT [10951]: [3-1] user=Secret,db=databasesecret,app=pg_isready,client=[local] LOG:  disconnection: session time: 0:00:00.002 user=Secret database=databasesecret host=[local]
2025-12-19 12:16:53 GMT [10959]: [1-1] user=[unknown],db=[unknown],app=[unknown],client=[local] LOG:  connection received: host=[local]
2025-12-19 12:16:53 GMT [10959]: [2-1] user=Secret,db=databasesecret,app=[unknown],client=[local] LOG:  connection authorized: user=Secret database=databasesecret application_name=pg_isready
2025-12-19 12:16:53 GMT [10959]: [3-1] user=Secret,db=databasesecret,app=pg_isready,client=[local] LOG:  disconnection: session time: 0:00:00.002 user=Secret database=databasesecret host=[local]
2025-12-19 12:17:03 GMT [10967]: [1-1] user=[unknown],db=[unknown],app=[unknown],client=[local] LOG:  connection received: host=[local]
2025-12-19 12:17:03 GMT [10967]: [2-1] user=Secret,db=databasesecret,app=[unknown],client=[local] LOG:  connection authorized: user=Secret database=databasesecret application_name=pg_isready
2025-12-19 12:17:03 GMT [10967]: [3-1] user=Secret,db=databasesecret,app=pg_isready,client=[local] LOG:  disconnection: session time: 0:00:00.001 user=Secret database=databasesecret host=[local]
2025-12-19 12:17:15 GMT [10975]: [1-1] user=[unknown],db=[unknown],app=[unknown],client=[local] LOG:  connection received: host=[local]
2025-12-19 12:17:15 GMT [10975]: [2-1] user=Secret,db=databasesecret,app=[unknown],client=[local] LOG:  connection authorized: user=Secret database=databasesecret application_name=pg_isready
2025-12-19 12:17:16 GMT [10975]: [3-1] user=Secret,db=databasesecret,app=pg_isready,client=[local] LOG:  disconnection: session time: 0:00:00.002 user=Secret database=databasesecret host=[local]
2025-12-19 12:17:26 GMT [10984]: [1-1] user=[unknown],db=[unknown],app=[unknown],client=[local] LOG:  connection received: host=[local]
2025-12-19 12:17:26 GMT [10984]: [2-1] user=Secret,db=databasesecret,app=[unknown],client=[local] LOG:  connection authorized: user=Secret database=databasesecret application_name=pg_isready
2025-12-19 12:17:26 GMT [10984]: [3-1] user=Secret,db=databasesecret,app=pg_isready,client=[local] LOG:  disconnection: session time: 0:00:00.003 user=Secret database=databasesecret host=[local]
2025-12-19 12:17:36 GMT [10992]: [1-1] user=[unknown],db=[unknown],app=[unknown],client=[local] LOG:  connection received: host=[local]
2025-12-19 12:17:36 GMT [10992]: [2-1] user=Secret,db=databasesecret,app=[unknown],client=[local] LOG:  connection authorized: user=Secret database=databasesecret application_name=pg_isready
2025-12-19 12:17:36 GMT [10992]: [3-1] user=Secret,db=databasesecret,app=pg_isready,client=[local] LOG:  disconnection: session time: 0:00:00.002 user=Secret database=databasesecret host=[local]
2025-12-19 12:17:48 GMT [11000]: [1-1] user=[unknown],db=[unknown],app=[unknown],client=[local] LOG:  connection received: host=[local]
2025-12-19 12:17:48 GMT [11000]: [2-1] user=Secret,db=databasesecret,app=[unknown],client=[local] LOG:  connection authorized: user=Secret database=databasesecret application_name=pg_isready
2025-12-19 12:17:48 GMT [11000]: [3-1] user=Secret,db=databasesecret,app=pg_isready,client=[local] LOG:  disconnection: session time: 0:00:00.009 user=Secret database=databasesecret host=[local]
2025-12-19 12:17:58 GMT [11008]: [1-1] user=[unknown],db=[unknown],app=[unknown],client=[local] LOG:  connection received: host=[local]
2025-12-19 12:17:58 GMT [11008]: [2-1] user=Secret,db=databasesecret,app=[unknown],client=[local] LOG:  connection authorized: user=Secret database=databasesecret application_name=pg_isready
2025-12-19 12:17:58 GMT [11008]: [3-1] user=Secret,db=databasesecret,app=pg_isready,client=[local] LOG:  disconnection: session time: 0:00:00.003 user=Secret database=databasesecret host=[local]
2025-12-19 12:18:08 GMT [11016]: [1-1] user=[unknown],db=[unknown],app=[unknown],client=[local] LOG:  connection received: host=[local]
2025-12-19 12:18:08 GMT [11016]: [2-1] user=Secret,db=databasesecret,app=[unknown],client=[local] LOG:  connection authorized: user=Secret database=databasesecret application_name=pg_isready
2025-12-19 12:18:08 GMT [11016]: [3-1] user=Secret,db=databasesecret,app=pg_isready,client=[local] LOG:  disconnection: session time: 0:00:00.001 user=Secret database=databasesecret host=[local]
2025-12-19 12:18:20 GMT [11024]: [1-1] user=[unknown],db=[unknown],app=[unknown],client=[local] LOG:  connection received: host=[local]
2025-12-19 12:18:20 GMT [11024]: [2-1] user=Secret,db=databasesecret,app=[unknown],client=[local] LOG:  connection authorized: user=Secret database=databasesecret application_name=pg_isready
2025-12-19 12:18:20 GMT [11024]: [3-1] user=Secret,db=databasesecret,app=pg_isready,client=[local] LOG:  disconnection: session time: 0:00:00.004 user=Secret database=databasesecret host=[local]
2025-12-19 12:18:30 GMT [11033]: [1-1] user=[unknown],db=[unknown],app=[unknown],client=[local] LOG:  connection received: host=[local]
2025-12-19 12:18:30 GMT [11033]: [2-1] user=Secret,db=databasesecret,app=[unknown],client=[local] LOG:  connection authorized: user=Secret database=databasesecret application_name=pg_isready
2025-12-19 12:18:30 GMT [11033]: [3-1] user=Secret,db=databasesecret,app=pg_isready,client=[local] LOG:  disconnection: session time: 0:00:00.003 user=Secret database=databasesecret host=[local]
2025-12-19 12:18:40 GMT [11041]: [1-1] user=[unknown],db=[unknown],app=[unknown],client=[local] LOG:  connection received: host=[local]
2025-12-19 12:18:40 GMT [11041]: [2-1] user=Secret,db=databasesecret,app=[unknown],client=[local] LOG:  connection authorized: user=Secret database=databasesecret application_name=pg_isready
2025-12-19 12:18:40 GMT [11041]: [3-1] user=Secret,db=databasesecret,app=pg_isready,client=[local] LOG:  disconnection: session time: 0:00:00.001 user=Secret database=databasesecret host=[local]
2025-12-19 12:18:52 GMT [11049]: [1-1] user=[unknown],db=[unknown],app=[unknown],client=[local] LOG:  connection received: host=[local]
2025-12-19 12:18:52 GMT [11049]: [2-1] user=Secret,db=databasesecret,app=[unknown],client=[local] LOG:  connection authorized: user=Secret database=databasesecret application_name=pg_isready
2025-12-19 12:18:52 GMT [11049]: [3-1] user=Secret,db=databasesecret,app=pg_isready,client=[local] LOG:  disconnection: session time: 0:00:00.001 user=Secret database=databasesecret host=[local]
2025-12-19 12:19:03 GMT [11057]: [1-1] user=[unknown],db=[unknown],app=[unknown],client=[local] LOG:  connection received: host=[local]
2025-12-19 12:19:03 GMT [11057]: [2-1] user=Secret,db=databasesecret,app=[unknown],client=[local] LOG:  connection authorized: user=Secret database=databasesecret application_name=pg_isready
2025-12-19 12:19:03 GMT [11057]: [3-1] user=Secret,db=databasesecret,app=pg_isready,client=[local] LOG:  disconnection: session time: 0:00:00.001 user=Secret database=databasesecret host=[local]
2025-12-19 12:19:13 GMT [11065]: [1-1] user=[unknown],db=[unknown],app=[unknown],client=[local] LOG:  connection received: host=[local]
2025-12-19 12:19:13 GMT [11065]: [2-1] user=Secret,db=databasesecret,app=[unknown],client=[local] LOG:  connection authorized: user=Secret database=databasesecret application_name=pg_isready
2025-12-19 12:19:13 GMT [11065]: [3-1] user=Secret,db=databasesecret,app=pg_isready,client=[local] LOG:  disconnection: session time: 0:00:00.003 user=Secret database=databasesecret host=[local]
2025-12-19 12:19:25 GMT [11073]: [1-1] user=[unknown],db=[unknown],app=[unknown],client=[local] LOG:  connection received: host=[local]
2025-12-19 12:19:25 GMT [11073]: [2-1] user=Secret,db=databasesecret,app=[unknown],client=[local] LOG:  connection authorized: user=Secret database=databasesecret application_name=pg_isready
2025-12-19 12:19:25 GMT [11073]: [3-1] user=Secret,db=databasesecret,app=pg_isready,client=[local] LOG:  disconnection: session time: 0:00:00.002 user=Secret database=databasesecret host=[local]
2025-12-19 12:19:35 GMT [11082]: [1-1] user=[unknown],db=[unknown],app=[unknown],client=[local] LOG:  connection received: host=[local]
2025-12-19 12:19:35 GMT [11082]: [2-1] user=Secret,db=databasesecret,app=[unknown],client=[local] LOG:  connection authorized: user=Secret database=databasesecret application_name=pg_isready
2025-12-19 12:19:35 GMT [11082]: [3-1] user=Secret,db=databasesecret,app=pg_isready,client=[local] LOG:  disconnection: session time: 0:00:00.001 user=Secret database=databasesecret host=[local]
2025-12-19 12:19:45 GMT [11090]: [1-1] user=[unknown],db=[unknown],app=[unknown],client=[local] LOG:  connection received: host=[local]
2025-12-19 12:19:45 GMT [11090]: [2-1] user=Secret,db=databasesecret,app=[unknown],client=[local] LOG:  connection authorized: user=Secret database=databasesecret application_name=pg_isready
2025-12-19 12:19:45 GMT [11090]: [3-1] user=Secret,db=databasesecret,app=pg_isready,client=[local] LOG:  disconnection: session time: 0:00:00.001 user=Secret database=databasesecret host=[local]
2025-12-19 12:19:57 GMT [11098]: [1-1] user=[unknown],db=[unknown],app=[unknown],client=[local] LOG:  connection received: host=[local]
2025-12-19 12:19:57 GMT [11098]: [2-1] user=Secret,db=databasesecret,app=[unknown],client=[local] LOG:  connection authorized: user=Secret database=databasesecret application_name=pg_isready
2025-12-19 12:19:57 GMT [11098]: [3-1] user=Secret,db=databasesecret,app=pg_isready,client=[local] LOG:  disconnection: session time: 0:00:00.001 user=Secret database=databasesecret host=[local]
2025-12-19 12:20:07 GMT [11106]: [1-1] user=[unknown],db=[unknown],app=[unknown],client=[local] LOG:  connection received: host=[local]
2025-12-19 12:20:07 GMT [11106]: [2-1] user=Secret,db=databasesecret,app=[unknown],client=[local] LOG:  connection authorized: user=Secret database=databasesecret application_name=pg_isready
2025-12-19 12:20:07 GMT [11106]: [3-1] user=Secret,db=databasesecret,app=pg_isready,client=[local] LOG:  disconnection: session time: 0:00:00.002 user=Secret database=databasesecret host=[local]
2025-12-19 12:20:18 GMT [11115]: [1-1] user=[unknown],db=[unknown],app=[unknown],client=[local] LOG:  connection received: host=[local]
2025-12-19 12:20:18 GMT [11115]: [2-1] user=Secret,db=databasesecret,app=[unknown],client=[local] LOG:  connection authorized: user=Secret database=databasesecret application_name=pg_isready
2025-12-19 12:20:18 GMT [11115]: [3-1] user=Secret,db=databasesecret,app=pg_isready,client=[local] LOG:  disconnection: session time: 0:00:00.002 user=Secret database=databasesecret host=[local]
2025-12-19 12:20:30 GMT [11123]: [1-1] user=[unknown],db=[unknown],app=[unknown],client=[local] LOG:  connection received: host=[local]
2025-12-19 12:20:30 GMT [11123]: [2-1] user=Secret,db=databasesecret,app=[unknown],client=[local] LOG:  connection authorized: user=Secret database=databasesecret application_name=pg_isready
2025-12-19 12:20:30 GMT [11123]: [3-1] user=Secret,db=databasesecret,app=pg_isready,client=[local] LOG:  disconnection: session time: 0:00:00.002 user=Secret database=databasesecret host=[local]
2025-12-19 12:20:40 GMT [11132]: [1-1] user=[unknown],db=[unknown],app=[unknown],client=[local] LOG:  connection received: host=[local]
2025-12-19 12:20:40 GMT [11132]: [2-1] user=Secret,db=databasesecret,app=[unknown],client=[local] LOG:  connection authorized: user=Secret database=databasesecret application_name=pg_isready
2025-12-19 12:20:40 GMT [11132]: [3-1] user=Secret,db=databasesecret,app=pg_isready,client=[local] LOG:  disconnection: session time: 0:00:00.003 user=Secret database=databasesecret host=[local]
2025-12-19 12:20:52 GMT [11140]: [1-1] user=[unknown],db=[unknown],app=[unknown],client=[local] LOG:  connection received: host=[local]
2025-12-19 12:20:52 GMT [11140]: [2-1] user=Secret,db=databasesecret,app=[unknown],client=[local] LOG:  connection authorized: user=Secret database=databasesecret application_name=pg_isready
2025-12-19 12:20:52 GMT [11140]: [3-1] user=Secret,db=databasesecret,app=pg_isready,client=[local] LOG:  disconnection: session time: 0:00:00.002 user=Secret database=databasesecret host=[local]
2025-12-19 12:21:02 GMT [11148]: [1-1] user=[unknown],db=[unknown],app=[unknown],client=[local] LOG:  connection received: host=[local]
2025-12-19 12:21:02 GMT [11148]: [2-1] user=Secret,db=databasesecret,app=[unknown],client=[local] LOG:  connection authorized: user=Secret database=databasesecret application_name=pg_isready
2025-12-19 12:21:02 GMT [11148]: [3-1] user=Secret,db=databasesecret,app=pg_isready,client=[local] LOG:  disconnection: session time: 0:00:00.003 user=Secret database=databasesecret host=[local]
2025-12-19 12:21:12 GMT [11156]: [1-1] user=[unknown],db=[unknown],app=[unknown],client=[local] LOG:  connection received: host=[local]
2025-12-19 12:21:12 GMT [11156]: [2-1] user=Secret,db=databasesecret,app=[unknown],client=[local] LOG:  connection authorized: user=Secret database=databasesecret application_name=pg_isready
2025-12-19 12:21:12 GMT [11156]: [3-1] user=Secret,db=databasesecret,app=pg_isready,client=[local] LOG:  disconnection: session time: 0:00:00.001 user=Secret database=databasesecret host=[local]
2025-12-19 12:21:24 GMT [11164]: [1-1] user=[unknown],db=[unknown],app=[unknown],client=[local] LOG:  connection received: host=[local]
2025-12-19 12:21:24 GMT [11164]: [2-1] user=Secret,db=databasesecret,app=[unknown],client=[local] LOG:  connection authorized: user=Secret database=databasesecret application_name=pg_isready
2025-12-19 12:21:24 GMT [11164]: [3-1] user=Secret,db=databasesecret,app=pg_isready,client=[local] LOG:  disconnection: session time: 0:00:00.003 user=Secret database=databasesecret host=[local]
2025-12-19 12:21:34 GMT [11172]: [1-1] user=[unknown],db=[unknown],app=[unknown],client=[local] LOG:  connection received: host=[local]
2025-12-19 12:21:34 GMT [11172]: [2-1] user=Secret,db=databasesecret,app=[unknown],client=[local] LOG:  connection authorized: user=Secret database=databasesecret application_name=pg_isready
2025-12-19 12:21:34 GMT [11172]: [3-1] user=Secret,db=databasesecret,app=pg_isready,client=[local] LOG:  disconnection: session time: 0:00:00.003 user=Secret database=databasesecret host=[local]
2025-12-19 12:21:45 GMT [11181]: [1-1] user=[unknown],db=[unknown],app=[unknown],client=[local] LOG:  connection received: host=[local]
2025-12-19 12:21:45 GMT [11181]: [2-1] user=Secret,db=databasesecret,app=[unknown],client=[local] LOG:  connection authorized: user=Secret database=databasesecret application_name=pg_isready
2025-12-19 12:21:45 GMT [11181]: [3-1] user=Secret,db=databasesecret,app=pg_isready,client=[local] LOG:  disconnection: session time: 0:00:00.002 user=Secret database=databasesecret host=[local]
2025-12-19 12:21:57 GMT [11189]: [1-1] user=[unknown],db=[unknown],app=[unknown],client=[local] LOG:  connection received: host=[local]
2025-12-19 12:21:57 GMT [11189]: [2-1] user=Secret,db=databasesecret,app=[unknown],client=[local] LOG:  connection authorized: user=Secret database=databasesecret application_name=pg_isready
2025-12-19 12:21:57 GMT [11189]: [3-1] user=Secret,db=databasesecret,app=pg_isready,client=[local] LOG:  disconnection: session time: 0:00:00.002 user=Secret database=databasesecret host=[local]
2025-12-19 12:22:07 GMT [11197]: [1-1] user=[unknown],db=[unknown],app=[unknown],client=[local] LOG:  connection received: host=[local]
2025-12-19 12:22:07 GMT [11197]: [2-1] user=Secret,db=databasesecret,app=[unknown],client=[local] LOG:  connection authorized: user=Secret database=databasesecret application_name=pg_isready
2025-12-19 12:22:07 GMT [11197]: [3-1] user=Secret,db=databasesecret,app=pg_isready,client=[local] LOG:  disconnection: session time: 0:00:00.003 user=Secret database=databasesecret host=[local]
2025-12-19 12:22:17 GMT [11205]: [1-1] user=[unknown],db=[unknown],app=[unknown],client=[local] LOG:  connection received: host=[local]
2025-12-19 12:22:17 GMT [11205]: [2-1] user=Secret,db=databasesecret,app=[unknown],client=[local] LOG:  connection authorized: user=Secret database=databasesecret application_name=pg_isready
2025-12-19 12:22:17 GMT [11205]: [3-1] user=Secret,db=databasesecret,app=pg_isready,client=[local] LOG:  disconnection: session time: 0:00:00.002 user=Secret database=databasesecret host=[local]
2025-12-19 12:22:29 GMT [11213]: [1-1] user=[unknown],db=[unknown],app=[unknown],client=[local] LOG:  connection received: host=[local]
2025-12-19 12:22:29 GMT [11213]: [2-1] user=Secret,db=databasesecret,app=[unknown],client=[local] LOG:  connection authorized: user=Secret database=databasesecret application_name=pg_isready
2025-12-19 12:22:29 GMT [11213]: [3-1] user=Secret,db=databasesecret,app=pg_isready,client=[local] LOG:  disconnection: session time: 0:00:00.003 user=Secret database=databasesecret host=[local]
2025-12-19 12:22:39 GMT [11221]: [1-1] user=[unknown],db=[unknown],app=[unknown],client=[local] LOG:  connection received: host=[local]
2025-12-19 12:22:39 GMT [11221]: [2-1] user=Secret,db=databasesecret,app=[unknown],client=[local] LOG:  connection authorized: user=Secret database=databasesecret application_name=pg_isready
2025-12-19 12:22:39 GMT [11221]: [3-1] user=Secret,db=databasesecret,app=pg_isready,client=[local] LOG:  disconnection: session time: 0:00:00.001 user=Secret database=databasesecret host=[local]
2025-12-19 12:22:49 GMT [11230]: [1-1] user=[unknown],db=[unknown],app=[unknown],client=[local] LOG:  connection received: host=[local]
2025-12-19 12:22:49 GMT [11230]: [2-1] user=Secret,db=databasesecret,app=[unknown],client=[local] LOG:  connection authorized: user=Secret database=databasesecret application_name=pg_isready
2025-12-19 12:22:49 GMT [11230]: [3-1] user=Secret,db=databasesecret,app=pg_isready,client=[local] LOG:  disconnection: session time: 0:00:00.003 user=Secret database=databasesecret host=[local]
2025-12-19 12:23:01 GMT [11238]: [1-1] user=[unknown],db=[unknown],app=[unknown],client=[local] LOG:  connection received: host=[local]
2025-12-19 12:23:01 GMT [11238]: [2-1] user=Secret,db=databasesecret,app=[unknown],client=[local] LOG:  connection authorized: user=Secret database=databasesecret application_name=pg_isready
2025-12-19 12:23:01 GMT [11238]: [3-1] user=Secret,db=databasesecret,app=pg_isready,client=[local] LOG:  disconnection: session time: 0:00:00.002 user=Secret database=databasesecret host=[local]
2025-12-19 12:23:11 GMT [11246]: [1-1] user=[unknown],db=[unknown],app=[unknown],client=[local] LOG:  connection received: host=[local]
2025-12-19 12:23:11 GMT [11246]: [2-1] user=Secret,db=databasesecret,app=[unknown],client=[local] LOG:  connection authorized: user=Secret database=databasesecret application_name=pg_isready
2025-12-19 12:23:11 GMT [11246]: [3-1] user=Secret,db=databasesecret,app=pg_isready,client=[local] LOG:  disconnection: session time: 0:00:00.002 user=Secret database=databasesecret host=[local]
2025-12-19 12:23:21 GMT [11254]: [1-1] user=[unknown],db=[unknown],app=[unknown],client=[local] LOG:  connection received: host=[local]
2025-12-19 12:23:21 GMT [11254]: [2-1] user=Secret,db=databasesecret,app=[unknown],client=[local] LOG:  connection authorized: user=Secret database=databasesecret application_name=pg_isready
2025-12-19 12:23:21 GMT [11254]: [3-1] user=Secret,db=databasesecret,app=pg_isready,client=[local] LOG:  disconnection: session time: 0:00:00.002 user=Secret database=databasesecret host=[local]
2025-12-19 12:23:33 GMT [11262]: [1-1] user=[unknown],db=[unknown],app=[unknown],client=[local] LOG:  connection received: host=[local]
2025-12-19 12:23:33 GMT [11262]: [2-1] user=Secret,db=databasesecret,app=[unknown],client=[local] LOG:  connection authorized: user=Secret database=databasesecret application_name=pg_isready
2025-12-19 12:23:33 GMT [11262]: [3-1] user=Secret,db=databasesecret,app=pg_isready,client=[local] LOG:  disconnection: session time: 0:00:00.003 user=Secret database=databasesecret host=[local]
2025-12-19 12:23:44 GMT [11270]: [1-1] user=[unknown],db=[unknown],app=[unknown],client=[local] LOG:  connection received: host=[local]
2025-12-19 12:23:44 GMT [11270]: [2-1] user=Secret,db=databasesecret,app=[unknown],client=[local] LOG:  connection authorized: user=Secret database=databasesecret application_name=pg_isready
2025-12-19 12:23:44 GMT [11270]: [3-1] user=Secret,db=databasesecret,app=pg_isready,client=[local] LOG:  disconnection: session time: 0:00:00.001 user=Secret database=databasesecret host=[local]
2025-12-19 12:23:54 GMT [11279]: [1-1] user=[unknown],db=[unknown],app=[unknown],client=[local] LOG:  connection received: host=[local]
2025-12-19 12:23:54 GMT [11279]: [2-1] user=Secret,db=databasesecret,app=[unknown],client=[local] LOG:  connection authorized: user=Secret database=databasesecret application_name=pg_isready
2025-12-19 12:23:54 GMT [11279]: [3-1] user=Secret,db=databasesecret,app=pg_isready,client=[local] LOG:  disconnection: session time: 0:00:00.001 user=Secret database=databasesecret host=[local]
2025-12-19 12:24:06 GMT [11287]: [1-1] user=[unknown],db=[unknown],app=[unknown],client=[local] LOG:  connection received: host=[local]
2025-12-19 12:24:06 GMT [11287]: [2-1] user=Secret,db=databasesecret,app=[unknown],client=[local] LOG:  connection authorized: user=Secret database=databasesecret application_name=pg_isready
2025-12-19 12:24:06 GMT [11287]: [3-1] user=Secret,db=databasesecret,app=pg_isready,client=[local] LOG:  disconnection: session time: 0:00:00.003 user=Secret database=databasesecret host=[local]
2025-12-19 12:24:16 GMT [11295]: [1-1] user=[unknown],db=[unknown],app=[unknown],client=[local] LOG:  connection received: host=[local]
2025-12-19 12:24:16 GMT [11295]: [2-1] user=Secret,db=databasesecret,app=[unknown],client=[local] LOG:  connection authorized: user=Secret database=databasesecret application_name=pg_isready
2025-12-19 12:24:16 GMT [11295]: [3-1] user=Secret,db=databasesecret,app=pg_isready,client=[local] LOG:  disconnection: session time: 0:00:00.002 user=Secret database=databasesecret host=[local]
2025-12-19 12:24:26 GMT [11303]: [1-1] user=[unknown],db=[unknown],app=[unknown],client=[local] LOG:  connection received: host=[local]
2025-12-19 12:24:26 GMT [11303]: [2-1] user=Secret,db=databasesecret,app=[unknown],client=[local] LOG:  connection authorized: user=Secret database=databasesecret application_name=pg_isready
2025-12-19 12:24:26 GMT [11303]: [3-1] user=Secret,db=databasesecret,app=pg_isready,client=[local] LOG:  disconnection: session time: 0:00:00.001 user=Secret database=databasesecret host=[local]
2025-12-19 12:24:38 GMT [11311]: [1-1] user=[unknown],db=[unknown],app=[unknown],client=[local] LOG:  connection received: host=[local]
2025-12-19 12:24:38 GMT [11311]: [2-1] user=Secret,db=databasesecret,app=[unknown],client=[local] LOG:  connection authorized: user=Secret database=databasesecret application_name=pg_isready
2025-12-19 12:24:38 GMT [11311]: [3-1] user=Secret,db=databasesecret,app=pg_isready,client=[local] LOG:  disconnection: session time: 0:00:00.002 user=Secret database=databasesecret host=[local]
2025-12-19 12:24:48 GMT [11319]: [1-1] user=[unknown],db=[unknown],app=[unknown],client=[local] LOG:  connection received: host=[local]
2025-12-19 12:24:48 GMT [11319]: [2-1] user=Secret,db=databasesecret,app=[unknown],client=[local] LOG:  connection authorized: user=Secret database=databasesecret application_name=pg_isready
2025-12-19 12:24:48 GMT [11319]: [3-1] user=Secret,db=databasesecret,app=pg_isready,client=[local] LOG:  disconnection: session time: 0:00:00.001 user=Secret database=databasesecret host=[local]
2025-12-19 12:24:58 GMT [11328]: [1-1] user=[unknown],db=[unknown],app=[unknown],client=[local] LOG:  connection received: host=[local]
2025-12-19 12:24:58 GMT [11328]: [2-1] user=Secret,db=databasesecret,app=[unknown],client=[local] LOG:  connection authorized: user=Secret database=databasesecret application_name=pg_isready
2025-12-19 12:24:58 GMT [11328]: [3-1] user=Secret,db=databasesecret,app=pg_isready,client=[local] LOG:  disconnection: session time: 0:00:00.003 user=Secret database=databasesecret host=[local]
2025-12-19 12:25:10 GMT [11336]: [1-1] user=[unknown],db=[unknown],app=[unknown],client=[local] LOG:  connection received: host=[local]
2025-12-19 12:25:10 GMT [11336]: [2-1] user=Secret,db=databasesecret,app=[unknown],client=[local] LOG:  connection authorized: user=Secret database=databasesecret application_name=pg_isready
2025-12-19 12:25:10 GMT [11336]: [3-1] user=Secret,db=databasesecret,app=pg_isready,client=[local] LOG:  disconnection: session time: 0:00:00.001 user=Secret database=databasesecret host=[local]
2025-12-19 12:25:20 GMT [11344]: [1-1] user=[unknown],db=[unknown],app=[unknown],client=[local] LOG:  connection received: host=[local]
2025-12-19 12:25:20 GMT [11344]: [2-1] user=Secret,db=databasesecret,app=[unknown],client=[local] LOG:  connection authorized: user=Secret database=databasesecret application_name=pg_isready
2025-12-19 12:25:20 GMT [11344]: [3-1] user=Secret,db=databasesecret,app=pg_isready,client=[local] LOG:  disconnection: session time: 0:00:00.003 user=Secret database=databasesecret host=[local]
2025-12-19 12:25:31 GMT [11352]: [1-1] user=[unknown],db=[unknown],app=[unknown],client=[local] LOG:  connection received: host=[local]
2025-12-19 12:25:31 GMT [11352]: [2-1] user=Secret,db=databasesecret,app=[unknown],client=[local] LOG:  connection authorized: user=Secret database=databasesecret application_name=pg_isready
2025-12-19 12:25:31 GMT [11352]: [3-1] user=Secret,db=databasesecret,app=pg_isready,client=[local] LOG:  disconnection: session time: 0:00:00.004 user=Secret database=databasesecret host=[local]
2025-12-19 12:25:43 GMT [11360]: [1-1] user=[unknown],db=[unknown],app=[unknown],client=[local] LOG:  connection received: host=[local]
2025-12-19 12:25:43 GMT [11360]: [2-1] user=Secret,db=databasesecret,app=[unknown],client=[local] LOG:  connection authorized: user=Secret database=databasesecret application_name=pg_isready
2025-12-19 12:25:43 GMT [11360]: [3-1] user=Secret,db=databasesecret,app=pg_isready,client=[local] LOG:  disconnection: session time: 0:00:00.001 user=Secret database=databasesecret host=[local]
2025-12-19 12:25:53 GMT [11368]: [1-1] user=[unknown],db=[unknown],app=[unknown],client=[local] LOG:  connection received: host=[local]
2025-12-19 12:25:53 GMT [11368]: [2-1] user=Secret,db=databasesecret,app=[unknown],client=[local] LOG:  connection authorized: user=Secret database=databasesecret application_name=pg_isready
2025-12-19 12:25:53 GMT [11368]: [3-1] user=Secret,db=databasesecret,app=pg_isready,client=[local] LOG:  disconnection: session time: 0:00:00.003 user=Secret database=databasesecret host=[local]
2025-12-19 12:26:03 GMT [11377]: [1-1] user=[unknown],db=[unknown],app=[unknown],client=[local] LOG:  connection received: host=[local]
2025-12-19 12:26:03 GMT [11377]: [2-1] user=Secret,db=databasesecret,app=[unknown],client=[local] LOG:  connection authorized: user=Secret database=databasesecret application_name=pg_isready
2025-12-19 12:26:03 GMT [11377]: [3-1] user=Secret,db=databasesecret,app=pg_isready,client=[local] LOG:  disconnection: session time: 0:00:00.002 user=Secret database=databasesecret host=[local]
2025-12-19 12:26:15 GMT [11386]: [1-1] user=[unknown],db=[unknown],app=[unknown],client=[local] LOG:  connection received: host=[local]
2025-12-19 12:26:15 GMT [11386]: [2-1] user=Secret,db=databasesecret,app=[unknown],client=[local] LOG:  connection authorized: user=Secret database=databasesecret application_name=pg_isready
2025-12-19 12:26:15 GMT [11386]: [3-1] user=Secret,db=databasesecret,app=pg_isready,client=[local] LOG:  disconnection: session time: 0:00:00.001 user=Secret database=databasesecret host=[local]
2025-12-19 12:26:25 GMT [11395]: [1-1] user=[unknown],db=[unknown],app=[unknown],client=[local] LOG:  connection received: host=[local]
2025-12-19 12:26:25 GMT [11395]: [2-1] user=Secret,db=databasesecret,app=[unknown],client=[local] LOG:  connection authorized: user=Secret database=databasesecret application_name=pg_isready
2025-12-19 12:26:25 GMT [11395]: [3-1] user=Secret,db=databasesecret,app=pg_isready,client=[local] LOG:  disconnection: session time: 0:00:00.002 user=Secret database=databasesecret host=[local]
2025-12-19 12:26:35 GMT [11403]: [1-1] user=[unknown],db=[unknown],app=[unknown],client=[local] LOG:  connection received: host=[local]
2025-12-19 12:26:35 GMT [11403]: [2-1] user=Secret,db=databasesecret,app=[unknown],client=[local] LOG:  connection authorized: user=Secret database=databasesecret application_name=pg_isready
2025-12-19 12:26:35 GMT [11403]: [3-1] user=Secret,db=databasesecret,app=pg_isready,client=[local] LOG:  disconnection: session time: 0:00:00.002 user=Secret database=databasesecret host=[local]
2025-12-19 12:26:47 GMT [11411]: [1-1] user=[unknown],db=[unknown],app=[unknown],client=[local] LOG:  connection received: host=[local]
2025-12-19 12:26:47 GMT [11411]: [2-1] user=Secret,db=databasesecret,app=[unknown],client=[local] LOG:  connection authorized: user=Secret database=databasesecret application_name=pg_isready
2025-12-19 12:26:47 GMT [11411]: [3-1] user=Secret,db=databasesecret,app=pg_isready,client=[local] LOG:  disconnection: session time: 0:00:00.001 user=Secret database=databasesecret host=[local]
2025-12-19 12:26:57 GMT [11420]: [1-1] user=[unknown],db=[unknown],app=[unknown],client=[local] LOG:  connection received: host=[local]
2025-12-19 12:26:57 GMT [11420]: [2-1] user=Secret,db=databasesecret,app=[unknown],client=[local] LOG:  connection authorized: user=Secret database=databasesecret application_name=pg_isready
2025-12-19 12:26:57 GMT [11420]: [3-1] user=Secret,db=databasesecret,app=pg_isready,client=[local] LOG:  disconnection: session time: 0:00:00.002 user=Secret database=databasesecret host=[local]
2025-12-19 12:27:08 GMT [11429]: [1-1] user=[unknown],db=[unknown],app=[unknown],client=[local] LOG:  connection received: host=[local]
2025-12-19 12:27:08 GMT [11429]: [2-1] user=Secret,db=databasesecret,app=[unknown],client=[local] LOG:  connection authorized: user=Secret database=databasesecret application_name=pg_isready
2025-12-19 12:27:08 GMT [11429]: [3-1] user=Secret,db=databasesecret,app=pg_isready,client=[local] LOG:  disconnection: session time: 0:00:00.003 user=Secret database=databasesecret host=[local]
2025-12-19 12:27:20 GMT [11437]: [1-1] user=[unknown],db=[unknown],app=[unknown],client=[local] LOG:  connection received: host=[local]
2025-12-19 12:27:20 GMT [11437]: [2-1] user=Secret,db=databasesecret,app=[unknown],client=[local] LOG:  connection authorized: user=Secret database=databasesecret application_name=pg_isready
2025-12-19 12:27:20 GMT [11437]: [3-1] user=Secret,db=databasesecret,app=pg_isready,client=[local] LOG:  disconnection: session time: 0:00:00.002 user=Secret database=databasesecret host=[local]
2025-12-19 12:27:30 GMT [11446]: [1-1] user=[unknown],db=[unknown],app=[unknown],client=[local] LOG:  connection received: host=[local]
2025-12-19 12:27:30 GMT [11446]: [2-1] user=Secret,db=databasesecret,app=[unknown],client=[local] LOG:  connection authorized: user=Secret database=databasesecret application_name=pg_isready
2025-12-19 12:27:30 GMT [11446]: [3-1] user=Secret,db=databasesecret,app=pg_isready,client=[local] LOG:  disconnection: session time: 0:00:00.002 user=Secret database=databasesecret host=[local]
2025-12-19 12:27:40 GMT [11454]: [1-1] user=[unknown],db=[unknown],app=[unknown],client=[local] LOG:  connection received: host=[local]
2025-12-19 12:27:40 GMT [11454]: [2-1] user=Secret,db=databasesecret,app=[unknown],client=[local] LOG:  connection authorized: user=Secret database=databasesecret application_name=pg_isready
2025-12-19 12:27:40 GMT [11454]: [3-1] user=Secret,db=databasesecret,app=pg_isready,client=[local] LOG:  disconnection: session time: 0:00:00.001 user=Secret database=databasesecret host=[local]
2025-12-19 12:27:52 GMT [11462]: [1-1] user=[unknown],db=[unknown],app=[unknown],client=[local] LOG:  connection received: host=[local]
2025-12-19 12:27:52 GMT [11462]: [2-1] user=Secret,db=databasesecret,app=[unknown],client=[local] LOG:  connection authorized: user=Secret database=databasesecret application_name=pg_isready
2025-12-19 12:27:52 GMT [11462]: [3-1] user=Secret,db=databasesecret,app=pg_isready,client=[local] LOG:  disconnection: session time: 0:00:00.001 user=Secret database=databasesecret host=[local]
2025-12-19 12:28:02 GMT [11471]: [1-1] user=[unknown],db=[unknown],app=[unknown],client=[local] LOG:  connection received: host=[local]
2025-12-19 12:28:02 GMT [11471]: [2-1] user=Secret,db=databasesecret,app=[unknown],client=[local] LOG:  connection authorized: user=Secret database=databasesecret application_name=pg_isready
2025-12-19 12:28:02 GMT [11471]: [3-1] user=Secret,db=databasesecret,app=pg_isready,client=[local] LOG:  disconnection: session time: 0:00:00.002 user=Secret database=databasesecret host=[local]
2025-12-19 12:28:12 GMT [11480]: [1-1] user=[unknown],db=[unknown],app=[unknown],client=[local] LOG:  connection received: host=[local]
2025-12-19 12:28:12 GMT [11480]: [2-1] user=Secret,db=databasesecret,app=[unknown],client=[local] LOG:  connection authorized: user=Secret database=databasesecret application_name=pg_isready
2025-12-19 12:28:12 GMT [11480]: [3-1] user=Secret,db=databasesecret,app=pg_isready,client=[local] LOG:  disconnection: session time: 0:00:00.002 user=Secret database=databasesecret host=[local]
2025-12-19 12:28:24 GMT [11488]: [1-1] user=[unknown],db=[unknown],app=[unknown],client=[local] LOG:  connection received: host=[local]
2025-12-19 12:28:24 GMT [11488]: [2-1] user=Secret,db=databasesecret,app=[unknown],client=[local] LOG:  connection authorized: user=Secret database=databasesecret application_name=pg_isready
2025-12-19 12:28:24 GMT [11488]: [3-1] user=Secret,db=databasesecret,app=pg_isready,client=[local] LOG:  disconnection: session time: 0:00:00.001 user=Secret database=databasesecret host=[local]
2025-12-19 12:28:34 GMT [11496]: [1-1] user=[unknown],db=[unknown],app=[unknown],client=[local] LOG:  connection received: host=[local]
2025-12-19 12:28:34 GMT [11496]: [2-1] user=Secret,db=databasesecret,app=[unknown],client=[local] LOG:  connection authorized: user=Secret database=databasesecret application_name=pg_isready
2025-12-19 12:28:34 GMT [11496]: [3-1] user=Secret,db=databasesecret,app=pg_isready,client=[local] LOG:  disconnection: session time: 0:00:00.001 user=Secret database=databasesecret host=[local]
2025-12-19 12:28:44 GMT [11504]: [1-1] user=[unknown],db=[unknown],app=[unknown],client=[local] LOG:  connection received: host=[local]
2025-12-19 12:28:44 GMT [11504]: [2-1] user=Secret,db=databasesecret,app=[unknown],client=[local] LOG:  connection authorized: user=Secret database=databasesecret application_name=pg_isready
2025-12-19 12:28:44 GMT [11504]: [3-1] user=Secret,db=databasesecret,app=pg_isready,client=[local] LOG:  disconnection: session time: 0:00:00.002 user=Secret database=databasesecret host=[local]
2025-12-19 12:28:56 GMT [11512]: [1-1] user=[unknown],db=[unknown],app=[unknown],client=[local] LOG:  connection received: host=[local]
2025-12-19 12:28:56 GMT [11512]: [2-1] user=Secret,db=databasesecret,app=[unknown],client=[local] LOG:  connection authorized: user=Secret database=databasesecret application_name=pg_isready
2025-12-19 12:28:56 GMT [11512]: [3-1] user=Secret,db=databasesecret,app=pg_isready,client=[local] LOG:  disconnection: session time: 0:00:00.001 user=Secret database=databasesecret host=[local]
2025-12-19 12:29:07 GMT [11521]: [1-1] user=[unknown],db=[unknown],app=[unknown],client=[local] LOG:  connection received: host=[local]
2025-12-19 12:29:07 GMT [11521]: [2-1] user=Secret,db=databasesecret,app=[unknown],client=[local] LOG:  connection authorized: user=Secret database=databasesecret application_name=pg_isready
2025-12-19 12:29:07 GMT [11521]: [3-1] user=Secret,db=databasesecret,app=pg_isready,client=[local] LOG:  disconnection: session time: 0:00:00.001 user=Secret database=databasesecret host=[local]
2025-12-19 12:29:17 GMT [11529]: [1-1] user=[unknown],db=[unknown],app=[unknown],client=[local] LOG:  connection received: host=[local]
2025-12-19 12:29:17 GMT [11529]: [2-1] user=Secret,db=databasesecret,app=[unknown],client=[local] LOG:  connection authorized: user=Secret database=databasesecret application_name=pg_isready
2025-12-19 12:29:17 GMT [11529]: [3-1] user=Secret,db=databasesecret,app=pg_isready,client=[local] LOG:  disconnection: session time: 0:00:00.002 user=Secret database=databasesecret host=[local]
2025-12-19 12:29:29 GMT [11537]: [1-1] user=[unknown],db=[unknown],app=[unknown],client=[local] LOG:  connection received: host=[local]
2025-12-19 12:29:29 GMT [11537]: [2-1] user=Secret,db=databasesecret,app=[unknown],client=[local] LOG:  connection authorized: user=Secret database=databasesecret application_name=pg_isready
2025-12-19 12:29:29 GMT [11537]: [3-1] user=Secret,db=databasesecret,app=pg_isready,client=[local] LOG:  disconnection: session time: 0:00:00.001 user=Secret database=databasesecret host=[local]
2025-12-19 12:29:39 GMT [11545]: [1-1] user=[unknown],db=[unknown],app=[unknown],client=[local] LOG:  connection received: host=[local]
2025-12-19 12:29:39 GMT [11545]: [2-1] user=Secret,db=databasesecret,app=[unknown],client=[local] LOG:  connection authorized: user=Secret database=databasesecret application_name=pg_isready
2025-12-19 12:29:39 GMT [11545]: [3-1] user=Secret,db=databasesecret,app=pg_isready,client=[local] LOG:  disconnection: session time: 0:00:00.002 user=Secret database=databasesecret host=[local]
2025-12-19 12:29:49 GMT [11553]: [1-1] user=[unknown],db=[unknown],app=[unknown],client=[local] LOG:  connection received: host=[local]
2025-12-19 12:29:49 GMT [11553]: [2-1] user=Secret,db=databasesecret,app=[unknown],client=[local] LOG:  connection authorized: user=Secret database=databasesecret application_name=pg_isready
2025-12-19 12:29:49 GMT [11553]: [3-1] user=Secret,db=databasesecret,app=pg_isready,client=[local] LOG:  disconnection: session time: 0:00:00.002 user=Secret database=databasesecret host=[local]
2025-12-19 12:30:02 GMT [11561]: [1-1] user=[unknown],db=[unknown],app=[unknown],client=[local] LOG:  connection received: host=[local]
2025-12-19 12:30:02 GMT [11561]: [2-1] user=Secret,db=databasesecret,app=[unknown],client=[local] LOG:  connection authorized: user=Secret database=databasesecret application_name=pg_isready
2025-12-19 12:30:02 GMT [11561]: [3-1] user=Secret,db=databasesecret,app=pg_isready,client=[local] LOG:  disconnection: session time: 0:00:00.002 user=Secret database=databasesecret host=[local]
2025-12-19 12:30:12 GMT [11570]: [1-1] user=[unknown],db=[unknown],app=[unknown],client=[local] LOG:  connection received: host=[local]
2025-12-19 12:30:12 GMT [11570]: [2-1] user=Secret,db=databasesecret,app=[unknown],client=[local] LOG:  connection authorized: user=Secret database=databasesecret application_name=pg_isready
2025-12-19 12:30:12 GMT [11570]: [3-1] user=Secret,db=databasesecret,app=pg_isready,client=[local] LOG:  disconnection: session time: 0:00:00.002 user=Secret database=databasesecret host=[local]
2025-12-19 12:30:22 GMT [11578]: [1-1] user=[unknown],db=[unknown],app=[unknown],client=[local] LOG:  connection received: host=[local]
2025-12-19 12:30:22 GMT [11578]: [2-1] user=Secret,db=databasesecret,app=[unknown],client=[local] LOG:  connection authorized: user=Secret database=databasesecret application_name=pg_isready
2025-12-19 12:30:22 GMT [11578]: [3-1] user=Secret,db=databasesecret,app=pg_isready,client=[local] LOG:  disconnection: session time: 0:00:00.002 user=Secret database=databasesecret host=[local]
2025-12-19 12:30:34 GMT [11586]: [1-1] user=[unknown],db=[unknown],app=[unknown],client=[local] LOG:  connection received: host=[local]
2025-12-19 12:30:34 GMT [11586]: [2-1] user=Secret,db=databasesecret,app=[unknown],client=[local] LOG:  connection authorized: user=Secret database=databasesecret application_name=pg_isready
2025-12-19 12:30:34 GMT [11586]: [3-1] user=Secret,db=databasesecret,app=pg_isready,client=[local] LOG:  disconnection: session time: 0:00:00.002 user=Secret database=databasesecret host=[local]
2025-12-19 12:30:44 GMT [11594]: [1-1] user=[unknown],db=[unknown],app=[unknown],client=[local] LOG:  connection received: host=[local]
2025-12-19 12:30:44 GMT [11594]: [2-1] user=Secret,db=databasesecret,app=[unknown],client=[local] LOG:  connection authorized: user=Secret database=databasesecret application_name=pg_isready
2025-12-19 12:30:44 GMT [11594]: [3-1] user=Secret,db=databasesecret,app=pg_isready,client=[local] LOG:  disconnection: session time: 0:00:00.002 user=Secret database=databasesecret host=[local]
2025-12-19 12:30:54 GMT [11602]: [1-1] user=[unknown],db=[unknown],app=[unknown],client=[local] LOG:  connection received: host=[local]
2025-12-19 12:30:54 GMT [11602]: [2-1] user=Secret,db=databasesecret,app=[unknown],client=[local] LOG:  connection authorized: user=Secret database=databasesecret application_name=pg_isready
2025-12-19 12:30:54 GMT [11602]: [3-1] user=Secret,db=databasesecret,app=pg_isready,client=[local] LOG:  disconnection: session time: 0:00:00.002 user=Secret database=databasesecret host=[local]
2025-12-19 12:31:06 GMT [11610]: [1-1] user=[unknown],db=[unknown],app=[unknown],client=[local] LOG:  connection received: host=[local]
2025-12-19 12:31:06 GMT [11610]: [2-1] user=Secret,db=databasesecret,app=[unknown],client=[local] LOG:  connection authorized: user=Secret database=databasesecret application_name=pg_isready
2025-12-19 12:31:06 GMT [11610]: [3-1] user=Secret,db=databasesecret,app=pg_isready,client=[local] LOG:  disconnection: session time: 0:00:00.001 user=Secret database=databasesecret host=[local]
2025-12-19 12:32:13 GMT [11619]: [1-1] user=[unknown],db=[unknown],app=[unknown],client=[local] LOG:  connection received: host=[local]
2025-12-19 12:32:13 GMT [11619]: [2-1] user=Secret,db=databasesecret,app=[unknown],client=[local] LOG:  connection authorized: user=Secret database=databasesecret application_name=pg_isready
2025-12-19 12:32:13 GMT [11619]: [3-1] user=Secret,db=databasesecret,app=pg_isready,client=[local] LOG:  disconnection: session time: 0:00:00.019 user=Secret database=databasesecret host=[local]
2025-12-19 12:32:24 GMT [11627]: [1-1] user=[unknown],db=[unknown],app=[unknown],client=[local] LOG:  connection received: host=[local]
2025-12-19 12:32:24 GMT [11627]: [2-1] user=Secret,db=databasesecret,app=[unknown],client=[local] LOG:  connection authorized: user=Secret database=databasesecret application_name=pg_isready
2025-12-19 12:32:24 GMT [11627]: [3-1] user=Secret,db=databasesecret,app=pg_isready,client=[local] LOG:  disconnection: session time: 0:00:00.002 user=Secret database=databasesecret host=[local]
2025-12-19 12:32:34 GMT [11635]: [1-1] user=[unknown],db=[unknown],app=[unknown],client=[local] LOG:  connection received: host=[local]
2025-12-19 12:32:34 GMT [11635]: [2-1] user=Secret,db=databasesecret,app=[unknown],client=[local] LOG:  connection authorized: user=Secret database=databasesecret application_name=pg_isready
2025-12-19 12:32:34 GMT [11635]: [3-1] user=Secret,db=databasesecret,app=pg_isready,client=[local] LOG:  disconnection: session time: 0:00:00.002 user=Secret database=databasesecret host=[local]
2025-12-19 12:32:45 GMT [11643]: [1-1] user=[unknown],db=[unknown],app=[unknown],client=[local] LOG:  connection received: host=[local]
2025-12-19 12:32:45 GMT [11643]: [2-1] user=Secret,db=databasesecret,app=[unknown],client=[local] LOG:  connection authorized: user=Secret database=databasesecret application_name=pg_isready
2025-12-19 12:32:45 GMT [11643]: [3-1] user=Secret,db=databasesecret,app=pg_isready,client=[local] LOG:  disconnection: session time: 0:00:00.003 user=Secret database=databasesecret host=[local]
2025-12-19 12:32:57 GMT [11651]: [1-1] user=[unknown],db=[unknown],app=[unknown],client=[local] LOG:  connection received: host=[local]
2025-12-19 12:32:57 GMT [11651]: [2-1] user=Secret,db=databasesecret,app=[unknown],client=[local] LOG:  connection authorized: user=Secret database=databasesecret application_name=pg_isready
2025-12-19 12:32:57 GMT [11651]: [3-1] user=Secret,db=databasesecret,app=pg_isready,client=[local] LOG:  disconnection: session time: 0:00:00.002 user=Secret database=databasesecret host=[local]
2025-12-19 12:33:07 GMT [11659]: [1-1] user=[unknown],db=[unknown],app=[unknown],client=[local] LOG:  connection received: host=[local]
2025-12-19 12:33:07 GMT [11659]: [2-1] user=Secret,db=databasesecret,app=[unknown],client=[local] LOG:  connection authorized: user=Secret database=databasesecret application_name=pg_isready
2025-12-19 12:33:07 GMT [11659]: [3-1] user=Secret,db=databasesecret,app=pg_isready,client=[local] LOG:  disconnection: session time: 0:00:00.018 user=Secret database=databasesecret host=[local]
2025-12-19 12:33:17 GMT [11668]: [1-1] user=[unknown],db=[unknown],app=[unknown],client=[local] LOG:  connection received: host=[local]
2025-12-19 12:33:17 GMT [11668]: [2-1] user=Secret,db=databasesecret,app=[unknown],client=[local] LOG:  connection authorized: user=Secret database=databasesecret application_name=pg_isready
2025-12-19 12:33:17 GMT [11668]: [3-1] user=Secret,db=databasesecret,app=pg_isready,client=[local] LOG:  disconnection: session time: 0:00:00.002 user=Secret database=databasesecret host=[local]
2025-12-19 12:33:29 GMT [11676]: [1-1] user=[unknown],db=[unknown],app=[unknown],client=[local] LOG:  connection received: host=[local]
2025-12-19 12:33:29 GMT [11676]: [2-1] user=Secret,db=databasesecret,app=[unknown],client=[local] LOG:  connection authorized: user=Secret database=databasesecret application_name=pg_isready
2025-12-19 12:33:29 GMT [11676]: [3-1] user=Secret,db=databasesecret,app=pg_isready,client=[local] LOG:  disconnection: session time: 0:00:00.001 user=Secret database=databasesecret host=[local]
2025-12-19 12:33:39 GMT [11684]: [1-1] user=[unknown],db=[unknown],app=[unknown],client=[local] LOG:  connection received: host=[local]
2025-12-19 12:33:39 GMT [11684]: [2-1] user=Secret,db=databasesecret,app=[unknown],client=[local] LOG:  connection authorized: user=Secret database=databasesecret application_name=pg_isready
2025-12-19 12:33:39 GMT [11684]: [3-1] user=Secret,db=databasesecret,app=pg_isready,client=[local] LOG:  disconnection: session time: 0:00:00.001 user=Secret database=databasesecret host=[local]
2025-12-19 12:33:50 GMT [11692]: [1-1] user=[unknown],db=[unknown],app=[unknown],client=[local] LOG:  connection received: host=[local]
2025-12-19 12:33:50 GMT [11692]: [2-1] user=Secret,db=databasesecret,app=[unknown],client=[local] LOG:  connection authorized: user=Secret database=databasesecret application_name=pg_isready
2025-12-19 12:33:50 GMT [11692]: [3-1] user=Secret,db=databasesecret,app=pg_isready,client=[local] LOG:  disconnection: session time: 0:00:00.002 user=Secret database=databasesecret host=[local]
2025-12-19 12:34:02 GMT [11700]: [1-1] user=[unknown],db=[unknown],app=[unknown],client=[local] LOG:  connection received: host=[local]
2025-12-19 12:34:02 GMT [11700]: [2-1] user=Secret,db=databasesecret,app=[unknown],client=[local] LOG:  connection authorized: user=Secret database=databasesecret application_name=pg_isready
2025-12-19 12:34:02 GMT [11700]: [3-1] user=Secret,db=databasesecret,app=pg_isready,client=[local] LOG:  disconnection: session time: 0:00:00.002 user=Secret database=databasesecret host=[local]
2025-12-19 12:34:12 GMT [11708]: [1-1] user=[unknown],db=[unknown],app=[unknown],client=[local] LOG:  connection received: host=[local]
2025-12-19 12:34:12 GMT [11708]: [2-1] user=Secret,db=databasesecret,app=[unknown],client=[local] LOG:  connection authorized: user=Secret database=databasesecret application_name=pg_isready
2025-12-19 12:34:12 GMT [11708]: [3-1] user=Secret,db=databasesecret,app=pg_isready,client=[local] LOG:  disconnection: session time: 0:00:00.002 user=Secret database=databasesecret host=[local]
2025-12-19 12:34:22 GMT [11717]: [1-1] user=[unknown],db=[unknown],app=[unknown],client=[local] LOG:  connection received: host=[local]
2025-12-19 12:34:22 GMT [11717]: [2-1] user=Secret,db=databasesecret,app=[unknown],client=[local] LOG:  connection authorized: user=Secret database=databasesecret application_name=pg_isready
2025-12-19 12:34:22 GMT [11717]: [3-1] user=Secret,db=databasesecret,app=pg_isready,client=[local] LOG:  disconnection: session time: 0:00:00.002 user=Secret database=databasesecret host=[local]
2025-12-19 12:34:35 GMT [11725]: [1-1] user=[unknown],db=[unknown],app=[unknown],client=[local] LOG:  connection received: host=[local]
2025-12-19 12:34:35 GMT [11725]: [2-1] user=Secret,db=databasesecret,app=[unknown],client=[local] LOG:  connection authorized: user=Secret database=databasesecret application_name=pg_isready
2025-12-19 12:34:35 GMT [11725]: [3-1] user=Secret,db=databasesecret,app=pg_isready,client=[local] LOG:  disconnection: session time: 0:00:00.001 user=Secret database=databasesecret host=[local]
2025-12-19 12:34:45 GMT [11733]: [1-1] user=[unknown],db=[unknown],app=[unknown],client=[local] LOG:  connection received: host=[local]
2025-12-19 12:34:45 GMT [11733]: [2-1] user=Secret,db=databasesecret,app=[unknown],client=[local] LOG:  connection authorized: user=Secret database=databasesecret application_name=pg_isready
2025-12-19 12:34:45 GMT [11733]: [3-1] user=Secret,db=databasesecret,app=pg_isready,client=[local] LOG:  disconnection: session time: 0:00:00.002 user=Secret database=databasesecret host=[local]
2025-12-19 12:34:55 GMT [11741]: [1-1] user=[unknown],db=[unknown],app=[unknown],client=[local] LOG:  connection received: host=[local]
2025-12-19 12:34:55 GMT [11741]: [2-1] user=Secret,db=databasesecret,app=[unknown],client=[local] LOG:  connection authorized: user=Secret database=databasesecret application_name=pg_isready
2025-12-19 12:34:55 GMT [11741]: [3-1] user=Secret,db=databasesecret,app=pg_isready,client=[local] LOG:  disconnection: session time: 0:00:00.002 user=Secret database=databasesecret host=[local]
2025-12-19 12:35:07 GMT [11749]: [1-1] user=[unknown],db=[unknown],app=[unknown],client=[local] LOG:  connection received: host=[local]
2025-12-19 12:35:07 GMT [11749]: [2-1] user=Secret,db=databasesecret,app=[unknown],client=[local] LOG:  connection authorized: user=Secret database=databasesecret application_name=pg_isready
2025-12-19 12:35:07 GMT [11749]: [3-1] user=Secret,db=databasesecret,app=pg_isready,client=[local] LOG:  disconnection: session time: 0:00:00.001 user=Secret database=databasesecret host=[local]
2025-12-19 12:35:17 GMT [11757]: [1-1] user=[unknown],db=[unknown],app=[unknown],client=[local] LOG:  connection received: host=[local]
2025-12-19 12:35:17 GMT [11757]: [2-1] user=Secret,db=databasesecret,app=[unknown],client=[local] LOG:  connection authorized: user=Secret database=databasesecret application_name=pg_isready
2025-12-19 12:35:17 GMT [11757]: [3-1] user=Secret,db=databasesecret,app=pg_isready,client=[local] LOG:  disconnection: session time: 0:00:00.002 user=Secret database=databasesecret host=[local]
2025-12-19 12:35:27 GMT [11766]: [1-1] user=[unknown],db=[unknown],app=[unknown],client=[local] LOG:  connection received: host=[local]
2025-12-19 12:35:27 GMT [11766]: [2-1] user=Secret,db=databasesecret,app=[unknown],client=[local] LOG:  connection authorized: user=Secret database=databasesecret application_name=pg_isready
2025-12-19 12:35:27 GMT [11766]: [3-1] user=Secret,db=databasesecret,app=pg_isready,client=[local] LOG:  disconnection: session time: 0:00:00.002 user=Secret database=databasesecret host=[local]
2025-12-19 12:35:39 GMT [11774]: [1-1] user=[unknown],db=[unknown],app=[unknown],client=[local] LOG:  connection received: host=[local]
2025-12-19 12:35:39 GMT [11774]: [2-1] user=Secret,db=databasesecret,app=[unknown],client=[local] LOG:  connection authorized: user=Secret database=databasesecret application_name=pg_isready
2025-12-19 12:35:39 GMT [11774]: [3-1] user=Secret,db=databasesecret,app=pg_isready,client=[local] LOG:  disconnection: session time: 0:00:00.003 user=Secret database=databasesecret host=[local]
2025-12-19 12:35:50 GMT [11782]: [1-1] user=[unknown],db=[unknown],app=[unknown],client=[local] LOG:  connection received: host=[local]
2025-12-19 12:35:50 GMT [11782]: [2-1] user=Secret,db=databasesecret,app=[unknown],client=[local] LOG:  connection authorized: user=Secret database=databasesecret application_name=pg_isready
2025-12-19 12:35:50 GMT [11782]: [3-1] user=Secret,db=databasesecret,app=pg_isready,client=[local] LOG:  disconnection: session time: 0:00:00.002 user=Secret database=databasesecret host=[local]
2025-12-19 12:36:00 GMT [11790]: [1-1] user=[unknown],db=[unknown],app=[unknown],client=[local] LOG:  connection received: host=[local]
2025-12-19 12:36:00 GMT [11790]: [2-1] user=Secret,db=databasesecret,app=[unknown],client=[local] LOG:  connection authorized: user=Secret database=databasesecret application_name=pg_isready
2025-12-19 12:36:00 GMT [11790]: [3-1] user=Secret,db=databasesecret,app=pg_isready,client=[local] LOG:  disconnection: session time: 0:00:00.002 user=Secret database=databasesecret host=[local]
2025-12-19 12:36:12 GMT [11798]: [1-1] user=[unknown],db=[unknown],app=[unknown],client=[local] LOG:  connection received: host=[local]
2025-12-19 12:36:12 GMT [11798]: [2-1] user=Secret,db=databasesecret,app=[unknown],client=[local] LOG:  connection authorized: user=Secret database=databasesecret application_name=pg_isready
2025-12-19 12:36:12 GMT [11798]: [3-1] user=Secret,db=databasesecret,app=pg_isready,client=[local] LOG:  disconnection: session time: 0:00:00.001 user=Secret database=databasesecret host=[local]
2025-12-19 12:36:22 GMT [11806]: [1-1] user=[unknown],db=[unknown],app=[unknown],client=[local] LOG:  connection received: host=[local]
2025-12-19 12:36:22 GMT [11806]: [2-1] user=Secret,db=databasesecret,app=[unknown],client=[local] LOG:  connection authorized: user=Secret database=databasesecret application_name=pg_isready
2025-12-19 12:36:22 GMT [11806]: [3-1] user=Secret,db=databasesecret,app=pg_isready,client=[local] LOG:  disconnection: session time: 0:00:00.003 user=Secret database=databasesecret host=[local]
2025-12-19 12:36:32 GMT [11815]: [1-1] user=[unknown],db=[unknown],app=[unknown],client=[local] LOG:  connection received: host=[local]
2025-12-19 12:36:32 GMT [11815]: [2-1] user=Secret,db=databasesecret,app=[unknown],client=[local] LOG:  connection authorized: user=Secret database=databasesecret application_name=pg_isready
2025-12-19 12:36:32 GMT [11815]: [3-1] user=Secret,db=databasesecret,app=pg_isready,client=[local] LOG:  disconnection: session time: 0:00:00.002 user=Secret database=databasesecret host=[local]
2025-12-19 12:36:44 GMT [11823]: [1-1] user=[unknown],db=[unknown],app=[unknown],client=[local] LOG:  connection received: host=[local]
2025-12-19 12:36:44 GMT [11823]: [2-1] user=Secret,db=databasesecret,app=[unknown],client=[local] LOG:  connection authorized: user=Secret database=databasesecret application_name=pg_isready
2025-12-19 12:36:44 GMT [11823]: [3-1] user=Secret,db=databasesecret,app=pg_isready,client=[local] LOG:  disconnection: session time: 0:00:00.002 user=Secret database=databasesecret host=[local]
2025-12-19 12:36:54 GMT [11831]: [1-1] user=[unknown],db=[unknown],app=[unknown],client=[local] LOG:  connection received: host=[local]
2025-12-19 12:36:54 GMT [11831]: [2-1] user=Secret,db=databasesecret,app=[unknown],client=[local] LOG:  connection authorized: user=Secret database=databasesecret application_name=pg_isready
2025-12-19 12:36:54 GMT [11831]: [3-1] user=Secret,db=databasesecret,app=pg_isready,client=[local] LOG:  disconnection: session time: 0:00:00.003 user=Secret database=databasesecret host=[local]
2025-12-19 12:37:05 GMT [11839]: [1-1] user=[unknown],db=[unknown],app=[unknown],client=[local] LOG:  connection received: host=[local]
2025-12-19 12:37:05 GMT [11839]: [2-1] user=Secret,db=databasesecret,app=[unknown],client=[local] LOG:  connection authorized: user=Secret database=databasesecret application_name=pg_isready
2025-12-19 12:37:05 GMT [11839]: [3-1] user=Secret,db=databasesecret,app=pg_isready,client=[local] LOG:  disconnection: session time: 0:00:00.003 user=Secret database=databasesecret host=[local]
2025-12-19 12:37:16 GMT [11847]: [1-1] user=[unknown],db=[unknown],app=[unknown],client=[local] LOG:  connection received: host=[local]
2025-12-19 12:37:16 GMT [11847]: [2-1] user=Secret,db=databasesecret,app=[unknown],client=[local] LOG:  connection authorized: user=Secret database=databasesecret application_name=pg_isready
2025-12-19 12:37:16 GMT [11847]: [3-1] user=Secret,db=databasesecret,app=pg_isready,client=[local] LOG:  disconnection: session time: 0:00:00.002 user=Secret database=databasesecret host=[local]
2025-12-19 12:37:26 GMT [11855]: [1-1] user=[unknown],db=[unknown],app=[unknown],client=[local] LOG:  connection received: host=[local]
2025-12-19 12:37:26 GMT [11855]: [2-1] user=Secret,db=databasesecret,app=[unknown],client=[local] LOG:  connection authorized: user=Secret database=databasesecret application_name=pg_isready
2025-12-19 12:37:26 GMT [11855]: [3-1] user=Secret,db=databasesecret,app=pg_isready,client=[local] LOG:  disconnection: session time: 0:00:00.001 user=Secret database=databasesecret host=[local]
2025-12-19 12:37:36 GMT [11864]: [1-1] user=[unknown],db=[unknown],app=[unknown],client=[local] LOG:  connection received: host=[local]
2025-12-19 12:37:36 GMT [11864]: [2-1] user=Secret,db=databasesecret,app=[unknown],client=[local] LOG:  connection authorized: user=Secret database=databasesecret application_name=pg_isready
2025-12-19 12:37:36 GMT [11864]: [3-1] user=Secret,db=databasesecret,app=pg_isready,client=[local] LOG:  disconnection: session time: 0:00:00.002 user=Secret database=databasesecret host=[local]
2025-12-19 12:37:48 GMT [11872]: [1-1] user=[unknown],db=[unknown],app=[unknown],client=[local] LOG:  connection received: host=[local]
2025-12-19 12:37:48 GMT [11872]: [2-1] user=Secret,db=databasesecret,app=[unknown],client=[local] LOG:  connection authorized: user=Secret database=databasesecret application_name=pg_isready
2025-12-19 12:37:48 GMT [11872]: [3-1] user=Secret,db=databasesecret,app=pg_isready,client=[local] LOG:  disconnection: session time: 0:00:00.004 user=Secret database=databasesecret host=[local]
2025-12-19 12:37:58 GMT [11880]: [1-1] user=[unknown],db=[unknown],app=[unknown],client=[local] LOG:  connection received: host=[local]
2025-12-19 12:37:58 GMT [11880]: [2-1] user=Secret,db=databasesecret,app=[unknown],client=[local] LOG:  connection authorized: user=Secret database=databasesecret application_name=pg_isready
2025-12-19 12:37:58 GMT [11880]: [3-1] user=Secret,db=databasesecret,app=pg_isready,client=[local] LOG:  disconnection: session time: 0:00:00.002 user=Secret database=databasesecret host=[local]
2025-12-19 12:38:08 GMT [11888]: [1-1] user=[unknown],db=[unknown],app=[unknown],client=[local] LOG:  connection received: host=[local]
2025-12-19 12:38:08 GMT [11888]: [2-1] user=Secret,db=databasesecret,app=[unknown],client=[local] LOG:  connection authorized: user=Secret database=databasesecret application_name=pg_isready
2025-12-19 12:38:08 GMT [11888]: [3-1] user=Secret,db=databasesecret,app=pg_isready,client=[local] LOG:  disconnection: session time: 0:00:00.002 user=Secret database=databasesecret host=[local]
2025-12-19 12:38:20 GMT [11896]: [1-1] user=[unknown],db=[unknown],app=[unknown],client=[local] LOG:  connection received: host=[local]
2025-12-19 12:38:20 GMT [11896]: [2-1] user=Secret,db=databasesecret,app=[unknown],client=[local] LOG:  connection authorized: user=Secret database=databasesecret application_name=pg_isready
2025-12-19 12:38:20 GMT [11896]: [3-1] user=Secret,db=databasesecret,app=pg_isready,client=[local] LOG:  disconnection: session time: 0:00:00.002 user=Secret database=databasesecret host=[local]
2025-12-19 12:38:30 GMT [11906]: [1-1] user=[unknown],db=[unknown],app=[unknown],client=[local] LOG:  connection received: host=[local]
2025-12-19 12:38:30 GMT [11906]: [2-1] user=Secret,db=databasesecret,app=[unknown],client=[local] LOG:  connection authorized: user=Secret database=databasesecret application_name=pg_isready
2025-12-19 12:38:30 GMT [11906]: [3-1] user=Secret,db=databasesecret,app=pg_isready,client=[local] LOG:  disconnection: session time: 0:00:00.002 user=Secret database=databasesecret host=[local]
2025-12-19 12:38:40 GMT [11914]: [1-1] user=[unknown],db=[unknown],app=[unknown],client=[local] LOG:  connection received: host=[local]
2025-12-19 12:38:40 GMT [11914]: [2-1] user=Secret,db=databasesecret,app=[unknown],client=[local] LOG:  connection authorized: user=Secret database=databasesecret application_name=pg_isready
2025-12-19 12:38:40 GMT [11914]: [3-1] user=Secret,db=databasesecret,app=pg_isready,client=[local] LOG:  disconnection: session time: 0:00:00.003 user=Secret database=databasesecret host=[local]
2025-12-19 12:38:51 GMT [11922]: [1-1] user=[unknown],db=[unknown],app=[unknown],client=[local] LOG:  connection received: host=[local]
2025-12-19 12:38:51 GMT [11922]: [2-1] user=Secret,db=databasesecret,app=[unknown],client=[local] LOG:  connection authorized: user=Secret database=databasesecret application_name=pg_isready
2025-12-19 12:38:51 GMT [11922]: [3-1] user=Secret,db=databasesecret,app=pg_isready,client=[local] LOG:  disconnection: session time: 0:00:00.002 user=Secret database=databasesecret host=[local]
2025-12-19 12:39:02 GMT [11930]: [1-1] user=[unknown],db=[unknown],app=[unknown],client=[local] LOG:  connection received: host=[local]
2025-12-19 12:39:02 GMT [11930]: [2-1] user=Secret,db=databasesecret,app=[unknown],client=[local] LOG:  connection authorized: user=Secret database=databasesecret application_name=pg_isready
2025-12-19 12:39:02 GMT [11930]: [3-1] user=Secret,db=databasesecret,app=pg_isready,client=[local] LOG:  disconnection: session time: 0:00:00.002 user=Secret database=databasesecret host=[local]
2025-12-19 12:39:12 GMT [11938]: [1-1] user=[unknown],db=[unknown],app=[unknown],client=[local] LOG:  connection received: host=[local]
2025-12-19 12:39:12 GMT [11938]: [2-1] user=Secret,db=databasesecret,app=[unknown],client=[local] LOG:  connection authorized: user=Secret database=databasesecret application_name=pg_isready
2025-12-19 12:39:12 GMT [11938]: [3-1] user=Secret,db=databasesecret,app=pg_isready,client=[local] LOG:  disconnection: session time: 0:00:00.002 user=Secret database=databasesecret host=[local]
2025-12-19 12:39:23 GMT [11946]: [1-1] user=[unknown],db=[unknown],app=[unknown],client=[local] LOG:  connection received: host=[local]
2025-12-19 12:39:23 GMT [11946]: [2-1] user=Secret,db=databasesecret,app=[unknown],client=[local] LOG:  connection authorized: user=Secret database=databasesecret application_name=pg_isready
2025-12-19 12:39:23 GMT [11946]: [3-1] user=Secret,db=databasesecret,app=pg_isready,client=[local] LOG:  disconnection: session time: 0:00:00.003 user=Secret database=databasesecret host=[local]
2025-12-19 12:39:33 GMT [11955]: [1-1] user=[unknown],db=[unknown],app=[unknown],client=[local] LOG:  connection received: host=[local]
2025-12-19 12:39:33 GMT [11955]: [2-1] user=Secret,db=databasesecret,app=[unknown],client=[local] LOG:  connection authorized: user=Secret database=databasesecret application_name=pg_isready
2025-12-19 12:39:33 GMT [11955]: [3-1] user=Secret,db=databasesecret,app=pg_isready,client=[local] LOG:  disconnection: session time: 0:00:00.002 user=Secret database=databasesecret host=[local]
2025-12-19 12:39:43 GMT [11963]: [1-1] user=[unknown],db=[unknown],app=[unknown],client=[local] LOG:  connection received: host=[local]
2025-12-19 12:39:43 GMT [11963]: [2-1] user=Secret,db=databasesecret,app=[unknown],client=[local] LOG:  connection authorized: user=Secret database=databasesecret application_name=pg_isready
2025-12-19 12:39:43 GMT [11963]: [3-1] user=Secret,db=databasesecret,app=pg_isready,client=[local] LOG:  disconnection: session time: 0:00:00.002 user=Secret database=databasesecret host=[local]
2025-12-19 12:39:55 GMT [11971]: [1-1] user=[unknown],db=[unknown],app=[unknown],client=[local] LOG:  connection received: host=[local]
2025-12-19 12:39:55 GMT [11971]: [2-1] user=Secret,db=databasesecret,app=[unknown],client=[local] LOG:  connection authorized: user=Secret database=databasesecret application_name=pg_isready
2025-12-19 12:39:55 GMT [11971]: [3-1] user=Secret,db=databasesecret,app=pg_isready,client=[local] LOG:  disconnection: session time: 0:00:00.002 user=Secret database=databasesecret host=[local]
2025-12-19 12:40:05 GMT [11980]: [1-1] user=[unknown],db=[unknown],app=[unknown],client=[local] LOG:  connection received: host=[local]
2025-12-19 12:40:05 GMT [11980]: [2-1] user=Secret,db=databasesecret,app=[unknown],client=[local] LOG:  connection authorized: user=Secret database=databasesecret application_name=pg_isready
2025-12-19 12:40:05 GMT [11980]: [3-1] user=Secret,db=databasesecret,app=pg_isready,client=[local] LOG:  disconnection: session time: 0:00:00.002 user=Secret database=databasesecret host=[local]
2025-12-19 12:40:15 GMT [11988]: [1-1] user=[unknown],db=[unknown],app=[unknown],client=[local] LOG:  connection received: host=[local]
2025-12-19 12:40:15 GMT [11988]: [2-1] user=Secret,db=databasesecret,app=[unknown],client=[local] LOG:  connection authorized: user=Secret database=databasesecret application_name=pg_isready
2025-12-19 12:40:15 GMT [11988]: [3-1] user=Secret,db=databasesecret,app=pg_isready,client=[local] LOG:  disconnection: session time: 0:00:00.003 user=Secret database=databasesecret host=[local]
2025-12-19 12:40:26 GMT [11996]: [1-1] user=[unknown],db=[unknown],app=[unknown],client=[local] LOG:  connection received: host=[local]
2025-12-19 12:40:26 GMT [11996]: [2-1] user=Secret,db=databasesecret,app=[unknown],client=[local] LOG:  connection authorized: user=Secret database=databasesecret application_name=pg_isready
2025-12-19 12:40:26 GMT [11996]: [3-1] user=Secret,db=databasesecret,app=pg_isready,client=[local] LOG:  disconnection: session time: 0:00:00.002 user=Secret database=databasesecret host=[local]
2025-12-19 12:40:36 GMT [12005]: [1-1] user=[unknown],db=[unknown],app=[unknown],client=[local] LOG:  connection received: host=[local]
2025-12-19 12:40:36 GMT [12005]: [2-1] user=Secret,db=databasesecret,app=[unknown],client=[local] LOG:  connection authorized: user=Secret database=databasesecret application_name=pg_isready
2025-12-19 12:40:36 GMT [12005]: [3-1] user=Secret,db=databasesecret,app=pg_isready,client=[local] LOG:  disconnection: session time: 0:00:00.003 user=Secret database=databasesecret host=[local]
2025-12-19 12:40:46 GMT [12013]: [1-1] user=[unknown],db=[unknown],app=[unknown],client=[local] LOG:  connection received: host=[local]
2025-12-19 12:40:46 GMT [12013]: [2-1] user=Secret,db=databasesecret,app=[unknown],client=[local] LOG:  connection authorized: user=Secret database=databasesecret application_name=pg_isready
2025-12-19 12:40:46 GMT [12013]: [3-1] user=Secret,db=databasesecret,app=pg_isready,client=[local] LOG:  disconnection: session time: 0:00:00.002 user=Secret database=databasesecret host=[local]
2025-12-19 12:40:57 GMT [12021]: [1-1] user=[unknown],db=[unknown],app=[unknown],client=[local] LOG:  connection received: host=[local]
2025-12-19 12:40:57 GMT [12021]: [2-1] user=Secret,db=databasesecret,app=[unknown],client=[local] LOG:  connection authorized: user=Secret database=databasesecret application_name=pg_isready
2025-12-19 12:40:57 GMT [12021]: [3-1] user=Secret,db=databasesecret,app=pg_isready,client=[local] LOG:  disconnection: session time: 0:00:00.002 user=Secret database=databasesecret host=[local]
2025-12-19 12:41:07 GMT [12029]: [1-1] user=[unknown],db=[unknown],app=[unknown],client=[local] LOG:  connection received: host=[local]
2025-12-19 12:41:07 GMT [12029]: [2-1] user=Secret,db=databasesecret,app=[unknown],client=[local] LOG:  connection authorized: user=Secret database=databasesecret application_name=pg_isready
2025-12-19 12:41:07 GMT [12029]: [3-1] user=Secret,db=databasesecret,app=pg_isready,client=[local] LOG:  disconnection: session time: 0:00:00.003 user=Secret database=databasesecret host=[local]
2025-12-19 12:41:17 GMT [12037]: [1-1] user=[unknown],db=[unknown],app=[unknown],client=[local] LOG:  connection received: host=[local]
2025-12-19 12:41:17 GMT [12037]: [2-1] user=Secret,db=databasesecret,app=[unknown],client=[local] LOG:  connection authorized: user=Secret database=databasesecret application_name=pg_isready
2025-12-19 12:41:17 GMT [12037]: [3-1] user=Secret,db=databasesecret,app=pg_isready,client=[local] LOG:  disconnection: session time: 0:00:00.001 user=Secret database=databasesecret host=[local]
2025-12-19 12:41:28 GMT [12045]: [1-1] user=[unknown],db=[unknown],app=[unknown],client=[local] LOG:  connection received: host=[local]
2025-12-19 12:41:28 GMT [12045]: [2-1] user=Secret,db=databasesecret,app=[unknown],client=[local] LOG:  connection authorized: user=Secret database=databasesecret application_name=pg_isready
2025-12-19 12:41:28 GMT [12045]: [3-1] user=Secret,db=databasesecret,app=pg_isready,client=[local] LOG:  disconnection: session time: 0:00:00.002 user=Secret database=databasesecret host=[local]
2025-12-19 12:41:39 GMT [12054]: [1-1] user=[unknown],db=[unknown],app=[unknown],client=[local] LOG:  connection received: host=[local]
2025-12-19 12:41:39 GMT [12054]: [2-1] user=Secret,db=databasesecret,app=[unknown],client=[local] LOG:  connection authorized: user=Secret database=databasesecret application_name=pg_isready
2025-12-19 12:41:39 GMT [12054]: [3-1] user=Secret,db=databasesecret,app=pg_isready,client=[local] LOG:  disconnection: session time: 0:00:00.002 user=Secret database=databasesecret host=[local]
2025-12-19 12:41:50 GMT [12062]: [1-1] user=[unknown],db=[unknown],app=[unknown],client=[local] LOG:  connection received: host=[local]
2025-12-19 12:41:50 GMT [12062]: [2-1] user=Secret,db=databasesecret,app=[unknown],client=[local] LOG:  connection authorized: user=Secret database=databasesecret application_name=pg_isready
2025-12-19 12:41:50 GMT [12062]: [3-1] user=Secret,db=databasesecret,app=pg_isready,client=[local] LOG:  disconnection: session time: 0:00:00.003 user=Secret database=databasesecret host=[local]
2025-12-19 12:42:00 GMT [12070]: [1-1] user=[unknown],db=[unknown],app=[unknown],client=[local] LOG:  connection received: host=[local]
2025-12-19 12:42:00 GMT [12070]: [2-1] user=Secret,db=databasesecret,app=[unknown],client=[local] LOG:  connection authorized: user=Secret database=databasesecret application_name=pg_isready
2025-12-19 12:42:00 GMT [12070]: [3-1] user=Secret,db=databasesecret,app=pg_isready,client=[local] LOG:  disconnection: session time: 0:00:00.003 user=Secret database=databasesecret host=[local]
2025-12-19 12:42:10 GMT [12078]: [1-1] user=[unknown],db=[unknown],app=[unknown],client=[local] LOG:  connection received: host=[local]
2025-12-19 12:42:10 GMT [12078]: [2-1] user=Secret,db=databasesecret,app=[unknown],client=[local] LOG:  connection authorized: user=Secret database=databasesecret application_name=pg_isready
2025-12-19 12:42:10 GMT [12078]: [3-1] user=Secret,db=databasesecret,app=pg_isready,client=[local] LOG:  disconnection: session time: 0:00:00.002 user=Secret database=databasesecret host=[local]
2025-12-19 12:42:21 GMT [12086]: [1-1] user=[unknown],db=[unknown],app=[unknown],client=[local] LOG:  connection received: host=[local]
2025-12-19 12:42:21 GMT [12086]: [2-1] user=Secret,db=databasesecret,app=[unknown],client=[local] LOG:  connection authorized: user=Secret database=databasesecret application_name=pg_isready
2025-12-19 12:42:21 GMT [12086]: [3-1] user=Secret,db=databasesecret,app=pg_isready,client=[local] LOG:  disconnection: session time: 0:00:00.002 user=Secret database=databasesecret host=[local]
2025-12-19 12:42:31 GMT [12094]: [1-1] user=[unknown],db=[unknown],app=[unknown],client=[local] LOG:  connection received: host=[local]
2025-12-19 12:42:31 GMT [12094]: [2-1] user=Secret,db=databasesecret,app=[unknown],client=[local] LOG:  connection authorized: user=Secret database=databasesecret application_name=pg_isready
2025-12-19 12:42:31 GMT [12094]: [3-1] user=Secret,db=databasesecret,app=pg_isready,client=[local] LOG:  disconnection: session time: 0:00:00.003 user=Secret database=databasesecret host=[local]
2025-12-19 12:42:41 GMT [12103]: [1-1] user=[unknown],db=[unknown],app=[unknown],client=[local] LOG:  connection received: host=[local]
2025-12-19 12:42:41 GMT [12103]: [2-1] user=Secret,db=databasesecret,app=[unknown],client=[local] LOG:  connection authorized: user=Secret database=databasesecret application_name=pg_isready
2025-12-19 12:42:41 GMT [12103]: [3-1] user=Secret,db=databasesecret,app=pg_isready,client=[local] LOG:  disconnection: session time: 0:00:00.003 user=Secret database=databasesecret host=[local]
2025-12-19 12:42:52 GMT [12111]: [1-1] user=[unknown],db=[unknown],app=[unknown],client=[local] LOG:  connection received: host=[local]
2025-12-19 12:42:52 GMT [12111]: [2-1] user=Secret,db=databasesecret,app=[unknown],client=[local] LOG:  connection authorized: user=Secret database=databasesecret application_name=pg_isready
2025-12-19 12:42:52 GMT [12111]: [3-1] user=Secret,db=databasesecret,app=pg_isready,client=[local] LOG:  disconnection: session time: 0:00:00.002 user=Secret database=databasesecret host=[local]
2025-12-19 12:43:02 GMT [12119]: [1-1] user=[unknown],db=[unknown],app=[unknown],client=[local] LOG:  connection received: host=[local]
2025-12-19 12:43:02 GMT [12119]: [2-1] user=Secret,db=databasesecret,app=[unknown],client=[local] LOG:  connection authorized: user=Secret database=databasesecret application_name=pg_isready
2025-12-19 12:43:02 GMT [12119]: [3-1] user=Secret,db=databasesecret,app=pg_isready,client=[local] LOG:  disconnection: session time: 0:00:00.002 user=Secret database=databasesecret host=[local]
2025-12-19 12:43:13 GMT [12127]: [1-1] user=[unknown],db=[unknown],app=[unknown],client=[local] LOG:  connection received: host=[local]
2025-12-19 12:43:13 GMT [12127]: [2-1] user=Secret,db=databasesecret,app=[unknown],client=[local] LOG:  connection authorized: user=Secret database=databasesecret application_name=pg_isready
2025-12-19 12:43:13 GMT [12127]: [3-1] user=Secret,db=databasesecret,app=pg_isready,client=[local] LOG:  disconnection: session time: 0:00:00.002 user=Secret database=databasesecret host=[local]
2025-12-19 12:43:24 GMT [12135]: [1-1] user=[unknown],db=[unknown],app=[unknown],client=[local] LOG:  connection received: host=[local]
2025-12-19 12:43:24 GMT [12135]: [2-1] user=Secret,db=databasesecret,app=[unknown],client=[local] LOG:  connection authorized: user=Secret database=databasesecret application_name=pg_isready
2025-12-19 12:43:24 GMT [12135]: [3-1] user=Secret,db=databasesecret,app=pg_isready,client=[local] LOG:  disconnection: session time: 0:00:00.009 user=Secret database=databasesecret host=[local]
2025-12-19 12:43:34 GMT [12143]: [1-1] user=[unknown],db=[unknown],app=[unknown],client=[local] LOG:  connection received: host=[local]
2025-12-19 12:43:34 GMT [12143]: [2-1] user=Secret,db=databasesecret,app=[unknown],client=[local] LOG:  connection authorized: user=Secret database=databasesecret application_name=pg_isready
2025-12-19 12:43:34 GMT [12143]: [3-1] user=Secret,db=databasesecret,app=pg_isready,client=[local] LOG:  disconnection: session time: 0:00:00.003 user=Secret database=databasesecret host=[local]
2025-12-19 12:43:44 GMT [12152]: [1-1] user=[unknown],db=[unknown],app=[unknown],client=[local] LOG:  connection received: host=[local]
2025-12-19 12:43:44 GMT [12152]: [2-1] user=Secret,db=databasesecret,app=[unknown],client=[local] LOG:  connection authorized: user=Secret database=databasesecret application_name=pg_isready
2025-12-19 12:43:44 GMT [12152]: [3-1] user=Secret,db=databasesecret,app=pg_isready,client=[local] LOG:  disconnection: session time: 0:00:00.002 user=Secret database=databasesecret host=[local]
2025-12-19 12:43:55 GMT [12160]: [1-1] user=[unknown],db=[unknown],app=[unknown],client=[local] LOG:  connection received: host=[local]
2025-12-19 12:43:55 GMT [12160]: [2-1] user=Secret,db=databasesecret,app=[unknown],client=[local] LOG:  connection authorized: user=Secret database=databasesecret application_name=pg_isready
2025-12-19 12:43:55 GMT [12160]: [3-1] user=Secret,db=databasesecret,app=pg_isready,client=[local] LOG:  disconnection: session time: 0:00:00.003 user=Secret database=databasesecret host=[local]
2025-12-19 12:44:05 GMT [12168]: [1-1] user=[unknown],db=[unknown],app=[unknown],client=[local] LOG:  connection received: host=[local]
2025-12-19 12:44:05 GMT [12168]: [2-1] user=Secret,db=databasesecret,app=[unknown],client=[local] LOG:  connection authorized: user=Secret database=databasesecret application_name=pg_isready
2025-12-19 12:44:05 GMT [12168]: [3-1] user=Secret,db=databasesecret,app=pg_isready,client=[local] LOG:  disconnection: session time: 0:00:00.002 user=Secret database=databasesecret host=[local]
2025-12-19 12:44:16 GMT [12176]: [1-1] user=[unknown],db=[unknown],app=[unknown],client=[local] LOG:  connection received: host=[local]
2025-12-19 12:44:16 GMT [12176]: [2-1] user=Secret,db=databasesecret,app=[unknown],client=[local] LOG:  connection authorized: user=Secret database=databasesecret application_name=pg_isready
2025-12-19 12:44:16 GMT [12176]: [3-1] user=Secret,db=databasesecret,app=pg_isready,client=[local] LOG:  disconnection: session time: 0:00:00.006 user=Secret database=databasesecret host=[local]
2025-12-19 12:44:26 GMT [12184]: [1-1] user=[unknown],db=[unknown],app=[unknown],client=[local] LOG:  connection received: host=[local]
2025-12-19 12:44:26 GMT [12184]: [2-1] user=Secret,db=databasesecret,app=[unknown],client=[local] LOG:  connection authorized: user=Secret database=databasesecret application_name=pg_isready
2025-12-19 12:44:26 GMT [12184]: [3-1] user=Secret,db=databasesecret,app=pg_isready,client=[local] LOG:  disconnection: session time: 0:00:00.002 user=Secret database=databasesecret host=[local]
2025-12-19 12:44:36 GMT [12192]: [1-1] user=[unknown],db=[unknown],app=[unknown],client=[local] LOG:  connection received: host=[local]
2025-12-19 12:44:36 GMT [12192]: [2-1] user=Secret,db=databasesecret,app=[unknown],client=[local] LOG:  connection authorized: user=Secret database=databasesecret application_name=pg_isready
2025-12-19 12:44:36 GMT [12192]: [3-1] user=Secret,db=databasesecret,app=pg_isready,client=[local] LOG:  disconnection: session time: 0:00:00.002 user=Secret database=databasesecret host=[local]
2025-12-19 12:44:47 GMT [12201]: [1-1] user=[unknown],db=[unknown],app=[unknown],client=[local] LOG:  connection received: host=[local]
2025-12-19 12:44:47 GMT [12201]: [2-1] user=Secret,db=databasesecret,app=[unknown],client=[local] LOG:  connection authorized: user=Secret database=databasesecret application_name=pg_isready
2025-12-19 12:44:47 GMT [12201]: [3-1] user=Secret,db=databasesecret,app=pg_isready,client=[local] LOG:  disconnection: session time: 0:00:00.002 user=Secret database=databasesecret host=[local]
2025-12-19 12:44:57 GMT [12209]: [1-1] user=[unknown],db=[unknown],app=[unknown],client=[local] LOG:  connection received: host=[local]
2025-12-19 12:44:57 GMT [12209]: [2-1] user=Secret,db=databasesecret,app=[unknown],client=[local] LOG:  connection authorized: user=Secret database=databasesecret application_name=pg_isready
2025-12-19 12:44:57 GMT [12209]: [3-1] user=Secret,db=databasesecret,app=pg_isready,client=[local] LOG:  disconnection: session time: 0:00:00.003 user=Secret database=databasesecret host=[local]
2025-12-19 12:45:08 GMT [12217]: [1-1] user=[unknown],db=[unknown],app=[unknown],client=[local] LOG:  connection received: host=[local]
2025-12-19 12:45:08 GMT [12217]: [2-1] user=Secret,db=databasesecret,app=[unknown],client=[local] LOG:  connection authorized: user=Secret database=databasesecret application_name=pg_isready
2025-12-19 12:45:08 GMT [12217]: [3-1] user=Secret,db=databasesecret,app=pg_isready,client=[local] LOG:  disconnection: session time: 0:00:00.003 user=Secret database=databasesecret host=[local]
2025-12-19 12:45:18 GMT [12225]: [1-1] user=[unknown],db=[unknown],app=[unknown],client=[local] LOG:  connection received: host=[local]
2025-12-19 12:45:18 GMT [12225]: [2-1] user=Secret,db=databasesecret,app=[unknown],client=[local] LOG:  connection authorized: user=Secret database=databasesecret application_name=pg_isready
2025-12-19 12:45:18 GMT [12225]: [3-1] user=Secret,db=databasesecret,app=pg_isready,client=[local] LOG:  disconnection: session time: 0:00:00.002 user=Secret database=databasesecret host=[local]
2025-12-19 12:45:29 GMT [12233]: [1-1] user=[unknown],db=[unknown],app=[unknown],client=[local] LOG:  connection received: host=[local]
2025-12-19 12:45:29 GMT [12233]: [2-1] user=Secret,db=databasesecret,app=[unknown],client=[local] LOG:  connection authorized: user=Secret database=databasesecret application_name=pg_isready
2025-12-19 12:45:29 GMT [12233]: [3-1] user=Secret,db=databasesecret,app=pg_isready,client=[local] LOG:  disconnection: session time: 0:00:00.002 user=Secret database=databasesecret host=[local]
2025-12-19 12:46:27 GMT [12242]: [1-1] user=[unknown],db=[unknown],app=[unknown],client=[local] LOG:  connection received: host=[local]
2025-12-19 12:46:27 GMT [12242]: [2-1] user=Secret,db=databasesecret,app=[unknown],client=[local] LOG:  connection authorized: user=Secret database=databasesecret application_name=pg_isready
2025-12-19 12:46:27 GMT [12242]: [3-1] user=Secret,db=databasesecret,app=pg_isready,client=[local] LOG:  disconnection: session time: 0:00:00.012 user=Secret database=databasesecret host=[local]
2025-12-19 12:46:37 GMT [12250]: [1-1] user=[unknown],db=[unknown],app=[unknown],client=[local] LOG:  connection received: host=[local]
2025-12-19 12:46:37 GMT [12250]: [2-1] user=Secret,db=databasesecret,app=[unknown],client=[local] LOG:  connection authorized: user=Secret database=databasesecret application_name=pg_isready
2025-12-19 12:46:37 GMT [12250]: [3-1] user=Secret,db=databasesecret,app=pg_isready,client=[local] LOG:  disconnection: session time: 0:00:00.008 user=Secret database=databasesecret host=[local]
2025-12-19 12:46:48 GMT [12258]: [1-1] user=[unknown],db=[unknown],app=[unknown],client=[local] LOG:  connection received: host=[local]
2025-12-19 12:46:48 GMT [12258]: [2-1] user=Secret,db=databasesecret,app=[unknown],client=[local] LOG:  connection authorized: user=Secret database=databasesecret application_name=pg_isready
2025-12-19 12:46:48 GMT [12258]: [3-1] user=Secret,db=databasesecret,app=pg_isready,client=[local] LOG:  disconnection: session time: 0:00:00.003 user=Secret database=databasesecret host=[local]
2025-12-19 12:46:58 GMT [12266]: [1-1] user=[unknown],db=[unknown],app=[unknown],client=[local] LOG:  connection received: host=[local]
2025-12-19 12:46:58 GMT [12266]: [2-1] user=Secret,db=databasesecret,app=[unknown],client=[local] LOG:  connection authorized: user=Secret database=databasesecret application_name=pg_isready
2025-12-19 12:46:58 GMT [12266]: [3-1] user=Secret,db=databasesecret,app=pg_isready,client=[local] LOG:  disconnection: session time: 0:00:00.002 user=Secret database=databasesecret host=[local]
2025-12-19 12:47:08 GMT [12274]: [1-1] user=[unknown],db=[unknown],app=[unknown],client=[local] LOG:  connection received: host=[local]
2025-12-19 12:47:08 GMT [12274]: [2-1] user=Secret,db=databasesecret,app=[unknown],client=[local] LOG:  connection authorized: user=Secret database=databasesecret application_name=pg_isready
2025-12-19 12:47:08 GMT [12274]: [3-1] user=Secret,db=databasesecret,app=pg_isready,client=[local] LOG:  disconnection: session time: 0:00:00.002 user=Secret database=databasesecret host=[local]
2025-12-19 12:47:19 GMT [12282]: [1-1] user=[unknown],db=[unknown],app=[unknown],client=[local] LOG:  connection received: host=[local]
2025-12-19 12:47:19 GMT [12282]: [2-1] user=Secret,db=databasesecret,app=[unknown],client=[local] LOG:  connection authorized: user=Secret database=databasesecret application_name=pg_isready
2025-12-19 12:47:19 GMT [12282]: [3-1] user=Secret,db=databasesecret,app=pg_isready,client=[local] LOG:  disconnection: session time: 0:00:00.002 user=Secret database=databasesecret host=[local]
2025-12-19 12:47:29 GMT [12291]: [1-1] user=[unknown],db=[unknown],app=[unknown],client=[local] LOG:  connection received: host=[local]
2025-12-19 12:47:29 GMT [12291]: [2-1] user=Secret,db=databasesecret,app=[unknown],client=[local] LOG:  connection authorized: user=Secret database=databasesecret application_name=pg_isready
2025-12-19 12:47:29 GMT [12291]: [3-1] user=Secret,db=databasesecret,app=pg_isready,client=[local] LOG:  disconnection: session time: 0:00:00.003 user=Secret database=databasesecret host=[local]
2025-12-19 12:47:39 GMT [12299]: [1-1] user=[unknown],db=[unknown],app=[unknown],client=[local] LOG:  connection received: host=[local]
2025-12-19 12:47:39 GMT [12299]: [2-1] user=Secret,db=databasesecret,app=[unknown],client=[local] LOG:  connection authorized: user=Secret database=databasesecret application_name=pg_isready
2025-12-19 12:47:39 GMT [12299]: [3-1] user=Secret,db=databasesecret,app=pg_isready,client=[local] LOG:  disconnection: session time: 0:00:00.015 user=Secret database=databasesecret host=[local]
2025-12-19 12:47:50 GMT [12307]: [1-1] user=[unknown],db=[unknown],app=[unknown],client=[local] LOG:  connection received: host=[local]
2025-12-19 12:47:50 GMT [12307]: [2-1] user=Secret,db=databasesecret,app=[unknown],client=[local] LOG:  connection authorized: user=Secret database=databasesecret application_name=pg_isready
2025-12-19 12:47:50 GMT [12307]: [3-1] user=Secret,db=databasesecret,app=pg_isready,client=[local] LOG:  disconnection: session time: 0:00:00.002 user=Secret database=databasesecret host=[local]
2025-12-19 12:48:00 GMT [12316]: [1-1] user=[unknown],db=[unknown],app=[unknown],client=[local] LOG:  connection received: host=[local]
2025-12-19 12:48:00 GMT [12316]: [2-1] user=Secret,db=databasesecret,app=[unknown],client=[local] LOG:  connection authorized: user=Secret database=databasesecret application_name=pg_isready
2025-12-19 12:48:00 GMT [12316]: [3-1] user=Secret,db=databasesecret,app=pg_isready,client=[local] LOG:  disconnection: session time: 0:00:00.001 user=Secret database=databasesecret host=[local]
2025-12-19 12:48:10 GMT [12324]: [1-1] user=[unknown],db=[unknown],app=[unknown],client=[local] LOG:  connection received: host=[local]
2025-12-19 12:48:10 GMT [12324]: [2-1] user=Secret,db=databasesecret,app=[unknown],client=[local] LOG:  connection authorized: user=Secret database=databasesecret application_name=pg_isready
2025-12-19 12:48:10 GMT [12324]: [3-1] user=Secret,db=databasesecret,app=pg_isready,client=[local] LOG:  disconnection: session time: 0:00:00.001 user=Secret database=databasesecret host=[local]
2025-12-19 12:48:20 GMT [12332]: [1-1] user=[unknown],db=[unknown],app=[unknown],client=[local] LOG:  connection received: host=[local]
2025-12-19 12:48:20 GMT [12332]: [2-1] user=Secret,db=databasesecret,app=[unknown],client=[local] LOG:  connection authorized: user=Secret database=databasesecret application_name=pg_isready
2025-12-19 12:48:20 GMT [12332]: [3-1] user=Secret,db=databasesecret,app=pg_isready,client=[local] LOG:  disconnection: session time: 0:00:00.002 user=Secret database=databasesecret host=[local]
2025-12-19 12:48:30 GMT [12341]: [1-1] user=[unknown],db=[unknown],app=[unknown],client=[local] LOG:  connection received: host=[local]
2025-12-19 12:48:30 GMT [12341]: [2-1] user=Secret,db=databasesecret,app=[unknown],client=[local] LOG:  connection authorized: user=Secret database=databasesecret application_name=pg_isready
2025-12-19 12:48:30 GMT [12341]: [3-1] user=Secret,db=databasesecret,app=pg_isready,client=[local] LOG:  disconnection: session time: 0:00:00.002 user=Secret database=databasesecret host=[local]
2025-12-19 12:48:40 GMT [12349]: [1-1] user=[unknown],db=[unknown],app=[unknown],client=[local] LOG:  connection received: host=[local]
2025-12-19 12:48:40 GMT [12349]: [2-1] user=Secret,db=databasesecret,app=[unknown],client=[local] LOG:  connection authorized: user=Secret database=databasesecret application_name=pg_isready
2025-12-19 12:48:40 GMT [12349]: [3-1] user=Secret,db=databasesecret,app=pg_isready,client=[local] LOG:  disconnection: session time: 0:00:00.001 user=Secret database=databasesecret host=[local]
2025-12-19 12:48:50 GMT [12357]: [1-1] user=[unknown],db=[unknown],app=[unknown],client=[local] LOG:  connection received: host=[local]
2025-12-19 12:48:50 GMT [12357]: [2-1] user=Secret,db=databasesecret,app=[unknown],client=[local] LOG:  connection authorized: user=Secret database=databasesecret application_name=pg_isready
2025-12-19 12:48:50 GMT [12357]: [3-1] user=Secret,db=databasesecret,app=pg_isready,client=[local] LOG:  disconnection: session time: 0:00:00.001 user=Secret database=databasesecret host=[local]
2025-12-19 12:49:00 GMT [12365]: [1-1] user=[unknown],db=[unknown],app=[unknown],client=[local] LOG:  connection received: host=[local]
2025-12-19 12:49:00 GMT [12365]: [2-1] user=Secret,db=databasesecret,app=[unknown],client=[local] LOG:  connection authorized: user=Secret database=databasesecret application_name=pg_isready
2025-12-19 12:49:00 GMT [12365]: [3-1] user=Secret,db=databasesecret,app=pg_isready,client=[local] LOG:  disconnection: session time: 0:00:00.002 user=Secret database=databasesecret host=[local]
2025-12-19 12:49:10 GMT [12373]: [1-1] user=[unknown],db=[unknown],app=[unknown],client=[local] LOG:  connection received: host=[local]
2025-12-19 12:49:10 GMT [12373]: [2-1] user=Secret,db=databasesecret,app=[unknown],client=[local] LOG:  connection authorized: user=Secret database=databasesecret application_name=pg_isready
2025-12-19 12:49:10 GMT [12373]: [3-1] user=Secret,db=databasesecret,app=pg_isready,client=[local] LOG:  disconnection: session time: 0:00:00.001 user=Secret database=databasesecret host=[local]
2025-12-19 12:49:21 GMT [12381]: [1-1] user=[unknown],db=[unknown],app=[unknown],client=[local] LOG:  connection received: host=[local]
2025-12-19 12:49:21 GMT [12381]: [2-1] user=Secret,db=databasesecret,app=[unknown],client=[local] LOG:  connection authorized: user=Secret database=databasesecret application_name=pg_isready
2025-12-19 12:49:21 GMT [12381]: [3-1] user=Secret,db=databasesecret,app=pg_isready,client=[local] LOG:  disconnection: session time: 0:00:00.006 user=Secret database=databasesecret host=[local]
2025-12-19 12:49:31 GMT [12390]: [1-1] user=[unknown],db=[unknown],app=[unknown],client=[local] LOG:  connection received: host=[local]
2025-12-19 12:49:31 GMT [12390]: [2-1] user=Secret,db=databasesecret,app=[unknown],client=[local] LOG:  connection authorized: user=Secret database=databasesecret application_name=pg_isready
2025-12-19 12:49:31 GMT [12390]: [3-1] user=Secret,db=databasesecret,app=pg_isready,client=[local] LOG:  disconnection: session time: 0:00:00.001 user=Secret database=databasesecret host=[local]
2025-12-19 12:49:41 GMT [12398]: [1-1] user=[unknown],db=[unknown],app=[unknown],client=[local] LOG:  connection received: host=[local]
2025-12-19 12:49:41 GMT [12398]: [2-1] user=Secret,db=databasesecret,app=[unknown],client=[local] LOG:  connection authorized: user=Secret database=databasesecret application_name=pg_isready
2025-12-19 12:49:41 GMT [12398]: [3-1] user=Secret,db=databasesecret,app=pg_isready,client=[local] LOG:  disconnection: session time: 0:00:00.001 user=Secret database=databasesecret host=[local]
2025-12-19 12:49:51 GMT [12406]: [1-1] user=[unknown],db=[unknown],app=[unknown],client=[local] LOG:  connection received: host=[local]
2025-12-19 12:49:51 GMT [12406]: [2-1] user=Secret,db=databasesecret,app=[unknown],client=[local] LOG:  connection authorized: user=Secret database=databasesecret application_name=pg_isready
2025-12-19 12:49:51 GMT [12406]: [3-1] user=Secret,db=databasesecret,app=pg_isready,client=[local] LOG:  disconnection: session time: 0:00:00.004 user=Secret database=databasesecret host=[local]
2025-12-19 12:50:01 GMT [12414]: [1-1] user=[unknown],db=[unknown],app=[unknown],client=[local] LOG:  connection received: host=[local]
2025-12-19 12:50:01 GMT [12414]: [2-1] user=Secret,db=databasesecret,app=[unknown],client=[local] LOG:  connection authorized: user=Secret database=databasesecret application_name=pg_isready
2025-12-19 12:50:01 GMT [12414]: [3-1] user=Secret,db=databasesecret,app=pg_isready,client=[local] LOG:  disconnection: session time: 0:00:00.002 user=Secret database=databasesecret host=[local]
2025-12-19 12:50:11 GMT [12422]: [1-1] user=[unknown],db=[unknown],app=[unknown],client=[local] LOG:  connection received: host=[local]
2025-12-19 12:50:11 GMT [12422]: [2-1] user=Secret,db=databasesecret,app=[unknown],client=[local] LOG:  connection authorized: user=Secret database=databasesecret application_name=pg_isready
2025-12-19 12:50:11 GMT [12422]: [3-1] user=Secret,db=databasesecret,app=pg_isready,client=[local] LOG:  disconnection: session time: 0:00:00.001 user=Secret database=databasesecret host=[local]
2025-12-19 12:50:21 GMT [12430]: [1-1] user=[unknown],db=[unknown],app=[unknown],client=[local] LOG:  connection received: host=[local]
2025-12-19 12:50:21 GMT [12430]: [2-1] user=Secret,db=databasesecret,app=[unknown],client=[local] LOG:  connection authorized: user=Secret database=databasesecret application_name=pg_isready
2025-12-19 12:50:21 GMT [12430]: [3-1] user=Secret,db=databasesecret,app=pg_isready,client=[local] LOG:  disconnection: session time: 0:00:00.001 user=Secret database=databasesecret host=[local]
2025-12-19 12:50:31 GMT [12439]: [1-1] user=[unknown],db=[unknown],app=[unknown],client=[local] LOG:  connection received: host=[local]
2025-12-19 12:50:31 GMT [12439]: [2-1] user=Secret,db=databasesecret,app=[unknown],client=[local] LOG:  connection authorized: user=Secret database=databasesecret application_name=pg_isready
2025-12-19 12:50:31 GMT [12439]: [3-1] user=Secret,db=databasesecret,app=pg_isready,client=[local] LOG:  disconnection: session time: 0:00:00.001 user=Secret database=databasesecret host=[local]
2025-12-19 12:50:42 GMT [12448]: [1-1] user=[unknown],db=[unknown],app=[unknown],client=[local] LOG:  connection received: host=[local]
2025-12-19 12:50:42 GMT [12448]: [2-1] user=Secret,db=databasesecret,app=[unknown],client=[local] LOG:  connection authorized: user=Secret database=databasesecret application_name=pg_isready
2025-12-19 12:50:42 GMT [12448]: [3-1] user=Secret,db=databasesecret,app=pg_isready,client=[local] LOG:  disconnection: session time: 0:00:00.001 user=Secret database=databasesecret host=[local]
2025-12-19 12:50:52 GMT [12456]: [1-1] user=[unknown],db=[unknown],app=[unknown],client=[local] LOG:  connection received: host=[local]
2025-12-19 12:50:52 GMT [12456]: [2-1] user=Secret,db=databasesecret,app=[unknown],client=[local] LOG:  connection authorized: user=Secret database=databasesecret application_name=pg_isready
2025-12-19 12:50:52 GMT [12456]: [3-1] user=Secret,db=databasesecret,app=pg_isready,client=[local] LOG:  disconnection: session time: 0:00:00.002 user=Secret database=databasesecret host=[local]
2025-12-19 12:51:02 GMT [12464]: [1-1] user=[unknown],db=[unknown],app=[unknown],client=[local] LOG:  connection received: host=[local]
2025-12-19 12:51:02 GMT [12464]: [2-1] user=Secret,db=databasesecret,app=[unknown],client=[local] LOG:  connection authorized: user=Secret database=databasesecret application_name=pg_isready
2025-12-19 12:51:02 GMT [12464]: [3-1] user=Secret,db=databasesecret,app=pg_isready,client=[local] LOG:  disconnection: session time: 0:00:00.002 user=Secret database=databasesecret host=[local]
2025-12-19 12:51:12 GMT [12472]: [1-1] user=[unknown],db=[unknown],app=[unknown],client=[local] LOG:  connection received: host=[local]
2025-12-19 12:51:12 GMT [12472]: [2-1] user=Secret,db=databasesecret,app=[unknown],client=[local] LOG:  connection authorized: user=Secret database=databasesecret application_name=pg_isready
2025-12-19 12:51:12 GMT [12472]: [3-1] user=Secret,db=databasesecret,app=pg_isready,client=[local] LOG:  disconnection: session time: 0:00:00.002 user=Secret database=databasesecret host=[local]
2025-12-19 12:51:22 GMT [12480]: [1-1] user=[unknown],db=[unknown],app=[unknown],client=[local] LOG:  connection received: host=[local]
2025-12-19 12:51:22 GMT [12480]: [2-1] user=Secret,db=databasesecret,app=[unknown],client=[local] LOG:  connection authorized: user=Secret database=databasesecret application_name=pg_isready
2025-12-19 12:51:22 GMT [12480]: [3-1] user=Secret,db=databasesecret,app=pg_isready,client=[local] LOG:  disconnection: session time: 0:00:00.001 user=Secret database=databasesecret host=[local]
2025-12-19 12:51:32 GMT [12489]: [1-1] user=[unknown],db=[unknown],app=[unknown],client=[local] LOG:  connection received: host=[local]
2025-12-19 12:51:32 GMT [12489]: [2-1] user=Secret,db=databasesecret,app=[unknown],client=[local] LOG:  connection authorized: user=Secret database=databasesecret application_name=pg_isready
2025-12-19 12:51:32 GMT [12489]: [3-1] user=Secret,db=databasesecret,app=pg_isready,client=[local] LOG:  disconnection: session time: 0:00:00.001 user=Secret database=databasesecret host=[local]
2025-12-19 12:51:42 GMT [12497]: [1-1] user=[unknown],db=[unknown],app=[unknown],client=[local] LOG:  connection received: host=[local]
2025-12-19 12:51:42 GMT [12497]: [2-1] user=Secret,db=databasesecret,app=[unknown],client=[local] LOG:  connection authorized: user=Secret database=databasesecret application_name=pg_isready
2025-12-19 12:51:42 GMT [12497]: [3-1] user=Secret,db=databasesecret,app=pg_isready,client=[local] LOG:  disconnection: session time: 0:00:00.001 user=Secret database=databasesecret host=[local]
2025-12-19 12:51:52 GMT [12505]: [1-1] user=[unknown],db=[unknown],app=[unknown],client=[local] LOG:  connection received: host=[local]
2025-12-19 12:51:52 GMT [12505]: [2-1] user=Secret,db=databasesecret,app=[unknown],client=[local] LOG:  connection authorized: user=Secret database=databasesecret application_name=pg_isready
2025-12-19 12:51:52 GMT [12505]: [3-1] user=Secret,db=databasesecret,app=pg_isready,client=[local] LOG:  disconnection: session time: 0:00:00.001 user=Secret database=databasesecret host=[local]
2025-12-19 12:52:02 GMT [12513]: [1-1] user=[unknown],db=[unknown],app=[unknown],client=[local] LOG:  connection received: host=[local]
2025-12-19 12:52:02 GMT [12513]: [2-1] user=Secret,db=databasesecret,app=[unknown],client=[local] LOG:  connection authorized: user=Secret database=databasesecret application_name=pg_isready
2025-12-19 12:52:02 GMT [12513]: [3-1] user=Secret,db=databasesecret,app=pg_isready,client=[local] LOG:  disconnection: session time: 0:00:00.001 user=Secret database=databasesecret host=[local]
2025-12-19 12:52:12 GMT [12521]: [1-1] user=[unknown],db=[unknown],app=[unknown],client=[local] LOG:  connection received: host=[local]
2025-12-19 12:52:12 GMT [12521]: [2-1] user=Secret,db=databasesecret,app=[unknown],client=[local] LOG:  connection authorized: user=Secret database=databasesecret application_name=pg_isready
2025-12-19 12:52:12 GMT [12521]: [3-1] user=Secret,db=databasesecret,app=pg_isready,client=[local] LOG:  disconnection: session time: 0:00:00.001 user=Secret database=databasesecret host=[local]
2025-12-19 12:52:23 GMT [12529]: [1-1] user=[unknown],db=[unknown],app=[unknown],client=[local] LOG:  connection received: host=[local]
2025-12-19 12:52:23 GMT [12529]: [2-1] user=Secret,db=databasesecret,app=[unknown],client=[local] LOG:  connection authorized: user=Secret database=databasesecret application_name=pg_isready
2025-12-19 12:52:23 GMT [12529]: [3-1] user=Secret,db=databasesecret,app=pg_isready,client=[local] LOG:  disconnection: session time: 0:00:00.001 user=Secret database=databasesecret host=[local]
2025-12-19 12:52:33 GMT [12538]: [1-1] user=[unknown],db=[unknown],app=[unknown],client=[local] LOG:  connection received: host=[local]
2025-12-19 12:52:33 GMT [12538]: [2-1] user=Secret,db=databasesecret,app=[unknown],client=[local] LOG:  connection authorized: user=Secret database=databasesecret application_name=pg_isready
2025-12-19 12:52:33 GMT [12538]: [3-1] user=Secret,db=databasesecret,app=pg_isready,client=[local] LOG:  disconnection: session time: 0:00:00.007 user=Secret database=databasesecret host=[local]
2025-12-19 12:52:43 GMT [12547]: [1-1] user=[unknown],db=[unknown],app=[unknown],client=[local] LOG:  connection received: host=[local]
2025-12-19 12:52:43 GMT [12547]: [2-1] user=Secret,db=databasesecret,app=[unknown],client=[local] LOG:  connection authorized: user=Secret database=databasesecret application_name=pg_isready
2025-12-19 12:52:43 GMT [12547]: [3-1] user=Secret,db=databasesecret,app=pg_isready,client=[local] LOG:  disconnection: session time: 0:00:00.001 user=Secret database=databasesecret host=[local]
2025-12-19 12:52:53 GMT [12555]: [1-1] user=[unknown],db=[unknown],app=[unknown],client=[local] LOG:  connection received: host=[local]
2025-12-19 12:52:53 GMT [12555]: [2-1] user=Secret,db=databasesecret,app=[unknown],client=[local] LOG:  connection authorized: user=Secret database=databasesecret application_name=pg_isready
2025-12-19 12:52:53 GMT [12555]: [3-1] user=Secret,db=databasesecret,app=pg_isready,client=[local] LOG:  disconnection: session time: 0:00:00.001 user=Secret database=databasesecret host=[local]
2025-12-19 12:53:04 GMT [12563]: [1-1] user=[unknown],db=[unknown],app=[unknown],client=[local] LOG:  connection received: host=[local]
2025-12-19 12:53:04 GMT [12563]: [2-1] user=Secret,db=databasesecret,app=[unknown],client=[local] LOG:  connection authorized: user=Secret database=databasesecret application_name=pg_isready
2025-12-19 12:53:04 GMT [12563]: [3-1] user=Secret,db=databasesecret,app=pg_isready,client=[local] LOG:  disconnection: session time: 0:00:00.002 user=Secret database=databasesecret host=[local]
2025-12-19 12:53:18 GMT [12570]: [1-1] user=[unknown],db=[unknown],app=[unknown],client=[local] LOG:  connection received: host=[local]
2025-12-19 12:53:18 GMT [12570]: [2-1] user=Secret,db=databasesecret,app=[unknown],client=[local] LOG:  connection authorized: user=Secret database=databasesecret application_name=pg_isready
2025-12-19 12:53:18 GMT [12570]: [3-1] user=Secret,db=databasesecret,app=pg_isready,client=[local] LOG:  disconnection: session time: 0:00:00.041 user=Secret database=databasesecret host=[local]
2025-12-19 12:53:28 GMT [12578]: [1-1] user=[unknown],db=[unknown],app=[unknown],client=[local] LOG:  connection received: host=[local]
2025-12-19 12:53:28 GMT [12578]: [2-1] user=Secret,db=databasesecret,app=[unknown],client=[local] LOG:  connection authorized: user=Secret database=databasesecret application_name=pg_isready
2025-12-19 12:53:28 GMT [12578]: [3-1] user=Secret,db=databasesecret,app=pg_isready,client=[local] LOG:  disconnection: session time: 0:00:00.001 user=Secret database=databasesecret host=[local]
2025-12-19 12:53:38 GMT [12587]: [1-1] user=[unknown],db=[unknown],app=[unknown],client=[local] LOG:  connection received: host=[local]
2025-12-19 12:53:38 GMT [12587]: [2-1] user=Secret,db=databasesecret,app=[unknown],client=[local] LOG:  connection authorized: user=Secret database=databasesecret application_name=pg_isready
2025-12-19 12:53:38 GMT [12587]: [3-1] user=Secret,db=databasesecret,app=pg_isready,client=[local] LOG:  disconnection: session time: 0:00:00.001 user=Secret database=databasesecret host=[local]
2025-12-19 12:53:48 GMT [12595]: [1-1] user=[unknown],db=[unknown],app=[unknown],client=[local] LOG:  connection received: host=[local]
2025-12-19 12:53:48 GMT [12595]: [2-1] user=Secret,db=databasesecret,app=[unknown],client=[local] LOG:  connection authorized: user=Secret database=databasesecret application_name=pg_isready
2025-12-19 12:53:48 GMT [12595]: [3-1] user=Secret,db=databasesecret,app=pg_isready,client=[local] LOG:  disconnection: session time: 0:00:00.006 user=Secret database=databasesecret host=[local]
2025-12-19 12:53:58 GMT [12603]: [1-1] user=[unknown],db=[unknown],app=[unknown],client=[local] LOG:  connection received: host=[local]
2025-12-19 12:53:58 GMT [12603]: [2-1] user=Secret,db=databasesecret,app=[unknown],client=[local] LOG:  connection authorized: user=Secret database=databasesecret application_name=pg_isready
2025-12-19 12:53:58 GMT [12603]: [3-1] user=Secret,db=databasesecret,app=pg_isready,client=[local] LOG:  disconnection: session time: 0:00:00.001 user=Secret database=databasesecret host=[local]
2025-12-19 12:54:08 GMT [12611]: [1-1] user=[unknown],db=[unknown],app=[unknown],client=[local] LOG:  connection received: host=[local]
2025-12-19 12:54:08 GMT [12611]: [2-1] user=Secret,db=databasesecret,app=[unknown],client=[local] LOG:  connection authorized: user=Secret database=databasesecret application_name=pg_isready
2025-12-19 12:54:08 GMT [12611]: [3-1] user=Secret,db=databasesecret,app=pg_isready,client=[local] LOG:  disconnection: session time: 0:00:00.001 user=Secret database=databasesecret host=[local]
2025-12-19 12:54:18 GMT [12619]: [1-1] user=[unknown],db=[unknown],app=[unknown],client=[local] LOG:  connection received: host=[local]
2025-12-19 12:54:18 GMT [12619]: [2-1] user=Secret,db=databasesecret,app=[unknown],client=[local] LOG:  connection authorized: user=Secret database=databasesecret application_name=pg_isready
2025-12-19 12:54:18 GMT [12619]: [3-1] user=Secret,db=databasesecret,app=pg_isready,client=[local] LOG:  disconnection: session time: 0:00:00.001 user=Secret database=databasesecret host=[local]
2025-12-19 12:54:28 GMT [12627]: [1-1] user=[unknown],db=[unknown],app=[unknown],client=[local] LOG:  connection received: host=[local]
2025-12-19 12:54:28 GMT [12627]: [2-1] user=Secret,db=databasesecret,app=[unknown],client=[local] LOG:  connection authorized: user=Secret database=databasesecret application_name=pg_isready
2025-12-19 12:54:28 GMT [12627]: [3-1] user=Secret,db=databasesecret,app=pg_isready,client=[local] LOG:  disconnection: session time: 0:00:00.003 user=Secret database=databasesecret host=[local]
2025-12-19 12:54:38 GMT [12636]: [1-1] user=[unknown],db=[unknown],app=[unknown],client=[local] LOG:  connection received: host=[local]
2025-12-19 12:54:38 GMT [12636]: [2-1] user=Secret,db=databasesecret,app=[unknown],client=[local] LOG:  connection authorized: user=Secret database=databasesecret application_name=pg_isready
2025-12-19 12:54:38 GMT [12636]: [3-1] user=Secret,db=databasesecret,app=pg_isready,client=[local] LOG:  disconnection: session time: 0:00:00.001 user=Secret database=databasesecret host=[local]
2025-12-19 12:54:49 GMT [12644]: [1-1] user=[unknown],db=[unknown],app=[unknown],client=[local] LOG:  connection received: host=[local]
2025-12-19 12:54:49 GMT [12644]: [2-1] user=Secret,db=databasesecret,app=[unknown],client=[local] LOG:  connection authorized: user=Secret database=databasesecret application_name=pg_isready
2025-12-19 12:54:49 GMT [12644]: [3-1] user=Secret,db=databasesecret,app=pg_isready,client=[local] LOG:  disconnection: session time: 0:00:00.010 user=Secret database=databasesecret host=[local]
2025-12-19 12:54:59 GMT [12652]: [1-1] user=[unknown],db=[unknown],app=[unknown],client=[local] LOG:  connection received: host=[local]
2025-12-19 12:54:59 GMT [12652]: [2-1] user=Secret,db=databasesecret,app=[unknown],client=[local] LOG:  connection authorized: user=Secret database=databasesecret application_name=pg_isready
2025-12-19 12:54:59 GMT [12652]: [3-1] user=Secret,db=databasesecret,app=pg_isready,client=[local] LOG:  disconnection: session time: 0:00:00.024 user=Secret database=databasesecret host=[local]
2025-12-19 12:55:09 GMT [12660]: [1-1] user=[unknown],db=[unknown],app=[unknown],client=[local] LOG:  connection received: host=[local]
2025-12-19 12:55:09 GMT [12660]: [2-1] user=Secret,db=databasesecret,app=[unknown],client=[local] LOG:  connection authorized: user=Secret database=databasesecret application_name=pg_isready
2025-12-19 12:55:09 GMT [12660]: [3-1] user=Secret,db=databasesecret,app=pg_isready,client=[local] LOG:  disconnection: session time: 0:00:00.005 user=Secret database=databasesecret host=[local]
2025-12-19 12:55:19 GMT [12668]: [1-1] user=[unknown],db=[unknown],app=[unknown],client=[local] LOG:  connection received: host=[local]
2025-12-19 12:55:19 GMT [12668]: [2-1] user=Secret,db=databasesecret,app=[unknown],client=[local] LOG:  connection authorized: user=Secret database=databasesecret application_name=pg_isready
2025-12-19 12:55:19 GMT [12668]: [3-1] user=Secret,db=databasesecret,app=pg_isready,client=[local] LOG:  disconnection: session time: 0:00:00.001 user=Secret database=databasesecret host=[local]
2025-12-19 12:55:29 GMT [12676]: [1-1] user=[unknown],db=[unknown],app=[unknown],client=[local] LOG:  connection received: host=[local]
2025-12-19 12:55:29 GMT [12676]: [2-1] user=Secret,db=databasesecret,app=[unknown],client=[local] LOG:  connection authorized: user=Secret database=databasesecret application_name=pg_isready
2025-12-19 12:55:29 GMT [12676]: [3-1] user=Secret,db=databasesecret,app=pg_isready,client=[local] LOG:  disconnection: session time: 0:00:00.005 user=Secret database=databasesecret host=[local]
2025-12-19 12:55:39 GMT [12685]: [1-1] user=[unknown],db=[unknown],app=[unknown],client=[local] LOG:  connection received: host=[local]
2025-12-19 12:55:39 GMT [12685]: [2-1] user=Secret,db=databasesecret,app=[unknown],client=[local] LOG:  connection authorized: user=Secret database=databasesecret application_name=pg_isready
2025-12-19 12:55:39 GMT [12685]: [3-1] user=Secret,db=databasesecret,app=pg_isready,client=[local] LOG:  disconnection: session time: 0:00:00.002 user=Secret database=databasesecret host=[local]
2025-12-19 12:55:49 GMT [12693]: [1-1] user=[unknown],db=[unknown],app=[unknown],client=[local] LOG:  connection received: host=[local]
2025-12-19 12:55:49 GMT [12693]: [2-1] user=Secret,db=databasesecret,app=[unknown],client=[local] LOG:  connection authorized: user=Secret database=databasesecret application_name=pg_isready
2025-12-19 12:55:49 GMT [12693]: [3-1] user=Secret,db=databasesecret,app=pg_isready,client=[local] LOG:  disconnection: session time: 0:00:00.001 user=Secret database=databasesecret host=[local]
2025-12-19 12:56:00 GMT [12701]: [1-1] user=[unknown],db=[unknown],app=[unknown],client=[local] LOG:  connection received: host=[local]
2025-12-19 12:56:00 GMT [12701]: [2-1] user=Secret,db=databasesecret,app=[unknown],client=[local] LOG:  connection authorized: user=Secret database=databasesecret application_name=pg_isready
2025-12-19 12:56:00 GMT [12701]: [3-1] user=Secret,db=databasesecret,app=pg_isready,client=[local] LOG:  disconnection: session time: 0:00:00.002 user=Secret database=databasesecret host=[local]
2025-12-19 12:56:10 GMT [12709]: [1-1] user=[unknown],db=[unknown],app=[unknown],client=[local] LOG:  connection received: host=[local]
2025-12-19 12:56:10 GMT [12709]: [2-1] user=Secret,db=databasesecret,app=[unknown],client=[local] LOG:  connection authorized: user=Secret database=databasesecret application_name=pg_isready
2025-12-19 12:56:10 GMT [12709]: [3-1] user=Secret,db=databasesecret,app=pg_isready,client=[local] LOG:  disconnection: session time: 0:00:00.001 user=Secret database=databasesecret host=[local]
2025-12-19 12:56:20 GMT [12718]: [1-1] user=[unknown],db=[unknown],app=[unknown],client=[local] LOG:  connection received: host=[local]
2025-12-19 12:56:20 GMT [12718]: [2-1] user=Secret,db=databasesecret,app=[unknown],client=[local] LOG:  connection authorized: user=Secret database=databasesecret application_name=pg_isready
2025-12-19 12:56:20 GMT [12718]: [3-1] user=Secret,db=databasesecret,app=pg_isready,client=[local] LOG:  disconnection: session time: 0:00:00.002 user=Secret database=databasesecret host=[local]
2025-12-19 12:56:30 GMT [12726]: [1-1] user=[unknown],db=[unknown],app=[unknown],client=[local] LOG:  connection received: host=[local]
2025-12-19 12:56:30 GMT [12726]: [2-1] user=Secret,db=databasesecret,app=[unknown],client=[local] LOG:  connection authorized: user=Secret database=databasesecret application_name=pg_isready
2025-12-19 12:56:30 GMT [12726]: [3-1] user=Secret,db=databasesecret,app=pg_isready,client=[local] LOG:  disconnection: session time: 0:00:00.002 user=Secret database=databasesecret host=[local]
2025-12-19 12:56:40 GMT [12735]: [1-1] user=[unknown],db=[unknown],app=[unknown],client=[local] LOG:  connection received: host=[local]
2025-12-19 12:56:40 GMT [12735]: [2-1] user=Secret,db=databasesecret,app=[unknown],client=[local] LOG:  connection authorized: user=Secret database=databasesecret application_name=pg_isready
2025-12-19 12:56:40 GMT [12735]: [3-1] user=Secret,db=databasesecret,app=pg_isready,client=[local] LOG:  disconnection: session time: 0:00:00.001 user=Secret database=databasesecret host=[local]
2025-12-19 12:56:52 GMT [12743]: [1-1] user=[unknown],db=[unknown],app=[unknown],client=[local] LOG:  connection received: host=[local]
2025-12-19 12:56:52 GMT [12743]: [2-1] user=Secret,db=databasesecret,app=[unknown],client=[local] LOG:  connection authorized: user=Secret database=databasesecret application_name=pg_isready
2025-12-19 12:56:52 GMT [12743]: [3-1] user=Secret,db=databasesecret,app=pg_isready,client=[local] LOG:  disconnection: session time: 0:00:00.001 user=Secret database=databasesecret host=[local]
2025-12-19 12:57:02 GMT [12751]: [1-1] user=[unknown],db=[unknown],app=[unknown],client=[local] LOG:  connection received: host=[local]
2025-12-19 12:57:02 GMT [12751]: [2-1] user=Secret,db=databasesecret,app=[unknown],client=[local] LOG:  connection authorized: user=Secret database=databasesecret application_name=pg_isready
2025-12-19 12:57:02 GMT [12751]: [3-1] user=Secret,db=databasesecret,app=pg_isready,client=[local] LOG:  disconnection: session time: 0:00:00.001 user=Secret database=databasesecret host=[local]
2025-12-19 12:57:12 GMT [12759]: [1-1] user=[unknown],db=[unknown],app=[unknown],client=[local] LOG:  connection received: host=[local]
2025-12-19 12:57:12 GMT [12759]: [2-1] user=Secret,db=databasesecret,app=[unknown],client=[local] LOG:  connection authorized: user=Secret database=databasesecret application_name=pg_isready
2025-12-19 12:57:12 GMT [12759]: [3-1] user=Secret,db=databasesecret,app=pg_isready,client=[local] LOG:  disconnection: session time: 0:00:00.001 user=Secret database=databasesecret host=[local]
2025-12-19 12:57:23 GMT [12767]: [1-1] user=[unknown],db=[unknown],app=[unknown],client=[local] LOG:  connection received: host=[local]
2025-12-19 12:57:23 GMT [12767]: [2-1] user=Secret,db=databasesecret,app=[unknown],client=[local] LOG:  connection authorized: user=Secret database=databasesecret application_name=pg_isready
2025-12-19 12:57:23 GMT [12767]: [3-1] user=Secret,db=databasesecret,app=pg_isready,client=[local] LOG:  disconnection: session time: 0:00:00.001 user=Secret database=databasesecret host=[local]
2025-12-19 12:57:33 GMT [12776]: [1-1] user=[unknown],db=[unknown],app=[unknown],client=[local] LOG:  connection received: host=[local]
2025-12-19 12:57:33 GMT [12776]: [2-1] user=Secret,db=databasesecret,app=[unknown],client=[local] LOG:  connection authorized: user=Secret database=databasesecret application_name=pg_isready
2025-12-19 12:57:33 GMT [12776]: [3-1] user=Secret,db=databasesecret,app=pg_isready,client=[local] LOG:  disconnection: session time: 0:00:00.001 user=Secret database=databasesecret host=[local]
2025-12-19 12:57:44 GMT [12785]: [1-1] user=[unknown],db=[unknown],app=[unknown],client=[local] LOG:  connection received: host=[local]
2025-12-19 12:57:44 GMT [12785]: [2-1] user=Secret,db=databasesecret,app=[unknown],client=[local] LOG:  connection authorized: user=Secret database=databasesecret application_name=pg_isready
2025-12-19 12:57:44 GMT [12785]: [3-1] user=Secret,db=databasesecret,app=pg_isready,client=[local] LOG:  disconnection: session time: 0:00:00.001 user=Secret database=databasesecret host=[local]
2025-12-19 12:57:54 GMT [12793]: [1-1] user=[unknown],db=[unknown],app=[unknown],client=[local] LOG:  connection received: host=[local]
2025-12-19 12:57:54 GMT [12793]: [2-1] user=Secret,db=databasesecret,app=[unknown],client=[local] LOG:  connection authorized: user=Secret database=databasesecret application_name=pg_isready
2025-12-19 12:57:54 GMT [12793]: [3-1] user=Secret,db=databasesecret,app=pg_isready,client=[local] LOG:  disconnection: session time: 0:00:00.001 user=Secret database=databasesecret host=[local]
2025-12-19 12:58:05 GMT [12801]: [1-1] user=[unknown],db=[unknown],app=[unknown],client=[local] LOG:  connection received: host=[local]
2025-12-19 12:58:05 GMT [12801]: [2-1] user=Secret,db=databasesecret,app=[unknown],client=[local] LOG:  connection authorized: user=Secret database=databasesecret application_name=pg_isready
2025-12-19 12:58:05 GMT [12801]: [3-1] user=Secret,db=databasesecret,app=pg_isready,client=[local] LOG:  disconnection: session time: 0:00:00.002 user=Secret database=databasesecret host=[local]
2025-12-19 12:58:15 GMT [12809]: [1-1] user=[unknown],db=[unknown],app=[unknown],client=[local] LOG:  connection received: host=[local]
2025-12-19 12:58:15 GMT [12809]: [2-1] user=Secret,db=databasesecret,app=[unknown],client=[local] LOG:  connection authorized: user=Secret database=databasesecret application_name=pg_isready
2025-12-19 12:58:15 GMT [12809]: [3-1] user=Secret,db=databasesecret,app=pg_isready,client=[local] LOG:  disconnection: session time: 0:00:00.001 user=Secret database=databasesecret host=[local]
2025-12-19 12:58:26 GMT [12817]: [1-1] user=[unknown],db=[unknown],app=[unknown],client=[local] LOG:  connection received: host=[local]
2025-12-19 12:58:26 GMT [12817]: [2-1] user=Secret,db=databasesecret,app=[unknown],client=[local] LOG:  connection authorized: user=Secret database=databasesecret application_name=pg_isready
2025-12-19 12:58:26 GMT [12817]: [3-1] user=Secret,db=databasesecret,app=pg_isready,client=[local] LOG:  disconnection: session time: 0:00:00.001 user=Secret database=databasesecret host=[local]
2025-12-19 12:58:36 GMT [12825]: [1-1] user=[unknown],db=[unknown],app=[unknown],client=[local] LOG:  connection received: host=[local]
2025-12-19 12:58:36 GMT [12825]: [2-1] user=Secret,db=databasesecret,app=[unknown],client=[local] LOG:  connection authorized: user=Secret database=databasesecret application_name=pg_isready
2025-12-19 12:58:36 GMT [12825]: [3-1] user=Secret,db=databasesecret,app=pg_isready,client=[local] LOG:  disconnection: session time: 0:00:00.001 user=Secret database=databasesecret host=[local]
2025-12-19 12:58:46 GMT [12835]: [1-1] user=[unknown],db=[unknown],app=[unknown],client=[local] LOG:  connection received: host=[local]
2025-12-19 12:58:46 GMT [12835]: [2-1] user=Secret,db=databasesecret,app=[unknown],client=[local] LOG:  connection authorized: user=Secret database=databasesecret application_name=pg_isready
2025-12-19 12:58:46 GMT [12835]: [3-1] user=Secret,db=databasesecret,app=pg_isready,client=[local] LOG:  disconnection: session time: 0:00:00.001 user=Secret database=databasesecret host=[local]
2025-12-19 12:58:58 GMT [12843]: [1-1] user=[unknown],db=[unknown],app=[unknown],client=[local] LOG:  connection received: host=[local]
2025-12-19 12:58:58 GMT [12843]: [2-1] user=Secret,db=databasesecret,app=[unknown],client=[local] LOG:  connection authorized: user=Secret database=databasesecret application_name=pg_isready
2025-12-19 12:58:58 GMT [12843]: [3-1] user=Secret,db=databasesecret,app=pg_isready,client=[local] LOG:  disconnection: session time: 0:00:00.001 user=Secret database=databasesecret host=[local]
2025-12-19 12:59:08 GMT [12851]: [1-1] user=[unknown],db=[unknown],app=[unknown],client=[local] LOG:  connection received: host=[local]
2025-12-19 12:59:08 GMT [12851]: [2-1] user=Secret,db=databasesecret,app=[unknown],client=[local] LOG:  connection authorized: user=Secret database=databasesecret application_name=pg_isready
2025-12-19 12:59:08 GMT [12851]: [3-1] user=Secret,db=databasesecret,app=pg_isready,client=[local] LOG:  disconnection: session time: 0:00:00.001 user=Secret database=databasesecret host=[local]
2025-12-19 12:59:18 GMT [12859]: [1-1] user=[unknown],db=[unknown],app=[unknown],client=[local] LOG:  connection received: host=[local]
2025-12-19 12:59:18 GMT [12859]: [2-1] user=Secret,db=databasesecret,app=[unknown],client=[local] LOG:  connection authorized: user=Secret database=databasesecret application_name=pg_isready
2025-12-19 12:59:18 GMT [12859]: [3-1] user=Secret,db=databasesecret,app=pg_isready,client=[local] LOG:  disconnection: session time: 0:00:00.002 user=Secret database=databasesecret host=[local]
2025-12-19 13:17:35 GMT [12867]: [1-1] user=[unknown],db=[unknown],app=[unknown],client=[local] LOG:  connection received: host=[local]
2025-12-19 13:17:36 GMT [12867]: [2-1] user=Secret,db=databasesecret,app=[unknown],client=[local] LOG:  connection authorized: user=Secret database=databasesecret application_name=pg_isready
2025-12-19 13:17:36 GMT [12867]: [3-1] user=Secret,db=databasesecret,app=pg_isready,client=[local] LOG:  disconnection: session time: 0:00:00.552 user=Secret database=databasesecret host=[local]
2025-12-19 13:19:17 GMT [12876]: [1-1] user=[unknown],db=[unknown],app=[unknown],client=[local] LOG:  connection received: host=[local]
2025-12-19 13:19:17 GMT [12876]: [2-1] user=Secret,db=databasesecret,app=[unknown],client=[local] LOG:  connection authorized: user=Secret database=databasesecret application_name=pg_isready
2025-12-19 13:19:17 GMT [12876]: [3-1] user=Secret,db=databasesecret,app=pg_isready,client=[local] LOG:  disconnection: session time: 0:00:00.002 user=Secret database=databasesecret host=[local]
2025-12-19 13:19:27 GMT [12884]: [1-1] user=[unknown],db=[unknown],app=[unknown],client=[local] LOG:  connection received: host=[local]
2025-12-19 13:19:27 GMT [12884]: [2-1] user=Secret,db=databasesecret,app=[unknown],client=[local] LOG:  connection authorized: user=Secret database=databasesecret application_name=pg_isready
2025-12-19 13:19:27 GMT [12884]: [3-1] user=Secret,db=databasesecret,app=pg_isready,client=[local] LOG:  disconnection: session time: 0:00:00.002 user=Secret database=databasesecret host=[local]
2025-12-19 13:19:37 GMT [12892]: [1-1] user=[unknown],db=[unknown],app=[unknown],client=[local] LOG:  connection received: host=[local]
2025-12-19 13:19:37 GMT [12892]: [2-1] user=Secret,db=databasesecret,app=[unknown],client=[local] LOG:  connection authorized: user=Secret database=databasesecret application_name=pg_isready
2025-12-19 13:19:37 GMT [12892]: [3-1] user=Secret,db=databasesecret,app=pg_isready,client=[local] LOG:  disconnection: session time: 0:00:00.002 user=Secret database=databasesecret host=[local]
2025-12-19 13:19:48 GMT [12900]: [1-1] user=[unknown],db=[unknown],app=[unknown],client=[local] LOG:  connection received: host=[local]
2025-12-19 13:19:48 GMT [12900]: [2-1] user=Secret,db=databasesecret,app=[unknown],client=[local] LOG:  connection authorized: user=Secret database=databasesecret application_name=pg_isready
2025-12-19 13:19:48 GMT [12900]: [3-1] user=Secret,db=databasesecret,app=pg_isready,client=[local] LOG:  disconnection: session time: 0:00:00.002 user=Secret database=databasesecret host=[local]
2025-12-19 13:19:58 GMT [12908]: [1-1] user=[unknown],db=[unknown],app=[unknown],client=[local] LOG:  connection received: host=[local]
2025-12-19 13:19:58 GMT [12908]: [2-1] user=Secret,db=databasesecret,app=[unknown],client=[local] LOG:  connection authorized: user=Secret database=databasesecret application_name=pg_isready
2025-12-19 13:19:58 GMT [12908]: [3-1] user=Secret,db=databasesecret,app=pg_isready,client=[local] LOG:  disconnection: session time: 0:00:00.002 user=Secret database=databasesecret host=[local]
2025-12-19 13:20:08 GMT [12916]: [1-1] user=[unknown],db=[unknown],app=[unknown],client=[local] LOG:  connection received: host=[local]
2025-12-19 13:20:08 GMT [12916]: [2-1] user=Secret,db=databasesecret,app=[unknown],client=[local] LOG:  connection authorized: user=Secret database=databasesecret application_name=pg_isready
2025-12-19 13:20:08 GMT [12916]: [3-1] user=Secret,db=databasesecret,app=pg_isready,client=[local] LOG:  disconnection: session time: 0:00:00.003 user=Secret database=databasesecret host=[local]
2025-12-19 13:20:18 GMT [12925]: [1-1] user=[unknown],db=[unknown],app=[unknown],client=[local] LOG:  connection received: host=[local]
2025-12-19 13:20:18 GMT [12925]: [2-1] user=Secret,db=databasesecret,app=[unknown],client=[local] LOG:  connection authorized: user=Secret database=databasesecret application_name=pg_isready
2025-12-19 13:20:18 GMT [12925]: [3-1] user=Secret,db=databasesecret,app=pg_isready,client=[local] LOG:  disconnection: session time: 0:00:00.002 user=Secret database=databasesecret host=[local]
2025-12-19 13:20:28 GMT [12933]: [1-1] user=[unknown],db=[unknown],app=[unknown],client=[local] LOG:  connection received: host=[local]
2025-12-19 13:20:28 GMT [12933]: [2-1] user=Secret,db=databasesecret,app=[unknown],client=[local] LOG:  connection authorized: user=Secret database=databasesecret application_name=pg_isready
2025-12-19 13:20:28 GMT [12933]: [3-1] user=Secret,db=databasesecret,app=pg_isready,client=[local] LOG:  disconnection: session time: 0:00:00.002 user=Secret database=databasesecret host=[local]
2025-12-19 13:20:38 GMT [12941]: [1-1] user=[unknown],db=[unknown],app=[unknown],client=[local] LOG:  connection received: host=[local]
2025-12-19 13:20:38 GMT [12941]: [2-1] user=Secret,db=databasesecret,app=[unknown],client=[local] LOG:  connection authorized: user=Secret database=databasesecret application_name=pg_isready
2025-12-19 13:20:38 GMT [12941]: [3-1] user=Secret,db=databasesecret,app=pg_isready,client=[local] LOG:  disconnection: session time: 0:00:00.002 user=Secret database=databasesecret host=[local]
2025-12-19 13:20:49 GMT [12949]: [1-1] user=[unknown],db=[unknown],app=[unknown],client=[local] LOG:  connection received: host=[local]
2025-12-19 13:20:49 GMT [12949]: [2-1] user=Secret,db=databasesecret,app=[unknown],client=[local] LOG:  connection authorized: user=Secret database=databasesecret application_name=pg_isready
2025-12-19 13:20:49 GMT [12949]: [3-1] user=Secret,db=databasesecret,app=pg_isready,client=[local] LOG:  disconnection: session time: 0:00:00.001 user=Secret database=databasesecret host=[local]
2025-12-19 13:20:59 GMT [12957]: [1-1] user=[unknown],db=[unknown],app=[unknown],client=[local] LOG:  connection received: host=[local]
2025-12-19 13:20:59 GMT [12957]: [2-1] user=Secret,db=databasesecret,app=[unknown],client=[local] LOG:  connection authorized: user=Secret database=databasesecret application_name=pg_isready
2025-12-19 13:20:59 GMT [12957]: [3-1] user=Secret,db=databasesecret,app=pg_isready,client=[local] LOG:  disconnection: session time: 0:00:00.001 user=Secret database=databasesecret host=[local]
2025-12-19 13:21:04 GMT [1]: [8-1] user=,db=,app=,client= LOG:  received fast shutdown request
2025-12-19 13:21:04 GMT [1]: [9-1] user=,db=,app=,client= LOG:  aborting any active transactions
2025-12-19 13:21:04 GMT [1]: [10-1] user=,db=,app=,client= LOG:  background worker "logical replication launcher" (PID 37) exited with exit code 1
2025-12-19 13:21:04 GMT [28]: [3-1] user=,db=,app=,client= LOG:  shutting down
2025-12-19 13:21:04 GMT [28]: [4-1] user=,db=,app=,client= LOG:  checkpoint starting: shutdown immediate
2025-12-19 13:21:04 GMT [28]: [5-1] user=,db=,app=,client= LOG:  checkpoint complete: wrote 0 buffers (0.0%); 0 WAL file(s) added, 0 removed, 0 recycled; write=0.011 s, sync=0.001 s, total=0.027 s; sync files=0, longest=0.000 s, average=0.000 s; distance=0 kB, estimate=0 kB
2025-12-19 13:21:04 GMT [1]: [11-1] user=,db=,app=,client= LOG:  database system is shut down
